{
  "dataset_revision": "main",
  "task_name": "MIRACLRetrieval",
  "mteb_version": "1.14.15",
  "scores": {
    "dev": [
      {
        "hf_subset": "ko",
        "languages": [
          "kor-Kore"
        ],
        "main_score": 0.70146,
        "map_at_1": 0.42297,
        "map_at_10": 0.61161,
        "map_at_100": 0.63802,
        "map_at_1000": 0.63844,
        "map_at_20": 0.62969,
        "map_at_3": 0.53676,
        "map_at_5": 0.57778,
        "mrr_at_1": 0.671362,
        "mrr_at_10": 0.765934,
        "mrr_at_100": 0.768312,
        "mrr_at_1000": 0.768349,
        "mrr_at_20": 0.767671,
        "mrr_at_3": 0.751174,
        "mrr_at_5": 0.761268,
        "nauc_map_at_1000_diff1": 0.286068,
        "nauc_map_at_1000_max": 0.24162,
        "nauc_map_at_1000_std": -0.120059,
        "nauc_map_at_100_diff1": 0.286129,
        "nauc_map_at_100_max": 0.241476,
        "nauc_map_at_100_std": -0.120005,
        "nauc_map_at_10_diff1": 0.291054,
        "nauc_map_at_10_max": 0.220637,
        "nauc_map_at_10_std": -0.175555,
        "nauc_map_at_1_diff1": 0.373123,
        "nauc_map_at_1_max": 0.09201,
        "nauc_map_at_1_std": -0.301466,
        "nauc_map_at_20_diff1": 0.288311,
        "nauc_map_at_20_max": 0.238026,
        "nauc_map_at_20_std": -0.133457,
        "nauc_map_at_3_diff1": 0.33425,
        "nauc_map_at_3_max": 0.158727,
        "nauc_map_at_3_std": -0.268846,
        "nauc_map_at_5_diff1": 0.298397,
        "nauc_map_at_5_max": 0.187029,
        "nauc_map_at_5_std": -0.211459,
        "nauc_mrr_at_1000_diff1": 0.27343,
        "nauc_mrr_at_1000_max": 0.362153,
        "nauc_mrr_at_1000_std": 0.039975,
        "nauc_mrr_at_100_diff1": 0.273348,
        "nauc_mrr_at_100_max": 0.362157,
        "nauc_mrr_at_100_std": 0.04007,
        "nauc_mrr_at_10_diff1": 0.274826,
        "nauc_mrr_at_10_max": 0.366352,
        "nauc_mrr_at_10_std": 0.036866,
        "nauc_mrr_at_1_diff1": 0.294813,
        "nauc_mrr_at_1_max": 0.292641,
        "nauc_mrr_at_1_std": -0.027831,
        "nauc_mrr_at_20_diff1": 0.273095,
        "nauc_mrr_at_20_max": 0.363586,
        "nauc_mrr_at_20_std": 0.041568,
        "nauc_mrr_at_3_diff1": 0.269189,
        "nauc_mrr_at_3_max": 0.360114,
        "nauc_mrr_at_3_std": 0.035693,
        "nauc_mrr_at_5_diff1": 0.278236,
        "nauc_mrr_at_5_max": 0.36655,
        "nauc_mrr_at_5_std": 0.041561,
        "nauc_ndcg_at_1000_diff1": 0.270084,
        "nauc_ndcg_at_1000_max": 0.314325,
        "nauc_ndcg_at_1000_std": -0.013228,
        "nauc_ndcg_at_100_diff1": 0.269142,
        "nauc_ndcg_at_100_max": 0.314991,
        "nauc_ndcg_at_100_std": -0.00699,
        "nauc_ndcg_at_10_diff1": 0.275916,
        "nauc_ndcg_at_10_max": 0.283376,
        "nauc_ndcg_at_10_std": -0.110799,
        "nauc_ndcg_at_1_diff1": 0.294813,
        "nauc_ndcg_at_1_max": 0.292641,
        "nauc_ndcg_at_1_std": -0.027831,
        "nauc_ndcg_at_20_diff1": 0.271917,
        "nauc_ndcg_at_20_max": 0.311043,
        "nauc_ndcg_at_20_std": -0.032507,
        "nauc_ndcg_at_3_diff1": 0.297193,
        "nauc_ndcg_at_3_max": 0.244335,
        "nauc_ndcg_at_3_std": -0.112856,
        "nauc_ndcg_at_5_diff1": 0.276192,
        "nauc_ndcg_at_5_max": 0.246321,
        "nauc_ndcg_at_5_std": -0.102772,
        "nauc_precision_at_1000_diff1": -0.218129,
        "nauc_precision_at_1000_max": 0.141069,
        "nauc_precision_at_1000_std": 0.481737,
        "nauc_precision_at_100_diff1": -0.21204,
        "nauc_precision_at_100_max": 0.157831,
        "nauc_precision_at_100_std": 0.502175,
        "nauc_precision_at_10_diff1": -0.200721,
        "nauc_precision_at_10_max": 0.232633,
        "nauc_precision_at_10_std": 0.450102,
        "nauc_precision_at_1_diff1": 0.294813,
        "nauc_precision_at_1_max": 0.292641,
        "nauc_precision_at_1_std": -0.027831,
        "nauc_precision_at_20_diff1": -0.205164,
        "nauc_precision_at_20_max": 0.197716,
        "nauc_precision_at_20_std": 0.499542,
        "nauc_precision_at_3_diff1": -0.107312,
        "nauc_precision_at_3_max": 0.271098,
        "nauc_precision_at_3_std": 0.282773,
        "nauc_precision_at_5_diff1": -0.202684,
        "nauc_precision_at_5_max": 0.231398,
        "nauc_precision_at_5_std": 0.402339,
        "nauc_recall_at_1000_diff1": 0.362533,
        "nauc_recall_at_1000_max": 0.860096,
        "nauc_recall_at_1000_std": 0.810335,
        "nauc_recall_at_100_diff1": 0.211838,
        "nauc_recall_at_100_max": 0.480291,
        "nauc_recall_at_100_std": 0.424326,
        "nauc_recall_at_10_diff1": 0.221203,
        "nauc_recall_at_10_max": 0.274941,
        "nauc_recall_at_10_std": -0.182267,
        "nauc_recall_at_1_diff1": 0.373123,
        "nauc_recall_at_1_max": 0.09201,
        "nauc_recall_at_1_std": -0.301466,
        "nauc_recall_at_20_diff1": 0.210364,
        "nauc_recall_at_20_max": 0.380587,
        "nauc_recall_at_20_std": 0.116501,
        "nauc_recall_at_3_diff1": 0.325125,
        "nauc_recall_at_3_max": 0.154961,
        "nauc_recall_at_3_std": -0.287887,
        "nauc_recall_at_5_diff1": 0.259254,
        "nauc_recall_at_5_max": 0.195396,
        "nauc_recall_at_5_std": -0.196396,
        "ndcg_at_1": 0.67136,
        "ndcg_at_10": 0.70146,
        "ndcg_at_100": 0.75433,
        "ndcg_at_1000": 0.75993,
        "ndcg_at_20": 0.73002,
        "ndcg_at_3": 0.65453,
        "ndcg_at_5": 0.66807,
        "precision_at_1": 0.67136,
        "precision_at_10": 0.18122,
        "precision_at_100": 0.02451,
        "precision_at_1000": 0.00255,
        "precision_at_20": 0.10587,
        "precision_at_3": 0.39124,
        "precision_at_5": 0.29108,
        "recall_at_1": 0.42297,
        "recall_at_10": 0.792,
        "recall_at_100": 0.95456,
        "recall_at_1000": 0.98732,
        "recall_at_20": 0.86726,
        "recall_at_3": 0.59949,
        "recall_at_5": 0.68371
      }
    ]
  },
  "evaluation_time": 25134.013629198074,
  "kg_co2_emissions": null
}