{
  "dataset_revision": "fc24a3ce8f09746410daee3d5cd823ff7a0675b7",
  "task_name": "MrTidyRetrieval",
  "mteb_version": "1.14.15",
  "scores": {
    "test": [
      {
        "hf_subset": "korean",
        "languages": [
          "kor-Kore"
        ],
        "main_score": 0.64708,
        "map_at_1": 0.47823,
        "map_at_10": 0.59078,
        "map_at_100": 0.59938,
        "map_at_1000": 0.59956,
        "map_at_20": 0.59711,
        "map_at_3": 0.56182,
        "map_at_5": 0.57697,
        "mrr_at_1": 0.52019,
        "mrr_at_10": 0.618262,
        "mrr_at_100": 0.623696,
        "mrr_at_1000": 0.623854,
        "mrr_at_20": 0.622454,
        "mrr_at_3": 0.59422,
        "mrr_at_5": 0.606334,
        "nauc_map_at_1000_diff1": 0.399581,
        "nauc_map_at_1000_max": 0.368522,
        "nauc_map_at_1000_std": 0.063738,
        "nauc_map_at_100_diff1": 0.399601,
        "nauc_map_at_100_max": 0.368642,
        "nauc_map_at_100_std": 0.063838,
        "nauc_map_at_10_diff1": 0.400464,
        "nauc_map_at_10_max": 0.367028,
        "nauc_map_at_10_std": 0.061161,
        "nauc_map_at_1_diff1": 0.45659,
        "nauc_map_at_1_max": 0.339276,
        "nauc_map_at_1_std": 0.030289,
        "nauc_map_at_20_diff1": 0.397482,
        "nauc_map_at_20_max": 0.366023,
        "nauc_map_at_20_std": 0.062089,
        "nauc_map_at_3_diff1": 0.405471,
        "nauc_map_at_3_max": 0.362487,
        "nauc_map_at_3_std": 0.044772,
        "nauc_map_at_5_diff1": 0.399151,
        "nauc_map_at_5_max": 0.371829,
        "nauc_map_at_5_std": 0.067396,
        "nauc_mrr_at_1000_diff1": 0.414592,
        "nauc_mrr_at_1000_max": 0.399132,
        "nauc_mrr_at_1000_std": 0.085368,
        "nauc_mrr_at_100_diff1": 0.414564,
        "nauc_mrr_at_100_max": 0.399186,
        "nauc_mrr_at_100_std": 0.08541,
        "nauc_mrr_at_10_diff1": 0.413809,
        "nauc_mrr_at_10_max": 0.398976,
        "nauc_mrr_at_10_std": 0.087243,
        "nauc_mrr_at_1_diff1": 0.464772,
        "nauc_mrr_at_1_max": 0.372609,
        "nauc_mrr_at_1_std": 0.050699,
        "nauc_mrr_at_20_diff1": 0.41417,
        "nauc_mrr_at_20_max": 0.398558,
        "nauc_mrr_at_20_std": 0.084619,
        "nauc_mrr_at_3_diff1": 0.413195,
        "nauc_mrr_at_3_max": 0.39129,
        "nauc_mrr_at_3_std": 0.06924,
        "nauc_mrr_at_5_diff1": 0.410629,
        "nauc_mrr_at_5_max": 0.401894,
        "nauc_mrr_at_5_std": 0.089757,
        "nauc_ndcg_at_1000_diff1": 0.391951,
        "nauc_ndcg_at_1000_max": 0.391886,
        "nauc_ndcg_at_1000_std": 0.087711,
        "nauc_ndcg_at_100_diff1": 0.391044,
        "nauc_ndcg_at_100_max": 0.396263,
        "nauc_ndcg_at_100_std": 0.092722,
        "nauc_ndcg_at_10_diff1": 0.386395,
        "nauc_ndcg_at_10_max": 0.385543,
        "nauc_ndcg_at_10_std": 0.084066,
        "nauc_ndcg_at_1_diff1": 0.464772,
        "nauc_ndcg_at_1_max": 0.372609,
        "nauc_ndcg_at_1_std": 0.050699,
        "nauc_ndcg_at_20_diff1": 0.379502,
        "nauc_ndcg_at_20_max": 0.383928,
        "nauc_ndcg_at_20_std": 0.082076,
        "nauc_ndcg_at_3_diff1": 0.391219,
        "nauc_ndcg_at_3_max": 0.373469,
        "nauc_ndcg_at_3_std": 0.052651,
        "nauc_ndcg_at_5_diff1": 0.381446,
        "nauc_ndcg_at_5_max": 0.393479,
        "nauc_ndcg_at_5_std": 0.093815,
        "nauc_precision_at_1000_diff1": -0.128986,
        "nauc_precision_at_1000_max": 0.050174,
        "nauc_precision_at_1000_std": 0.133733,
        "nauc_precision_at_100_diff1": -0.055028,
        "nauc_precision_at_100_max": 0.144983,
        "nauc_precision_at_100_std": 0.180899,
        "nauc_precision_at_10_diff1": 0.087914,
        "nauc_precision_at_10_max": 0.251655,
        "nauc_precision_at_10_std": 0.15097,
        "nauc_precision_at_1_diff1": 0.464772,
        "nauc_precision_at_1_max": 0.372609,
        "nauc_precision_at_1_std": 0.050699,
        "nauc_precision_at_20_diff1": -0.039778,
        "nauc_precision_at_20_max": 0.160659,
        "nauc_precision_at_20_std": 0.142222,
        "nauc_precision_at_3_diff1": 0.248742,
        "nauc_precision_at_3_max": 0.350475,
        "nauc_precision_at_3_std": 0.07535,
        "nauc_precision_at_5_diff1": 0.156423,
        "nauc_precision_at_5_max": 0.336341,
        "nauc_precision_at_5_std": 0.17571,
        "nauc_recall_at_1000_diff1": 0.311021,
        "nauc_recall_at_1000_max": 0.744907,
        "nauc_recall_at_1000_std": 0.389324,
        "nauc_recall_at_100_diff1": 0.320957,
        "nauc_recall_at_100_max": 0.644845,
        "nauc_recall_at_100_std": 0.348618,
        "nauc_recall_at_10_diff1": 0.308609,
        "nauc_recall_at_10_max": 0.418525,
        "nauc_recall_at_10_std": 0.141699,
        "nauc_recall_at_1_diff1": 0.45659,
        "nauc_recall_at_1_max": 0.339276,
        "nauc_recall_at_1_std": 0.030289,
        "nauc_recall_at_20_diff1": 0.238995,
        "nauc_recall_at_20_max": 0.427359,
        "nauc_recall_at_20_std": 0.139156,
        "nauc_recall_at_3_diff1": 0.331267,
        "nauc_recall_at_3_max": 0.369698,
        "nauc_recall_at_3_std": 0.05013,
        "nauc_recall_at_5_diff1": 0.302254,
        "nauc_recall_at_5_max": 0.430809,
        "nauc_recall_at_5_std": 0.159389,
        "ndcg_at_1": 0.52019,
        "ndcg_at_10": 0.64708,
        "ndcg_at_100": 0.67978,
        "ndcg_at_1000": 0.68529,
        "ndcg_at_20": 0.66663,
        "ndcg_at_3": 0.59182,
        "ndcg_at_5": 0.61685,
        "precision_at_1": 0.52019,
        "precision_at_10": 0.09097,
        "precision_at_100": 0.01088,
        "precision_at_1000": 0.00114,
        "precision_at_20": 0.05,
        "precision_at_3": 0.2407,
        "precision_at_5": 0.1601,
        "recall_at_1": 0.47823,
        "recall_at_10": 0.79137,
        "recall_at_100": 0.92914,
        "recall_at_1000": 0.97348,
        "recall_at_20": 0.86382,
        "recall_at_3": 0.64766,
        "recall_at_5": 0.70467
      }
    ]
  },
  "evaluation_time": 15034.359288215637,
  "kg_co2_emissions": null
}