{
  "dataset_revision": "c99d599f0a6ab9b85b065da6f9d94f9cf731679f",
  "task_name": "XPQARetrieval",
  "mteb_version": "1.14.15",
  "scores": {
    "test": [
      {
        "hf_subset": "kor-kor",
        "languages": [
          "kor-Hang",
          "kor-Hang"
        ],
        "main_score": 0.36075,
        "map_at_1": 0.20869,
        "map_at_10": 0.31251,
        "map_at_100": 0.32829,
        "map_at_1000": 0.3295,
        "map_at_20": 0.32044,
        "map_at_3": 0.27927,
        "map_at_5": 0.29813,
        "mrr_at_1": 0.298165,
        "mrr_at_10": 0.361109,
        "mrr_at_100": 0.372936,
        "mrr_at_1000": 0.373731,
        "mrr_at_20": 0.367383,
        "mrr_at_3": 0.339959,
        "mrr_at_5": 0.351809,
        "nauc_map_at_1000_diff1": 0.436241,
        "nauc_map_at_1000_max": 0.180049,
        "nauc_map_at_1000_std": -0.265532,
        "nauc_map_at_100_diff1": 0.436203,
        "nauc_map_at_100_max": 0.180411,
        "nauc_map_at_100_std": -0.264715,
        "nauc_map_at_10_diff1": 0.43652,
        "nauc_map_at_10_max": 0.176545,
        "nauc_map_at_10_std": -0.270537,
        "nauc_map_at_1_diff1": 0.477546,
        "nauc_map_at_1_max": 0.140252,
        "nauc_map_at_1_std": -0.24531,
        "nauc_map_at_20_diff1": 0.437209,
        "nauc_map_at_20_max": 0.178413,
        "nauc_map_at_20_std": -0.270546,
        "nauc_map_at_3_diff1": 0.439612,
        "nauc_map_at_3_max": 0.173267,
        "nauc_map_at_3_std": -0.26873,
        "nauc_map_at_5_diff1": 0.431499,
        "nauc_map_at_5_max": 0.169812,
        "nauc_map_at_5_std": -0.271703,
        "nauc_mrr_at_1000_diff1": 0.462474,
        "nauc_mrr_at_1000_max": 0.173189,
        "nauc_mrr_at_1000_std": -0.266827,
        "nauc_mrr_at_100_diff1": 0.462248,
        "nauc_mrr_at_100_max": 0.173817,
        "nauc_mrr_at_100_std": -0.265846,
        "nauc_mrr_at_10_diff1": 0.464624,
        "nauc_mrr_at_10_max": 0.171081,
        "nauc_mrr_at_10_std": -0.270951,
        "nauc_mrr_at_1_diff1": 0.479599,
        "nauc_mrr_at_1_max": 0.161315,
        "nauc_mrr_at_1_std": -0.279473,
        "nauc_mrr_at_20_diff1": 0.462565,
        "nauc_mrr_at_20_max": 0.172404,
        "nauc_mrr_at_20_std": -0.26934,
        "nauc_mrr_at_3_diff1": 0.464858,
        "nauc_mrr_at_3_max": 0.162595,
        "nauc_mrr_at_3_std": -0.27921,
        "nauc_mrr_at_5_diff1": 0.463499,
        "nauc_mrr_at_5_max": 0.165705,
        "nauc_mrr_at_5_std": -0.2777,
        "nauc_ndcg_at_1000_diff1": 0.43695,
        "nauc_ndcg_at_1000_max": 0.191503,
        "nauc_ndcg_at_1000_std": -0.24617,
        "nauc_ndcg_at_100_diff1": 0.43095,
        "nauc_ndcg_at_100_max": 0.203908,
        "nauc_ndcg_at_100_std": -0.222594,
        "nauc_ndcg_at_10_diff1": 0.439188,
        "nauc_ndcg_at_10_max": 0.182104,
        "nauc_ndcg_at_10_std": -0.265173,
        "nauc_ndcg_at_1_diff1": 0.473975,
        "nauc_ndcg_at_1_max": 0.164708,
        "nauc_ndcg_at_1_std": -0.27366,
        "nauc_ndcg_at_20_diff1": 0.436108,
        "nauc_ndcg_at_20_max": 0.187058,
        "nauc_ndcg_at_20_std": -0.262437,
        "nauc_ndcg_at_3_diff1": 0.440452,
        "nauc_ndcg_at_3_max": 0.166852,
        "nauc_ndcg_at_3_std": -0.276047,
        "nauc_ndcg_at_5_diff1": 0.431759,
        "nauc_ndcg_at_5_max": 0.168023,
        "nauc_ndcg_at_5_std": -0.273132,
        "nauc_precision_at_1000_diff1": 0.005738,
        "nauc_precision_at_1000_max": 0.127007,
        "nauc_precision_at_1000_std": 0.071194,
        "nauc_precision_at_100_diff1": 0.113224,
        "nauc_precision_at_100_max": 0.205232,
        "nauc_precision_at_100_std": 0.064007,
        "nauc_precision_at_10_diff1": 0.28455,
        "nauc_precision_at_10_max": 0.164363,
        "nauc_precision_at_10_std": -0.2186,
        "nauc_precision_at_1_diff1": 0.473975,
        "nauc_precision_at_1_max": 0.164708,
        "nauc_precision_at_1_std": -0.27366,
        "nauc_precision_at_20_diff1": 0.252226,
        "nauc_precision_at_20_max": 0.164778,
        "nauc_precision_at_20_std": -0.18652,
        "nauc_precision_at_3_diff1": 0.337833,
        "nauc_precision_at_3_max": 0.181222,
        "nauc_precision_at_3_std": -0.256704,
        "nauc_precision_at_5_diff1": 0.29073,
        "nauc_precision_at_5_max": 0.155455,
        "nauc_precision_at_5_std": -0.241808,
        "nauc_recall_at_1000_diff1": NaN,
        "nauc_recall_at_1000_max": NaN,
        "nauc_recall_at_1000_std": NaN,
        "nauc_recall_at_100_diff1": 0.307825,
        "nauc_recall_at_100_max": 0.338408,
        "nauc_recall_at_100_std": 0.079282,
        "nauc_recall_at_10_diff1": 0.39881,
        "nauc_recall_at_10_max": 0.19381,
        "nauc_recall_at_10_std": -0.234368,
        "nauc_recall_at_1_diff1": 0.477546,
        "nauc_recall_at_1_max": 0.140252,
        "nauc_recall_at_1_std": -0.24531,
        "nauc_recall_at_20_diff1": 0.378005,
        "nauc_recall_at_20_max": 0.208477,
        "nauc_recall_at_20_std": -0.222653,
        "nauc_recall_at_3_diff1": 0.411868,
        "nauc_recall_at_3_max": 0.159197,
        "nauc_recall_at_3_std": -0.269571,
        "nauc_recall_at_5_diff1": 0.387236,
        "nauc_recall_at_5_max": 0.157463,
        "nauc_recall_at_5_std": -0.26329,
        "ndcg_at_1": 0.29969,
        "ndcg_at_10": 0.36075,
        "ndcg_at_100": 0.438,
        "ndcg_at_1000": 0.46551,
        "ndcg_at_20": 0.38676,
        "ndcg_at_3": 0.30866,
        "ndcg_at_5": 0.33199,
        "precision_at_1": 0.29969,
        "precision_at_10": 0.07339,
        "precision_at_100": 0.01275,
        "precision_at_1000": 0.00156,
        "precision_at_20": 0.04373,
        "precision_at_3": 0.16769,
        "precision_at_5": 0.12049,
        "recall_at_1": 0.20869,
        "recall_at_10": 0.4565,
        "recall_at_100": 0.80196,
        "recall_at_1000": 1.0,
        "recall_at_20": 0.55059,
        "recall_at_3": 0.32164,
        "recall_at_5": 0.37734
      },
      {
        "hf_subset": "eng-kor",
        "languages": [
          "eng-Latn",
          "kor-Hang"
        ],
        "main_score": 0.34097,
        "map_at_1": 0.15329,
        "map_at_10": 0.28211,
        "map_at_100": 0.30033,
        "map_at_1000": 0.30226,
        "map_at_20": 0.29105,
        "map_at_3": 0.23869,
        "map_at_5": 0.26591,
        "mrr_at_1": 0.259939,
        "mrr_at_10": 0.348671,
        "mrr_at_100": 0.359942,
        "mrr_at_1000": 0.36065,
        "mrr_at_20": 0.353987,
        "mrr_at_3": 0.324669,
        "mrr_at_5": 0.339042,
        "nauc_map_at_1000_diff1": 0.402264,
        "nauc_map_at_1000_max": 0.011406,
        "nauc_map_at_1000_std": -0.330465,
        "nauc_map_at_100_diff1": 0.40155,
        "nauc_map_at_100_max": 0.009998,
        "nauc_map_at_100_std": -0.3315,
        "nauc_map_at_10_diff1": 0.405086,
        "nauc_map_at_10_max": 0.007793,
        "nauc_map_at_10_std": -0.334017,
        "nauc_map_at_1_diff1": 0.498526,
        "nauc_map_at_1_max": 0.024049,
        "nauc_map_at_1_std": -0.295889,
        "nauc_map_at_20_diff1": 0.402912,
        "nauc_map_at_20_max": 0.008587,
        "nauc_map_at_20_std": -0.334214,
        "nauc_map_at_3_diff1": 0.422201,
        "nauc_map_at_3_max": 0.010136,
        "nauc_map_at_3_std": -0.321782,
        "nauc_map_at_5_diff1": 0.406475,
        "nauc_map_at_5_max": 0.00784,
        "nauc_map_at_5_std": -0.333647,
        "nauc_mrr_at_1000_diff1": 0.421728,
        "nauc_mrr_at_1000_max": 0.030659,
        "nauc_mrr_at_1000_std": -0.329461,
        "nauc_mrr_at_100_diff1": 0.421211,
        "nauc_mrr_at_100_max": 0.030771,
        "nauc_mrr_at_100_std": -0.329086,
        "nauc_mrr_at_10_diff1": 0.422695,
        "nauc_mrr_at_10_max": 0.028909,
        "nauc_mrr_at_10_std": -0.333089,
        "nauc_mrr_at_1_diff1": 0.49327,
        "nauc_mrr_at_1_max": 0.057148,
        "nauc_mrr_at_1_std": -0.330364,
        "nauc_mrr_at_20_diff1": 0.422285,
        "nauc_mrr_at_20_max": 0.02963,
        "nauc_mrr_at_20_std": -0.330777,
        "nauc_mrr_at_3_diff1": 0.422191,