{
  "dataset_revision": "75b399394a9803252cfec289d103de462763db7c",
  "task_name": "BelebeleRetrieval",
  "mteb_version": "1.14.15",
  "scores": {
    "test": [
      {
        "hf_subset": "kor_Hang-kor_Hang",
        "languages": [
          "kor-Hang",
          "kor-Hang"
        ],
        "main_score": 0.936,
        "map_at_1": 0.89222,
        "map_at_10": 0.92215,
        "map_at_100": 0.9229,
        "map_at_1000": 0.92291,
        "map_at_20": 0.92262,
        "map_at_3": 0.91574,
        "map_at_5": 0.92019,
        "mrr_at_1": 0.892222,
        "mrr_at_10": 0.922153,
        "mrr_at_100": 0.922896,
        "mrr_at_1000": 0.922913,
        "mrr_at_20": 0.922622,
        "mrr_at_3": 0.915741,
        "mrr_at_5": 0.920185,
        "nauc_map_at_1000_diff1": 0.907092,
        "nauc_map_at_1000_max": 0.785738,
        "nauc_map_at_1000_std": 0.154854,
        "nauc_map_at_100_diff1": 0.907103,
        "nauc_map_at_100_max": 0.785785,
        "nauc_map_at_100_std": 0.155031,
        "nauc_map_at_10_diff1": 0.907746,
        "nauc_map_at_10_max": 0.787132,
        "nauc_map_at_10_std": 0.156414,
        "nauc_map_at_1_diff1": 0.907538,
        "nauc_map_at_1_max": 0.755988,
        "nauc_map_at_1_std": 0.113102,
        "nauc_map_at_20_diff1": 0.907183,
        "nauc_map_at_20_max": 0.786307,
        "nauc_map_at_20_std": 0.156187,
        "nauc_map_at_3_diff1": 0.905366,
        "nauc_map_at_3_max": 0.790387,
        "nauc_map_at_3_std": 0.163093,
        "nauc_map_at_5_diff1": 0.906711,
        "nauc_map_at_5_max": 0.787714,
        "nauc_map_at_5_std": 0.156979,
        "nauc_mrr_at_1000_diff1": 0.907092,
        "nauc_mrr_at_1000_max": 0.785738,
        "nauc_mrr_at_1000_std": 0.154854,
        "nauc_mrr_at_100_diff1": 0.907103,
        "nauc_mrr_at_100_max": 0.785785,
        "nauc_mrr_at_100_std": 0.155031,
        "nauc_mrr_at_10_diff1": 0.907746,
        "nauc_mrr_at_10_max": 0.787132,
        "nauc_mrr_at_10_std": 0.156414,
        "nauc_mrr_at_1_diff1": 0.907538,
        "nauc_mrr_at_1_max": 0.755988,
        "nauc_mrr_at_1_std": 0.113102,
        "nauc_mrr_at_20_diff1": 0.907183,
        "nauc_mrr_at_20_max": 0.786307,
        "nauc_mrr_at_20_std": 0.156187,
        "nauc_mrr_at_3_diff1": 0.905366,
        "nauc_mrr_at_3_max": 0.790387,
        "nauc_mrr_at_3_std": 0.163093,
        "nauc_mrr_at_5_diff1": 0.906711,
        "nauc_mrr_at_5_max": 0.787714,
        "nauc_mrr_at_5_std": 0.156979,
        "nauc_ndcg_at_1000_diff1": 0.907972,
        "nauc_ndcg_at_1000_max": 0.790908,
        "nauc_ndcg_at_1000_std": 0.16168,
        "nauc_ndcg_at_100_diff1": 0.908328,
        "nauc_ndcg_at_100_max": 0.792433,
        "nauc_ndcg_at_100_std": 0.167478,
        "nauc_ndcg_at_10_diff1": 0.91156,
        "nauc_ndcg_at_10_max": 0.800079,
        "nauc_ndcg_at_10_std": 0.171911,
        "nauc_ndcg_at_1_diff1": 0.907538,
        "nauc_ndcg_at_1_max": 0.755988,
        "nauc_ndcg_at_1_std": 0.113102,
        "nauc_ndcg_at_20_diff1": 0.908869,
        "nauc_ndcg_at_20_max": 0.796456,
        "nauc_ndcg_at_20_std": 0.172847,
        "nauc_ndcg_at_3_diff1": 0.905857,
        "nauc_ndcg_at_3_max": 0.804684,
        "nauc_ndcg_at_3_std": 0.180418,
        "nauc_ndcg_at_5_diff1": 0.908637,
        "nauc_ndcg_at_5_max": 0.801242,
        "nauc_ndcg_at_5_std": 0.17187,
        "nauc_precision_at_1000_diff1": NaN,
        "nauc_precision_at_1000_max": NaN,
        "nauc_precision_at_1000_std": NaN,
        "nauc_precision_at_100_diff1": 0.956427,
        "nauc_precision_at_100_max": 1.0,
        "nauc_precision_at_100_std": 0.956427,
        "nauc_precision_at_10_diff1": 0.95786,
        "nauc_precision_at_10_max": 0.932429,
        "nauc_precision_at_10_std": 0.333014,
        "nauc_precision_at_1_diff1": 0.907538,
        "nauc_precision_at_1_max": 0.755988,
        "nauc_precision_at_1_std": 0.113102,
        "nauc_precision_at_20_diff1": 0.933279,
        "nauc_precision_at_20_max": 0.94106,
        "nauc_precision_at_20_std": 0.459928,
        "nauc_precision_at_3_diff1": 0.908678,
        "nauc_precision_at_3_max": 0.867719,
        "nauc_precision_at_3_std": 0.255188,
        "nauc_precision_at_5_diff1": 0.92275,
        "nauc_precision_at_5_max": 0.88724,
        "nauc_precision_at_5_std": 0.264779,
        "nauc_recall_at_1000_diff1": NaN,
        "nauc_recall_at_1000_max": NaN,
        "nauc_recall_at_1000_std": NaN,
        "nauc_recall_at_100_diff1": 0.956427,
        "nauc_recall_at_100_max": 1.0,
        "nauc_recall_at_100_std": 0.956427,
        "nauc_recall_at_10_diff1": 0.95786,
        "nauc_recall_at_10_max": 0.932429,
        "nauc_recall_at_10_std": 0.333014,
        "nauc_recall_at_1_diff1": 0.907538,
        "nauc_recall_at_1_max": 0.755988,
        "nauc_recall_at_1_std": 0.113102,
        "nauc_recall_at_20_diff1": 0.933279,
        "nauc_recall_at_20_max": 0.94106,
        "nauc_recall_at_20_std": 0.459928,
        "nauc_recall_at_3_diff1": 0.908678,
        "nauc_recall_at_3_max": 0.867719,
        "nauc_recall_at_3_std": 0.255188,
        "nauc_recall_at_5_diff1": 0.92275,
        "nauc_recall_at_5_max": 0.88724,
        "nauc_recall_at_5_std": 0.264779,
        "ndcg_at_1": 0.89222,
        "ndcg_at_10": 0.936,
        "ndcg_at_100": 0.93977,
        "ndcg_at_1000": 0.94021,
        "ndcg_at_20": 0.93788,
        "ndcg_at_3": 0.9234,
        "ndcg_at_5": 0.93129,
        "precision_at_1": 0.89222,
        "precision_at_10": 0.09789,
        "precision_at_100": 0.00997,
        "precision_at_1000": 0.001,
        "precision_at_20": 0.04933,
        "precision_at_3": 0.31519,
        "precision_at_5": 0.19289,
        "recall_at_1": 0.89222,
        "recall_at_10": 0.97889,
        "recall_at_100": 0.99667,
        "recall_at_1000": 1.0,
        "recall_at_20": 0.98667,
        "recall_at_3": 0.94556,
        "recall_at_5": 0.96444
      },
      {
        "hf_subset": "kor_Hang-eng_Latn",
        "languages": [
          "kor-Hang",
          "eng-Latn"
        ],
        "main_score": 0.92482,
        "map_at_1": 0.86333,
        "map_at_10": 0.9074,
        "map_at_100": 0.90855,
        "map_at_1000": 0.90856,
        "map_at_20": 0.9084,
        "map_at_3": 0.90074,
        "map_at_5": 0.90502,
        "mrr_at_1": 0.863333,
        "mrr_at_10": 0.907396,
        "mrr_at_100": 0.908552,
        "mrr_at_1000": 0.908565,
        "mrr_at_20": 0.908397,
        "mrr_at_3": 0.900741,
        "mrr_at_5": 0.905019,
        "nauc_map_at_1000_diff1": 0.899582,
        "nauc_map_at_1000_max": 0.635021,
        "nauc_map_at_1000_std": 0.018349,
        "nauc_map_at_100_diff1": 0.899591,
        "nauc_map_at_100_max": 0.635059,
        "nauc_map_at_100_std": 0.018474,
        "nauc_map_at_10_diff1": 0.898426,
        "nauc_map_at_10_max": 0.636572,
        "nauc_map_at_10_std": 0.019305,
        "nauc_map_at_1_diff1": 0.903735,
        "nauc_map_at_1_max": 0.609914,
        "nauc_map_at_1_std": 0.006467,
        "nauc_map_at_20_diff1": 0.899629,
        "nauc_map_at_20_max": 0.635066,
        "nauc_map_at_20_std": 0.018652,
        "nauc_map_at_3_diff1": 0.898874,
        "nauc_map_at_3_max": 0.637467,
        "nauc_map_at_3_std": 0.020778,
        "nauc_map_at_5_diff1": 0.898458,
        "nauc_map_at_5_max": 0.637339,
        "nauc_map_at_5_std": 0.016254,
        "nauc_mrr_at_1000_diff1": 0.899582,
        "nauc_mrr_at_1000_max": 0.635021,
        "nauc_mrr_at_1000_std": 0.018349,
        "nauc_mrr_at_100_diff1": 0.899591,
        "nauc_mrr_at_100_max": 0.635059,
        "nauc_mrr_at_100_std": 0.018474,
        "nauc_mrr_at_10_diff1": 0.898426,
        "nauc_mrr_at_10_max": 0.636572,
        "nauc_mrr_at_10_std": 0.019305,
        "nauc_mrr_at_1_diff1": 0.903735,
        "nauc_mrr_at_1_max": 0.609914,
        "nauc_mrr_at_1_std": 0.006467,
        "nauc_mrr_at_20_diff1": 0.899629,
        "nauc_mrr_at_20_max": 0.635066,
        "nauc_mrr_at_20_std": 0.018652,
        "nauc_mrr_at_3_diff1": 0.898874,