{
  "dataset_revision": "main",
  "task_name": "MIRACLRetrieval",
  "mteb_version": "1.14.15",
  "scores": {
    "dev": [
      {
        "hf_subset": "ko",
        "languages": [
          "kor-Kore"
        ],
        "main_score": 0.59914,
        "map_at_1": 0.32696,
        "map_at_10": 0.5021,
        "map_at_100": 0.52536,
        "map_at_1000": 0.52675,
        "map_at_20": 0.51557,
        "map_at_3": 0.44841,
        "map_at_5": 0.48126,
        "mrr_at_1": 0.553991,
        "mrr_at_10": 0.675954,
        "mrr_at_100": 0.678593,
        "mrr_at_1000": 0.678814,
        "mrr_at_20": 0.678075,
        "mrr_at_3": 0.653365,
        "mrr_at_5": 0.668388,
        "nauc_map_at_1000_diff1": 0.379985,
        "nauc_map_at_1000_max": 0.356838,
        "nauc_map_at_1000_std": 0.096619,
        "nauc_map_at_100_diff1": 0.380164,
        "nauc_map_at_100_max": 0.355781,
        "nauc_map_at_100_std": 0.096999,
        "nauc_map_at_10_diff1": 0.385841,
        "nauc_map_at_10_max": 0.338801,
        "nauc_map_at_10_std": 0.074698,
        "nauc_map_at_1_diff1": 0.471015,
        "nauc_map_at_1_max": 0.273865,
        "nauc_map_at_1_std": -0.038266,
        "nauc_map_at_20_diff1": 0.380047,
        "nauc_map_at_20_max": 0.347362,
        "nauc_map_at_20_std": 0.086911,
        "nauc_map_at_3_diff1": 0.395938,
        "nauc_map_at_3_max": 0.31784,
        "nauc_map_at_3_std": 0.021876,
        "nauc_map_at_5_diff1": 0.401382,
        "nauc_map_at_5_max": 0.322848,
        "nauc_map_at_5_std": 0.046449,
        "nauc_mrr_at_1000_diff1": 0.350465,
        "nauc_mrr_at_1000_max": 0.456103,
        "nauc_mrr_at_1000_std": 0.215878,
        "nauc_mrr_at_100_diff1": 0.350575,
        "nauc_mrr_at_100_max": 0.456465,
        "nauc_mrr_at_100_std": 0.216259,
        "nauc_mrr_at_10_diff1": 0.349603,
        "nauc_mrr_at_10_max": 0.453107,
        "nauc_mrr_at_10_std": 0.216834,
        "nauc_mrr_at_1_diff1": 0.363161,
        "nauc_mrr_at_1_max": 0.426161,
        "nauc_mrr_at_1_std": 0.14728,
        "nauc_mrr_at_20_diff1": 0.34932,
        "nauc_mrr_at_20_max": 0.456407,
        "nauc_mrr_at_20_std": 0.216788,
        "nauc_mrr_at_3_diff1": 0.351441,
        "nauc_mrr_at_3_max": 0.46119,
        "nauc_mrr_at_3_std": 0.218705,
        "nauc_mrr_at_5_diff1": 0.351376,
        "nauc_mrr_at_5_max": 0.455572,
        "nauc_mrr_at_5_std": 0.224112,
        "nauc_ndcg_at_1000_diff1": 0.362297,
        "nauc_ndcg_at_1000_max": 0.413231,
        "nauc_ndcg_at_1000_std": 0.180603,
        "nauc_ndcg_at_100_diff1": 0.366212,
        "nauc_ndcg_at_100_max": 0.41503,
        "nauc_ndcg_at_100_std": 0.195345,
        "nauc_ndcg_at_10_diff1": 0.357764,
        "nauc_ndcg_at_10_max": 0.358266,
        "nauc_ndcg_at_10_std": 0.134199,
        "nauc_ndcg_at_1_diff1": 0.363161,
        "nauc_ndcg_at_1_max": 0.426161,
        "nauc_ndcg_at_1_std": 0.14728,
        "nauc_ndcg_at_20_diff1": 0.351574,
        "nauc_ndcg_at_20_max": 0.38128,
        "nauc_ndcg_at_20_std": 0.156607,
        "nauc_ndcg_at_3_diff1": 0.343007,
        "nauc_ndcg_at_3_max": 0.397759,
        "nauc_ndcg_at_3_std": 0.136767,
        "nauc_ndcg_at_5_diff1": 0.367332,
        "nauc_ndcg_at_5_max": 0.369339,
        "nauc_ndcg_at_5_std": 0.125977,
        "nauc_precision_at_1000_diff1": -0.190027,
        "nauc_precision_at_1000_max": 0.174509,
        "nauc_precision_at_1000_std": 0.281672,
        "nauc_precision_at_100_diff1": -0.173096,
        "nauc_precision_at_100_max": 0.206568,
        "nauc_precision_at_100_std": 0.351204,
        "nauc_precision_at_10_diff1": -0.165281,
        "nauc_precision_at_10_max": 0.261935,
        "nauc_precision_at_10_std": 0.394196,
        "nauc_precision_at_1_diff1": 0.363161,
        "nauc_precision_at_1_max": 0.426161,
        "nauc_precision_at_1_std": 0.14728,
        "nauc_precision_at_20_diff1": -0.189858,
        "nauc_precision_at_20_max": 0.237016,
        "nauc_precision_at_20_std": 0.374022,
        "nauc_precision_at_3_diff1": -0.005684,
        "nauc_precision_at_3_max": 0.341526,
        "nauc_precision_at_3_std": 0.319163,
        "nauc_precision_at_5_diff1": -0.086552,
        "nauc_precision_at_5_max": 0.276179,
        "nauc_precision_at_5_std": 0.359472,
        "nauc_recall_at_1000_diff1": 0.182723,
        "nauc_recall_at_1000_max": 0.537327,
        "nauc_recall_at_1000_std": 0.655023,
        "nauc_recall_at_100_diff1": 0.335234,
        "nauc_recall_at_100_max": 0.482628,
        "nauc_recall_at_100_std": 0.47262,
        "nauc_recall_at_10_diff1": 0.238568,
        "nauc_recall_at_10_max": 0.207874,
        "nauc_recall_at_10_std": 0.107107,
        "nauc_recall_at_1_diff1": 0.471015,
        "nauc_recall_at_1_max": 0.273865,
        "nauc_recall_at_1_std": -0.038266,
        "nauc_recall_at_20_diff1": 0.207092,
        "nauc_recall_at_20_max": 0.264723,
        "nauc_recall_at_20_std": 0.169654,
        "nauc_recall_at_3_diff1": 0.325946,
        "nauc_recall_at_3_max": 0.271147,
        "nauc_recall_at_3_std": 0.040071,
        "nauc_recall_at_5_diff1": 0.332823,
        "nauc_recall_at_5_max": 0.245841,
        "nauc_recall_at_5_std": 0.083722,
        "ndcg_at_1": 0.55399,
        "ndcg_at_10": 0.59914,
        "ndcg_at_100": 0.6601,
        "ndcg_at_1000": 0.67563,
        "ndcg_at_20": 0.62687,
        "ndcg_at_3": 0.56408,
        "ndcg_at_5": 0.57624,
        "precision_at_1": 0.55399,
        "precision_at_10": 0.1507,
        "precision_at_100": 0.02258,
        "precision_at_1000": 0.00254,
        "precision_at_20": 0.08873,
        "precision_at_3": 0.34585,
        "precision_at_5": 0.2507,
        "recall_at_1": 0.32696,
        "recall_at_10": 0.70681,
        "recall_at_100": 0.89928,
        "recall_at_1000": 0.98818,
        "recall_at_20": 0.78447,
        "recall_at_3": 0.53559,
        "recall_at_5": 0.62288
      }
    ]
  },
  "evaluation_time": 15485.133795022964,
  "kg_co2_emissions": null
}