{
  "dataset_revision": "d67138e705d963e346253a80e59676ddb418810a",
  "task_name": "MultiLongDocRetrieval",
  "mteb_version": "1.14.15",
  "scores": {
    "dev": [
      {
        "hf_subset": "ko",
        "languages": [
          "kor-Hang"
        ],
        "main_score": 0.27973,
        "map_at_1": 0.195,
        "map_at_10": 0.24843,
        "map_at_100": 0.25742,
        "map_at_1000": 0.2584,
        "map_at_20": 0.25311,
        "map_at_3": 0.23167,
        "map_at_5": 0.24192,
        "mrr_at_1": 0.195,
        "mrr_at_10": 0.248431,
        "mrr_at_100": 0.257424,
        "mrr_at_1000": 0.258402,
        "mrr_at_20": 0.253107,
        "mrr_at_3": 0.231667,
        "mrr_at_5": 0.241917,
        "nauc_map_at_1000_diff1": 0.370313,
        "nauc_map_at_1000_max": 0.262289,
        "nauc_map_at_1000_std": 0.013575,
        "nauc_map_at_100_diff1": 0.370096,
        "nauc_map_at_100_max": 0.262429,
        "nauc_map_at_100_std": 0.014387,
        "nauc_map_at_10_diff1": 0.37487,
        "nauc_map_at_10_max": 0.259635,
        "nauc_map_at_10_std": 0.001109,
        "nauc_map_at_1_diff1": 0.404397,
        "nauc_map_at_1_max": 0.294301,
        "nauc_map_at_1_std": -0.007264,
        "nauc_map_at_20_diff1": 0.372276,
        "nauc_map_at_20_max": 0.261789,
        "nauc_map_at_20_std": 0.009761,
        "nauc_map_at_3_diff1": 0.392695,
        "nauc_map_at_3_max": 0.262288,
        "nauc_map_at_3_std": -0.008466,
        "nauc_map_at_5_diff1": 0.379436,
        "nauc_map_at_5_max": 0.267537,
        "nauc_map_at_5_std": 0.00765,
        "nauc_mrr_at_1000_diff1": 0.370313,
        "nauc_mrr_at_1000_max": 0.262289,
        "nauc_mrr_at_1000_std": 0.013575,
        "nauc_mrr_at_100_diff1": 0.370096,
        "nauc_mrr_at_100_max": 0.262429,
        "nauc_mrr_at_100_std": 0.014387,
        "nauc_mrr_at_10_diff1": 0.37487,
        "nauc_mrr_at_10_max": 0.259635,
        "nauc_mrr_at_10_std": 0.001109,
        "nauc_mrr_at_1_diff1": 0.404397,
        "nauc_mrr_at_1_max": 0.294301,
        "nauc_mrr_at_1_std": -0.007264,
        "nauc_mrr_at_20_diff1": 0.372276,
        "nauc_mrr_at_20_max": 0.261789,
        "nauc_mrr_at_20_std": 0.009761,
        "nauc_mrr_at_3_diff1": 0.392695,
        "nauc_mrr_at_3_max": 0.262288,
        "nauc_mrr_at_3_std": -0.008466,
        "nauc_mrr_at_5_diff1": 0.379436,
        "nauc_mrr_at_5_max": 0.267537,
        "nauc_mrr_at_5_std": 0.00765,
        "nauc_ndcg_at_1000_diff1": 0.344737,
        "nauc_ndcg_at_1000_max": 0.261525,
        "nauc_ndcg_at_1000_std": 0.053489,
        "nauc_ndcg_at_100_diff1": 0.335515,
        "nauc_ndcg_at_100_max": 0.261071,
        "nauc_ndcg_at_100_std": 0.071349,
        "nauc_ndcg_at_10_diff1": 0.360391,
        "nauc_ndcg_at_10_max": 0.246993,
        "nauc_ndcg_at_10_std": 0.00515,
        "nauc_ndcg_at_1_diff1": 0.404397,
        "nauc_ndcg_at_1_max": 0.294301,
        "nauc_ndcg_at_1_std": -0.007264,
        "nauc_ndcg_at_20_diff1": 0.350619,
        "nauc_ndcg_at_20_max": 0.253385,
        "nauc_ndcg_at_20_std": 0.037775,
        "nauc_ndcg_at_3_diff1": 0.392598,
        "nauc_ndcg_at_3_max": 0.257297,
        "nauc_ndcg_at_3_std": -0.006995,
        "nauc_ndcg_at_5_diff1": 0.36957,
        "nauc_ndcg_at_5_max": 0.266726,
        "nauc_ndcg_at_5_std": 0.019962,
        "nauc_precision_at_1000_diff1": 0.159442,
        "nauc_precision_at_1000_max": 0.326619,
        "nauc_precision_at_1000_std": 0.421154,
        "nauc_precision_at_100_diff1": 0.189895,
        "nauc_precision_at_100_max": 0.274148,
        "nauc_precision_at_100_std": 0.332975,
        "nauc_precision_at_10_diff1": 0.320484,
        "nauc_precision_at_10_max": 0.209796,
        "nauc_precision_at_10_std": 0.013568,
        "nauc_precision_at_1_diff1": 0.404397,
        "nauc_precision_at_1_max": 0.294301,
        "nauc_precision_at_1_std": -0.007264,
        "nauc_precision_at_20_diff1": 0.284076,
        "nauc_precision_at_20_max": 0.230007,
        "nauc_precision_at_20_std": 0.134211,
        "nauc_precision_at_3_diff1": 0.393299,
        "nauc_precision_at_3_max": 0.245473,
        "nauc_precision_at_3_std": -0.002618,
        "nauc_precision_at_5_diff1": 0.342526,
        "nauc_precision_at_5_max": 0.267171,
        "nauc_precision_at_5_std": 0.054493,
        "nauc_recall_at_1000_diff1": 0.159442,
        "nauc_recall_at_1000_max": 0.326619,
        "nauc_recall_at_1000_std": 0.421154,
        "nauc_recall_at_100_diff1": 0.189895,
        "nauc_recall_at_100_max": 0.274148,
        "nauc_recall_at_100_std": 0.332975,
        "nauc_recall_at_10_diff1": 0.320484,
        "nauc_recall_at_10_max": 0.209796,
        "nauc_recall_at_10_std": 0.013568,
        "nauc_recall_at_1_diff1": 0.404397,
        "nauc_recall_at_1_max": 0.294301,
        "nauc_recall_at_1_std": -0.007264,
        "nauc_recall_at_20_diff1": 0.284076,
        "nauc_recall_at_20_max": 0.230007,
        "nauc_recall_at_20_std": 0.134211,
        "nauc_recall_at_3_diff1": 0.393299,
        "nauc_recall_at_3_max": 0.245473,
        "nauc_recall_at_3_std": -0.002618,
        "nauc_recall_at_5_diff1": 0.342526,
        "nauc_recall_at_5_max": 0.267171,
        "nauc_recall_at_5_std": 0.054493,
        "ndcg_at_1": 0.195,
        "ndcg_at_10": 0.27973,
        "ndcg_at_100": 0.32804,
        "ndcg_at_1000": 0.36022,
        "ndcg_at_20": 0.29721,
        "ndcg_at_3": 0.24524,
        "ndcg_at_5": 0.26374,
        "precision_at_1": 0.195,
        "precision_at_10": 0.038,
        "precision_at_100": 0.00615,
        "precision_at_1000": 0.00088,
        "precision_at_20": 0.0225,
        "precision_at_3": 0.095,
        "precision_at_5": 0.066,
        "recall_at_1": 0.195,
        "recall_at_10": 0.38,
        "recall_at_100": 0.615,
        "recall_at_1000": 0.88,
        "recall_at_20": 0.45,
        "recall_at_3": 0.285,
        "recall_at_5": 0.33
      }
    ],
    "test": [
      {
        "hf_subset": "ko",
        "languages": [
          "kor-Hang"
        ],
        "main_score": 0.25519,
        "map_at_1": 0.185,
        "map_at_10": 0.22778,
        "map_at_100": 0.23672,
        "map_at_1000": 0.23741,
        "map_at_20": 0.23146,
        "map_at_3": 0.2125,
        "map_at_5": 0.2195,
        "mrr_at_1": 0.185,
        "mrr_at_10": 0.227776,
        "mrr_at_100": 0.236715,
        "mrr_at_1000": 0.237407,
        "mrr_at_20": 0.231457,
        "mrr_at_3": 0.2125,
        "mrr_at_5": 0.2195,
        "nauc_map_at_1000_diff1": 0.586959,
        "nauc_map_at_1000_max": 0.50111,
        "nauc_map_at_1000_std": 0.019905,
        "nauc_map_at_100_diff1": 0.58679,
        "nauc_map_at_100_max": 0.501131,
        "nauc_map_at_100_std": 0.019932,
        "nauc_map_at_10_diff1": 0.592472,
        "nauc_map_at_10_max": 0.501168,
        "nauc_map_at_10_std": 0.012874,
        "nauc_map_at_1_diff1": 0.651087,
        "nauc_map_at_1_max": 0.562118,
        "nauc_map_at_1_std": -0.018364,
        "nauc_map_at_20_diff1": 0.591331,
        "nauc_map_at_20_max": 0.500639,
        "nauc_map_at_20_std": 0.016194,
        "nauc_map_at_3_diff1": 0.600397,
        "nauc_map_at_3_max": 0.511659,
        "nauc_map_at_3_std": -0.005884,
        "nauc_map_at_5_diff1": 0.590523,
        "nauc_map_at_5_max": 0.504874,
        "nauc_map_at_5_std": 5.9e-05,
        "nauc_mrr_at_1000_diff1": 0.586959,
        "nauc_mrr_at_1000_max": 0.50111,
        "nauc_mrr_at_1000_std": 0.019905,
        "nauc_mrr_at_100_diff1": 0.58679,
        "nauc_mrr_at_100_max": 0.501131,
        "nauc_mrr_at_100_std": 0.019932,
        "nauc_mrr_at_10_diff1": 0.592472,
        "nauc_mrr_at_10_max": 0.501168,
        "nauc_mrr_at_10_std": 0.012874,
        "nauc_mrr_at_1_diff1": 0.651087,
        "nauc_mrr_at_1_max": 0.562118,
        "nauc_mrr_at_1_std": -0.018364,
        "nauc_mrr_at_20_diff1": 0.591331,
        "nauc_mrr_at_20_max": 0.500639,
        "nauc_mrr_at_20_std": 0.016194,
        "nauc_mrr_at_3_diff1": 0.600397,
        "nauc_mrr_at_3_max": 0.511659,