{
  "dataset_revision": "c99d599f0a6ab9b85b065da6f9d94f9cf731679f",
  "task_name": "XPQARetrieval",
  "mteb_version": "1.14.15",
  "scores": {
    "test": [
      {
        "hf_subset": "kor-kor",
        "languages": [
          "kor-Hang",
          "kor-Hang"
        ],
        "main_score": 0.39712,
        "map_at_1": 0.21888,
        "map_at_10": 0.34649,
        "map_at_100": 0.36244,
        "map_at_1000": 0.36348,
        "map_at_20": 0.35434,
        "map_at_3": 0.3126,
        "map_at_5": 0.3326,
        "mrr_at_1": 0.308869,
        "mrr_at_10": 0.385036,
        "mrr_at_100": 0.395879,
        "mrr_at_1000": 0.396584,
        "mrr_at_20": 0.389835,
        "mrr_at_3": 0.36213,
        "mrr_at_5": 0.374898,
        "nauc_map_at_1000_diff1": 0.493879,
        "nauc_map_at_1000_max": 0.140338,
        "nauc_map_at_1000_std": -0.345767,
        "nauc_map_at_100_diff1": 0.493411,
        "nauc_map_at_100_max": 0.14041,
        "nauc_map_at_100_std": -0.345308,
        "nauc_map_at_10_diff1": 0.498617,
        "nauc_map_at_10_max": 0.139929,
        "nauc_map_at_10_std": -0.351339,
        "nauc_map_at_1_diff1": 0.575861,
        "nauc_map_at_1_max": 0.107197,
        "nauc_map_at_1_std": -0.285113,
        "nauc_map_at_20_diff1": 0.494104,
        "nauc_map_at_20_max": 0.137943,
        "nauc_map_at_20_std": -0.350129,
        "nauc_map_at_3_diff1": 0.497683,
        "nauc_map_at_3_max": 0.133231,
        "nauc_map_at_3_std": -0.334949,
        "nauc_map_at_5_diff1": 0.496379,
        "nauc_map_at_5_max": 0.141203,
        "nauc_map_at_5_std": -0.343174,
        "nauc_mrr_at_1000_diff1": 0.506492,
        "nauc_mrr_at_1000_max": 0.141608,
        "nauc_mrr_at_1000_std": -0.342445,
        "nauc_mrr_at_100_diff1": 0.50612,
        "nauc_mrr_at_100_max": 0.142077,
        "nauc_mrr_at_100_std": -0.341784,
        "nauc_mrr_at_10_diff1": 0.50865,
        "nauc_mrr_at_10_max": 0.138964,
        "nauc_mrr_at_10_std": -0.348748,
        "nauc_mrr_at_1_diff1": 0.541282,
        "nauc_mrr_at_1_max": 0.152869,
        "nauc_mrr_at_1_std": -0.328808,
        "nauc_mrr_at_20_diff1": 0.506821,
        "nauc_mrr_at_20_max": 0.141242,
        "nauc_mrr_at_20_std": -0.344706,
        "nauc_mrr_at_3_diff1": 0.511325,
        "nauc_mrr_at_3_max": 0.133462,
        "nauc_mrr_at_3_std": -0.345248,
        "nauc_mrr_at_5_diff1": 0.505039,
        "nauc_mrr_at_5_max": 0.135185,
        "nauc_mrr_at_5_std": -0.346212,
        "nauc_ndcg_at_1000_diff1": 0.485049,
        "nauc_ndcg_at_1000_max": 0.147095,
        "nauc_ndcg_at_1000_std": -0.335632,
        "nauc_ndcg_at_100_diff1": 0.473909,
        "nauc_ndcg_at_100_max": 0.156088,
        "nauc_ndcg_at_100_std": -0.319654,
        "nauc_ndcg_at_10_diff1": 0.491738,
        "nauc_ndcg_at_10_max": 0.138038,
        "nauc_ndcg_at_10_std": -0.361903,
        "nauc_ndcg_at_1_diff1": 0.536471,
        "nauc_ndcg_at_1_max": 0.14835,
        "nauc_ndcg_at_1_std": -0.332389,
        "nauc_ndcg_at_20_diff1": 0.478206,
        "nauc_ndcg_at_20_max": 0.136968,
        "nauc_ndcg_at_20_std": -0.352838,
        "nauc_ndcg_at_3_diff1": 0.491111,
        "nauc_ndcg_at_3_max": 0.125226,
        "nauc_ndcg_at_3_std": -0.345658,
        "nauc_ndcg_at_5_diff1": 0.486017,
        "nauc_ndcg_at_5_max": 0.136356,
        "nauc_ndcg_at_5_std": -0.349126,
        "nauc_precision_at_1000_diff1": -0.047541,
        "nauc_precision_at_1000_max": 0.120067,
        "nauc_precision_at_1000_std": 0.003277,
        "nauc_precision_at_100_diff1": 0.037626,
        "nauc_precision_at_100_max": 0.160974,
        "nauc_precision_at_100_std": -0.033991,
        "nauc_precision_at_10_diff1": 0.264323,
        "nauc_precision_at_10_max": 0.125457,
        "nauc_precision_at_10_std": -0.32541,
        "nauc_precision_at_1_diff1": 0.536471,
        "nauc_precision_at_1_max": 0.14835,
        "nauc_precision_at_1_std": -0.332389,
        "nauc_precision_at_20_diff1": 0.184945,
        "nauc_precision_at_20_max": 0.106218,
        "nauc_precision_at_20_std": -0.265463,
        "nauc_precision_at_3_diff1": 0.306265,
        "nauc_precision_at_3_max": 0.141353,
        "nauc_precision_at_3_std": -0.324651,
        "nauc_precision_at_5_diff1": 0.280498,
        "nauc_precision_at_5_max": 0.140835,
        "nauc_precision_at_5_std": -0.317401,
        "nauc_recall_at_1000_diff1": NaN,
        "nauc_recall_at_1000_max": NaN,
        "nauc_recall_at_1000_std": NaN,
        "nauc_recall_at_100_diff1": 0.2966,
        "nauc_recall_at_100_max": 0.294638,
        "nauc_recall_at_100_std": -0.068819,
        "nauc_recall_at_10_diff1": 0.447247,
        "nauc_recall_at_10_max": 0.135658,
        "nauc_recall_at_10_std": -0.375709,
        "nauc_recall_at_1_diff1": 0.575861,
        "nauc_recall_at_1_max": 0.107197,
        "nauc_recall_at_1_std": -0.285113,
        "nauc_recall_at_20_diff1": 0.398565,
        "nauc_recall_at_20_max": 0.132651,
        "nauc_recall_at_20_std": -0.343159,
        "nauc_recall_at_3_diff1": 0.447492,
        "nauc_recall_at_3_max": 0.108491,
        "nauc_recall_at_3_std": -0.329694,
        "nauc_recall_at_5_diff1": 0.432242,
        "nauc_recall_at_5_max": 0.129046,
        "nauc_recall_at_5_std": -0.343245,
        "ndcg_at_1": 0.3104,
        "ndcg_at_10": 0.39712,
        "ndcg_at_100": 0.47154,
        "ndcg_at_1000": 0.49429,
        "ndcg_at_20": 0.42036,
        "ndcg_at_3": 0.34439,
        "ndcg_at_5": 0.36926,
        "precision_at_1": 0.3104,
        "precision_at_10": 0.08135,
        "precision_at_100": 0.01338,
        "precision_at_1000": 0.00156,
        "precision_at_20": 0.04763,
        "precision_at_3": 0.1947,
        "precision_at_5": 0.13731,
        "recall_at_1": 0.21888,
        "recall_at_10": 0.50757,
        "recall_at_100": 0.83588,
        "recall_at_1000": 1.0,
        "recall_at_20": 0.58723,
        "recall_at_3": 0.36993,
        "recall_at_5": 0.43282
      },
      {
        "hf_subset": "eng-kor",
        "languages": [
          "eng-Latn",
          "kor-Hang"
        ],
        "main_score": 0.34845,
        "map_at_1": 0.16119,
        "map_at_10": 0.28906,
        "map_at_100": 0.30919,
        "map_at_1000": 0.31078,
        "map_at_20": 0.29904,
        "map_at_3": 0.24913,
        "map_at_5": 0.27061,
        "mrr_at_1": 0.287462,
        "mrr_at_10": 0.365221,
        "mrr_at_100": 0.376613,
        "mrr_at_1000": 0.377337,
        "mrr_at_20": 0.370895,
        "mrr_at_3": 0.342253,
        "mrr_at_5": 0.352803,
        "nauc_map_at_1000_diff1": 0.41326,
        "nauc_map_at_1000_max": 0.090753,
        "nauc_map_at_1000_std": -0.279699,
        "nauc_map_at_100_diff1": 0.413247,
        "nauc_map_at_100_max": 0.090366,
        "nauc_map_at_100_std": -0.280536,
        "nauc_map_at_10_diff1": 0.414514,
        "nauc_map_at_10_max": 0.085552,
        "nauc_map_at_10_std": -0.282792,
        "nauc_map_at_1_diff1": 0.473545,
        "nauc_map_at_1_max": 0.115574,
        "nauc_map_at_1_std": -0.234199,
        "nauc_map_at_20_diff1": 0.412695,
        "nauc_map_at_20_max": 0.088468,
        "nauc_map_at_20_std": -0.282573,
        "nauc_map_at_3_diff1": 0.429627,
        "nauc_map_at_3_max": 0.083546,
        "nauc_map_at_3_std": -0.284019,
        "nauc_map_at_5_diff1": 0.417692,
        "nauc_map_at_5_max": 0.082876,
        "nauc_map_at_5_std": -0.283747,
        "nauc_mrr_at_1000_diff1": 0.395373,
        "nauc_mrr_at_1000_max": 0.083805,
        "nauc_mrr_at_1000_std": -0.278749,
        "nauc_mrr_at_100_diff1": 0.395233,
        "nauc_mrr_at_100_max": 0.084214,
        "nauc_mrr_at_100_std": -0.278236,
        "nauc_mrr_at_10_diff1": 0.393161,
        "nauc_mrr_at_10_max": 0.076775,
        "nauc_mrr_at_10_std": -0.28517,
        "nauc_mrr_at_1_diff1": 0.437404,
        "nauc_mrr_at_1_max": 0.116774,
        "nauc_mrr_at_1_std": -0.269857,
        "nauc_mrr_at_20_diff1": 0.39321,
        "nauc_mrr_at_20_max": 0.081766,
        "nauc_mrr_at_20_std": -0.280862,