{
  "dataset_revision": "main",
  "task_name": "MIRACLRetrieval",
  "mteb_version": "1.14.15",
  "scores": {
    "dev": [
      {
        "hf_subset": "ko",
        "languages": [
          "kor-Kore"
        ],
        "main_score": 0.66486,
        "map_at_1": 0.39817,
        "map_at_10": 0.57475,
        "map_at_100": 0.59592,
        "map_at_1000": 0.59688,
        "map_at_20": 0.58615,
        "map_at_3": 0.51008,
        "map_at_5": 0.5453,
        "mrr_at_1": 0.629108,
        "mrr_at_10": 0.736659,
        "mrr_at_100": 0.739687,
        "mrr_at_1000": 0.739772,
        "mrr_at_20": 0.738744,
        "mrr_at_3": 0.72144,
        "mrr_at_5": 0.732003,
        "nauc_map_at_1000_diff1": 0.383791,
        "nauc_map_at_1000_max": 0.403084,
        "nauc_map_at_1000_std": -0.063793,
        "nauc_map_at_100_diff1": 0.382785,
        "nauc_map_at_100_max": 0.402387,
        "nauc_map_at_100_std": -0.065442,
        "nauc_map_at_10_diff1": 0.390894,
        "nauc_map_at_10_max": 0.404144,
        "nauc_map_at_10_std": -0.086723,
        "nauc_map_at_1_diff1": 0.44051,
        "nauc_map_at_1_max": 0.323657,
        "nauc_map_at_1_std": -0.183238,
        "nauc_map_at_20_diff1": 0.381852,
        "nauc_map_at_20_max": 0.399065,
        "nauc_map_at_20_std": -0.0793,
        "nauc_map_at_3_diff1": 0.381696,
        "nauc_map_at_3_max": 0.355649,
        "nauc_map_at_3_std": -0.166004,
        "nauc_map_at_5_diff1": 0.397689,
        "nauc_map_at_5_max": 0.368504,
        "nauc_map_at_5_std": -0.140483,
        "nauc_mrr_at_1000_diff1": 0.387239,
        "nauc_mrr_at_1000_max": 0.453763,
        "nauc_mrr_at_1000_std": 0.159996,
        "nauc_mrr_at_100_diff1": 0.387237,
        "nauc_mrr_at_100_max": 0.453859,
        "nauc_mrr_at_100_std": 0.1602,
        "nauc_mrr_at_10_diff1": 0.38875,
        "nauc_mrr_at_10_max": 0.458534,
        "nauc_mrr_at_10_std": 0.165457,
        "nauc_mrr_at_1_diff1": 0.432784,
        "nauc_mrr_at_1_max": 0.437924,
        "nauc_mrr_at_1_std": 0.089019,
        "nauc_mrr_at_20_diff1": 0.387127,
        "nauc_mrr_at_20_max": 0.455101,
        "nauc_mrr_at_20_std": 0.160863,
        "nauc_mrr_at_3_diff1": 0.375495,
        "nauc_mrr_at_3_max": 0.440204,
        "nauc_mrr_at_3_std": 0.162818,
        "nauc_mrr_at_5_diff1": 0.39178,
        "nauc_mrr_at_5_max": 0.454105,
        "nauc_mrr_at_5_std": 0.166061,
        "nauc_ndcg_at_1000_diff1": 0.37244,
        "nauc_ndcg_at_1000_max": 0.44112,
        "nauc_ndcg_at_1000_std": 0.056337,
        "nauc_ndcg_at_100_diff1": 0.363061,
        "nauc_ndcg_at_100_max": 0.436228,
        "nauc_ndcg_at_100_std": 0.04076,
        "nauc_ndcg_at_10_diff1": 0.385656,
        "nauc_ndcg_at_10_max": 0.447724,
        "nauc_ndcg_at_10_std": -0.002272,
        "nauc_ndcg_at_1_diff1": 0.432784,
        "nauc_ndcg_at_1_max": 0.437924,
        "nauc_ndcg_at_1_std": 0.089019,
        "nauc_ndcg_at_20_diff1": 0.363341,
        "nauc_ndcg_at_20_max": 0.431213,
        "nauc_ndcg_at_20_std": 0.001456,
        "nauc_ndcg_at_3_diff1": 0.350483,
        "nauc_ndcg_at_3_max": 0.390365,
        "nauc_ndcg_at_3_std": 0.000949,
        "nauc_ndcg_at_5_diff1": 0.395583,
        "nauc_ndcg_at_5_max": 0.400135,
        "nauc_ndcg_at_5_std": -0.023625,
        "nauc_precision_at_1000_diff1": -0.167489,
        "nauc_precision_at_1000_max": 0.008713,
        "nauc_precision_at_1000_std": 0.478023,
        "nauc_precision_at_100_diff1": -0.186251,
        "nauc_precision_at_100_max": 0.016349,
        "nauc_precision_at_100_std": 0.465473,
        "nauc_precision_at_10_diff1": -0.096284,
        "nauc_precision_at_10_max": 0.166026,
        "nauc_precision_at_10_std": 0.456017,
        "nauc_precision_at_1_diff1": 0.432784,
        "nauc_precision_at_1_max": 0.437924,
        "nauc_precision_at_1_std": 0.089019,
        "nauc_precision_at_20_diff1": -0.16422,
        "nauc_precision_at_20_max": 0.083575,
        "nauc_precision_at_20_std": 0.443008,
        "nauc_precision_at_3_diff1": -0.051559,
        "nauc_precision_at_3_max": 0.235282,
        "nauc_precision_at_3_std": 0.300256,
        "nauc_precision_at_5_diff1": -0.045818,
        "nauc_precision_at_5_max": 0.157841,
        "nauc_precision_at_5_std": 0.360962,
        "nauc_recall_at_1000_diff1": 0.180695,
        "nauc_recall_at_1000_max": 0.788423,
        "nauc_recall_at_1000_std": 0.839669,
        "nauc_recall_at_100_diff1": 0.099886,
        "nauc_recall_at_100_max": 0.402475,
        "nauc_recall_at_100_std": 0.125368,
        "nauc_recall_at_10_diff1": 0.333631,
        "nauc_recall_at_10_max": 0.462289,
        "nauc_recall_at_10_std": -0.013821,
        "nauc_recall_at_1_diff1": 0.44051,
        "nauc_recall_at_1_max": 0.323657,
        "nauc_recall_at_1_std": -0.183238,
        "nauc_recall_at_20_diff1": 0.229168,
        "nauc_recall_at_20_max": 0.384391,
        "nauc_recall_at_20_std": -0.038414,
        "nauc_recall_at_3_diff1": 0.30982,
        "nauc_recall_at_3_max": 0.301741,
        "nauc_recall_at_3_std": -0.167198,
        "nauc_recall_at_5_diff1": 0.364688,
        "nauc_recall_at_5_max": 0.32945,
        "nauc_recall_at_5_std": -0.151867,
        "ndcg_at_1": 0.62911,
        "ndcg_at_10": 0.66486,
        "ndcg_at_100": 0.71956,
        "ndcg_at_1000": 0.72913,
        "ndcg_at_20": 0.68729,
        "ndcg_at_3": 0.623,
        "ndcg_at_5": 0.63547,
        "precision_at_1": 0.62911,
        "precision_at_10": 0.16761,
        "precision_at_100": 0.02324,
        "precision_at_1000": 0.00253,
        "precision_at_20": 0.09437,
        "precision_at_3": 0.37089,
        "precision_at_5": 0.27512,
        "recall_at_1": 0.39817,
        "recall_at_10": 0.75212,
        "recall_at_100": 0.93362,
        "recall_at_1000": 0.98208,
        "recall_at_20": 0.81836,
        "recall_at_3": 0.57548,
        "recall_at_5": 0.6547
      }
    ]
  },
  "evaluation_time": 22242.408529043198,
  "kg_co2_emissions": null
}