{
  "dataset_revision": "fc24a3ce8f09746410daee3d5cd823ff7a0675b7",
  "task_name": "MrTidyRetrieval",
  "mteb_version": "1.14.15",
  "scores": {
    "test": [
      {
        "hf_subset": "korean",
        "languages": [
          "kor-Kore"
        ],
        "main_score": 0.64211,
        "map_at_1": 0.46397,
        "map_at_10": 0.58923,
        "map_at_100": 0.59711,
        "map_at_1000": 0.59734,
        "map_at_20": 0.59392,
        "map_at_3": 0.5644,
        "map_at_5": 0.58063,
        "mrr_at_1": 0.498812,
        "mrr_at_10": 0.611793,
        "mrr_at_100": 0.617246,
        "mrr_at_1000": 0.617405,
        "mrr_at_20": 0.614765,
        "mrr_at_3": 0.591845,
        "mrr_at_5": 0.60479,
        "nauc_map_at_1000_diff1": 0.479312,
        "nauc_map_at_1000_max": 0.400733,
        "nauc_map_at_1000_std": 0.043488,
        "nauc_map_at_100_diff1": 0.479251,
        "nauc_map_at_100_max": 0.400774,
        "nauc_map_at_100_std": 0.043457,
        "nauc_map_at_10_diff1": 0.480653,
        "nauc_map_at_10_max": 0.396328,
        "nauc_map_at_10_std": 0.039508,
        "nauc_map_at_1_diff1": 0.532191,
        "nauc_map_at_1_max": 0.395418,
        "nauc_map_at_1_std": 0.050946,
        "nauc_map_at_20_diff1": 0.48005,
        "nauc_map_at_20_max": 0.399024,
        "nauc_map_at_20_std": 0.041856,
        "nauc_map_at_3_diff1": 0.482292,
        "nauc_map_at_3_max": 0.399571,
        "nauc_map_at_3_std": 0.036902,
        "nauc_map_at_5_diff1": 0.4783,
        "nauc_map_at_5_max": 0.399374,
        "nauc_map_at_5_std": 0.039477,
        "nauc_mrr_at_1000_diff1": 0.495225,
        "nauc_mrr_at_1000_max": 0.422085,
        "nauc_mrr_at_1000_std": 0.046087,
        "nauc_mrr_at_100_diff1": 0.495091,
        "nauc_mrr_at_100_max": 0.422015,
        "nauc_mrr_at_100_std": 0.045972,
        "nauc_mrr_at_10_diff1": 0.496383,
        "nauc_mrr_at_10_max": 0.419749,
        "nauc_mrr_at_10_std": 0.04347,
        "nauc_mrr_at_1_diff1": 0.550277,
        "nauc_mrr_at_1_max": 0.424323,
        "nauc_mrr_at_1_std": 0.05654,
        "nauc_mrr_at_20_diff1": 0.495834,
        "nauc_mrr_at_20_max": 0.421999,
        "nauc_mrr_at_20_std": 0.045714,
        "nauc_mrr_at_3_diff1": 0.493117,
        "nauc_mrr_at_3_max": 0.422173,
        "nauc_mrr_at_3_std": 0.045486,
        "nauc_mrr_at_5_diff1": 0.494877,
        "nauc_mrr_at_5_max": 0.4229,
        "nauc_mrr_at_5_std": 0.042718,
        "nauc_ndcg_at_1000_diff1": 0.467182,
        "nauc_ndcg_at_1000_max": 0.414062,
        "nauc_ndcg_at_1000_std": 0.057771,
        "nauc_ndcg_at_100_diff1": 0.463767,
        "nauc_ndcg_at_100_max": 0.415211,
        "nauc_ndcg_at_100_std": 0.059256,
        "nauc_ndcg_at_10_diff1": 0.470593,
        "nauc_ndcg_at_10_max": 0.39609,
        "nauc_ndcg_at_10_std": 0.037383,
        "nauc_ndcg_at_1_diff1": 0.550277,
        "nauc_ndcg_at_1_max": 0.424323,
        "nauc_ndcg_at_1_std": 0.05654,
        "nauc_ndcg_at_20_diff1": 0.469374,
        "nauc_ndcg_at_20_max": 0.405196,
        "nauc_ndcg_at_20_std": 0.046657,
        "nauc_ndcg_at_3_diff1": 0.469167,
        "nauc_ndcg_at_3_max": 0.404427,
        "nauc_ndcg_at_3_std": 0.036587,
        "nauc_ndcg_at_5_diff1": 0.465251,
        "nauc_ndcg_at_5_max": 0.403205,
        "nauc_ndcg_at_5_std": 0.036466,
        "nauc_precision_at_1000_diff1": -0.13769,
        "nauc_precision_at_1000_max": 0.070745,
        "nauc_precision_at_1000_std": 0.065251,
        "nauc_precision_at_100_diff1": -0.072917,
        "nauc_precision_at_100_max": 0.154306,
        "nauc_precision_at_100_std": 0.09579,
        "nauc_precision_at_10_diff1": 0.175392,
        "nauc_precision_at_10_max": 0.21947,
        "nauc_precision_at_10_std": 0.000451,
        "nauc_precision_at_1_diff1": 0.550277,
        "nauc_precision_at_1_max": 0.424323,
        "nauc_precision_at_1_std": 0.05654,
        "nauc_precision_at_20_diff1": 0.100121,
        "nauc_precision_at_20_max": 0.195009,
        "nauc_precision_at_20_std": 0.033877,
        "nauc_precision_at_3_diff1": 0.310815,
        "nauc_precision_at_3_max": 0.339958,
        "nauc_precision_at_3_std": 0.012185,
        "nauc_precision_at_5_diff1": 0.217665,
        "nauc_precision_at_5_max": 0.27959,
        "nauc_precision_at_5_std": -9e-06,
        "nauc_recall_at_1000_diff1": 0.179224,
        "nauc_recall_at_1000_max": 0.626912,
        "nauc_recall_at_1000_std": 0.569295,
        "nauc_recall_at_100_diff1": 0.235176,
        "nauc_recall_at_100_max": 0.527848,
        "nauc_recall_at_100_std": 0.329907,
        "nauc_recall_at_10_diff1": 0.403673,
        "nauc_recall_at_10_max": 0.346238,
        "nauc_recall_at_10_std": 0.025492,
        "nauc_recall_at_1_diff1": 0.532191,
        "nauc_recall_at_1_max": 0.395418,
        "nauc_recall_at_1_std": 0.050946,
        "nauc_recall_at_20_diff1": 0.389603,
        "nauc_recall_at_20_max": 0.385927,
        "nauc_recall_at_20_std": 0.077729,
        "nauc_recall_at_3_diff1": 0.409825,
        "nauc_recall_at_3_max": 0.390228,
        "nauc_recall_at_3_std": 0.027788,
        "nauc_recall_at_5_diff1": 0.391203,
        "nauc_recall_at_5_max": 0.376514,
        "nauc_recall_at_5_std": 0.023162,
        "ndcg_at_1": 0.49881,
        "ndcg_at_10": 0.64211,
        "ndcg_at_100": 0.67545,
        "ndcg_at_1000": 0.68117,
        "ndcg_at_20": 0.65623,
        "ndcg_at_3": 0.5974,
        "ndcg_at_5": 0.62353,
        "precision_at_1": 0.49881,
        "precision_at_10": 0.08884,
        "precision_at_100": 0.01076,
        "precision_at_1000": 0.00113,
        "precision_at_20": 0.04786,
        "precision_at_3": 0.24782,
        "precision_at_5": 0.16437,
        "recall_at_1": 0.46397,
        "recall_at_10": 0.77672,
        "recall_at_100": 0.9228,
        "recall_at_1000": 0.96635,
        "recall_at_20": 0.82779,
        "recall_at_3": 0.66508,
        "recall_at_5": 0.72328
      }
    ]
  },
  "evaluation_time": 23272.438604593277,
  "kg_co2_emissions": null
}