{
  "dataset_revision": "c99d599f0a6ab9b85b065da6f9d94f9cf731679f",
  "task_name": "XPQARetrieval",
  "mteb_version": "1.14.15",
  "scores": {
    "test": [
      {
        "hf_subset": "kor-kor",
        "languages": [
          "kor-Hang",
          "kor-Hang"
        ],
        "main_score": 0.3571,
        "map_at_1": 0.19353,
        "map_at_10": 0.30797,
        "map_at_100": 0.3219,
        "map_at_1000": 0.32316,
        "map_at_20": 0.31431,
        "map_at_3": 0.27544,
        "map_at_5": 0.29204,
        "mrr_at_1": 0.279817,
        "mrr_at_10": 0.348422,
        "mrr_at_100": 0.358717,
        "mrr_at_1000": 0.359539,
        "mrr_at_20": 0.353329,
        "mrr_at_3": 0.325688,
        "mrr_at_5": 0.336391,
        "nauc_map_at_1000_diff1": 0.513855,
        "nauc_map_at_1000_max": 0.157066,
        "nauc_map_at_1000_std": -0.219479,
        "nauc_map_at_100_diff1": 0.513496,
        "nauc_map_at_100_max": 0.157224,
        "nauc_map_at_100_std": -0.218993,
        "nauc_map_at_10_diff1": 0.517444,
        "nauc_map_at_10_max": 0.157662,
        "nauc_map_at_10_std": -0.224241,
        "nauc_map_at_1_diff1": 0.602643,
        "nauc_map_at_1_max": 0.133379,
        "nauc_map_at_1_std": -0.191861,
        "nauc_map_at_20_diff1": 0.512983,
        "nauc_map_at_20_max": 0.156556,
        "nauc_map_at_20_std": -0.221675,
        "nauc_map_at_3_diff1": 0.544331,
        "nauc_map_at_3_max": 0.158478,
        "nauc_map_at_3_std": -0.225633,
        "nauc_map_at_5_diff1": 0.530736,
        "nauc_map_at_5_max": 0.161492,
        "nauc_map_at_5_std": -0.231348,
        "nauc_mrr_at_1000_diff1": 0.528383,
        "nauc_mrr_at_1000_max": 0.150612,
        "nauc_mrr_at_1000_std": -0.210759,
        "nauc_mrr_at_100_diff1": 0.528008,
        "nauc_mrr_at_100_max": 0.150759,
        "nauc_mrr_at_100_std": -0.210088,
        "nauc_mrr_at_10_diff1": 0.529836,
        "nauc_mrr_at_10_max": 0.148703,
        "nauc_mrr_at_10_std": -0.21438,
        "nauc_mrr_at_1_diff1": 0.574396,
        "nauc_mrr_at_1_max": 0.162653,
        "nauc_mrr_at_1_std": -0.188335,
        "nauc_mrr_at_20_diff1": 0.527961,
        "nauc_mrr_at_20_max": 0.15013,
        "nauc_mrr_at_20_std": -0.211494,
        "nauc_mrr_at_3_diff1": 0.542128,
        "nauc_mrr_at_3_max": 0.150263,
        "nauc_mrr_at_3_std": -0.217991,
        "nauc_mrr_at_5_diff1": 0.537079,
        "nauc_mrr_at_5_max": 0.152484,
        "nauc_mrr_at_5_std": -0.219674,
        "nauc_ndcg_at_1000_diff1": 0.498112,
        "nauc_ndcg_at_1000_max": 0.156403,
        "nauc_ndcg_at_1000_std": -0.204244,
        "nauc_ndcg_at_100_diff1": 0.485256,
        "nauc_ndcg_at_100_max": 0.161153,
        "nauc_ndcg_at_100_std": -0.189038,
        "nauc_ndcg_at_10_diff1": 0.495999,
        "nauc_ndcg_at_10_max": 0.150792,
        "nauc_ndcg_at_10_std": -0.224298,
        "nauc_ndcg_at_1_diff1": 0.574396,
        "nauc_ndcg_at_1_max": 0.162653,
        "nauc_ndcg_at_1_std": -0.188335,
        "nauc_ndcg_at_20_diff1": 0.484747,
        "nauc_ndcg_at_20_max": 0.151085,
        "nauc_ndcg_at_20_std": -0.214817,
        "nauc_ndcg_at_3_diff1": 0.535551,
        "nauc_ndcg_at_3_max": 0.151151,
        "nauc_ndcg_at_3_std": -0.232683,
        "nauc_ndcg_at_5_diff1": 0.519503,
        "nauc_ndcg_at_5_max": 0.157845,
        "nauc_ndcg_at_5_std": -0.23855,
        "nauc_precision_at_1000_diff1": -0.035895,
        "nauc_precision_at_1000_max": 0.072158,
        "nauc_precision_at_1000_std": 0.116514,
        "nauc_precision_at_100_diff1": 0.084637,
        "nauc_precision_at_100_max": 0.128895,
        "nauc_precision_at_100_std": 0.072282,
        "nauc_precision_at_10_diff1": 0.254809,
        "nauc_precision_at_10_max": 0.107584,
        "nauc_precision_at_10_std": -0.163329,
        "nauc_precision_at_1_diff1": 0.574396,
        "nauc_precision_at_1_max": 0.162653,
        "nauc_precision_at_1_std": -0.188335,
        "nauc_precision_at_20_diff1": 0.188474,
        "nauc_precision_at_20_max": 0.100399,
        "nauc_precision_at_20_std": -0.10994,
        "nauc_precision_at_3_diff1": 0.383398,
        "nauc_precision_at_3_max": 0.146017,
        "nauc_precision_at_3_std": -0.207119,
        "nauc_precision_at_5_diff1": 0.33201,
        "nauc_precision_at_5_max": 0.139139,
        "nauc_precision_at_5_std": -0.212962,
        "nauc_recall_at_1000_diff1": NaN,
        "nauc_recall_at_1000_max": NaN,
        "nauc_recall_at_1000_std": NaN,
        "nauc_recall_at_100_diff1": 0.308273,
        "nauc_recall_at_100_max": 0.201153,
        "nauc_recall_at_100_std": -0.010097,
        "nauc_recall_at_10_diff1": 0.40651,
        "nauc_recall_at_10_max": 0.140788,
        "nauc_recall_at_10_std": -0.22041,
        "nauc_recall_at_1_diff1": 0.602643,
        "nauc_recall_at_1_max": 0.133379,
        "nauc_recall_at_1_std": -0.191861,
        "nauc_recall_at_20_diff1": 0.366924,
        "nauc_recall_at_20_max": 0.140173,
        "nauc_recall_at_20_std": -0.193656,
        "nauc_recall_at_3_diff1": 0.507677,
        "nauc_recall_at_3_max": 0.14379,
        "nauc_recall_at_3_std": -0.250851,
        "nauc_recall_at_5_diff1": 0.469536,
        "nauc_recall_at_5_max": 0.156273,
        "nauc_recall_at_5_std": -0.257644,
        "ndcg_at_1": 0.27982,
        "ndcg_at_10": 0.3571,
        "ndcg_at_100": 0.42603,
        "ndcg_at_1000": 0.45678,
        "ndcg_at_20": 0.37717,
        "ndcg_at_3": 0.30518,
        "ndcg_at_5": 0.32476,
        "precision_at_1": 0.27982,
        "precision_at_10": 0.07477,
        "precision_at_100": 0.0124,
        "precision_at_1000": 0.00156,
        "precision_at_20": 0.04335,
        "precision_at_3": 0.1738,
        "precision_at_5": 0.12141,
        "recall_at_1": 0.19353,
        "recall_at_10": 0.46376,
        "recall_at_100": 0.77339,
        "recall_at_1000": 1.0,
        "recall_at_20": 0.53236,
        "recall_at_3": 0.32531,
        "recall_at_5": 0.37551
      },
      {
        "hf_subset": "eng-kor",
        "languages": [
          "eng-Latn",
          "kor-Hang"
        ],
        "main_score": 0.31094,
        "map_at_1": 0.11333,
        "map_at_10": 0.24545,
        "map_at_100": 0.26562,
        "map_at_1000": 0.26749,
        "map_at_20": 0.25597,
        "map_at_3": 0.19906,
        "map_at_5": 0.22564,
        "mrr_at_1": 0.203364,
        "mrr_at_10": 0.306646,
        "mrr_at_100": 0.320082,
        "mrr_at_1000": 0.320809,
        "mrr_at_20": 0.315106,
        "mrr_at_3": 0.277778,
        "mrr_at_5": 0.293909,
        "nauc_map_at_1000_diff1": 0.11426,
        "nauc_map_at_1000_max": 0.135221,
        "nauc_map_at_1000_std": -0.233223,
        "nauc_map_at_100_diff1": 0.114136,
        "nauc_map_at_100_max": 0.133707,
        "nauc_map_at_100_std": -0.234111,
        "nauc_map_at_10_diff1": 0.11845,
        "nauc_map_at_10_max": 0.135634,
        "nauc_map_at_10_std": -0.24271,
        "nauc_map_at_1_diff1": 0.169235,
        "nauc_map_at_1_max": 0.212185,
        "nauc_map_at_1_std": -0.175919,
        "nauc_map_at_20_diff1": 0.11725,
        "nauc_map_at_20_max": 0.133236,
        "nauc_map_at_20_std": -0.240417,
        "nauc_map_at_3_diff1": 0.116773,
        "nauc_map_at_3_max": 0.166007,
        "nauc_map_at_3_std": -0.225589,
        "nauc_map_at_5_diff1": 0.12201,
        "nauc_map_at_5_max": 0.147701,
        "nauc_map_at_5_std": -0.235696,
        "nauc_mrr_at_1000_diff1": 0.103987,
        "nauc_mrr_at_1000_max": 0.132949,
        "nauc_mrr_at_1000_std": -0.229123,
        "nauc_mrr_at_100_diff1": 0.103774,
        "nauc_mrr_at_100_max": 0.132398,
        "nauc_mrr_at_100_std": -0.229007,
        "nauc_mrr_at_10_diff1": 0.107548,
        "nauc_mrr_at_10_max": 0.130267,
        "nauc_mrr_at_10_std": -0.239168,
        "nauc_mrr_at_1_diff1": 0.15806,
        "nauc_mrr_at_1_max": 0.230595,
        "nauc_mrr_at_1_std": -0.176678,
        "nauc_mrr_at_20_diff1": 0.103521,
        "nauc_mrr_at_20_max": 0.130388,
        "nauc_mrr_at_20_std": -0.233138,