{
  "dataset_revision": "75b399394a9803252cfec289d103de462763db7c",
  "task_name": "BelebeleRetrieval",
  "mteb_version": "1.14.15",
  "scores": {
    "test": [
      {
        "hf_subset": "kor_Hang-kor_Hang",
        "languages": [
          "kor-Hang",
          "kor-Hang"
        ],
        "main_score": 0.92403,
        "map_at_1": 0.87,
        "map_at_10": 0.9083,
        "map_at_100": 0.90944,
        "map_at_1000": 0.90947,
        "map_at_20": 0.90918,
        "map_at_3": 0.90241,
        "map_at_5": 0.90624,
        "mrr_at_1": 0.87,
        "mrr_at_10": 0.908295,
        "mrr_at_100": 0.909444,
        "mrr_at_1000": 0.909471,
        "mrr_at_20": 0.909178,
        "mrr_at_3": 0.902407,
        "mrr_at_5": 0.906241,
        "nauc_map_at_1000_diff1": 0.90871,
        "nauc_map_at_1000_max": 0.766168,
        "nauc_map_at_1000_std": -0.16488,
        "nauc_map_at_100_diff1": 0.908725,
        "nauc_map_at_100_max": 0.766239,
        "nauc_map_at_100_std": -0.164846,
        "nauc_map_at_10_diff1": 0.90836,
        "nauc_map_at_10_max": 0.765767,
        "nauc_map_at_10_std": -0.166154,
        "nauc_map_at_1_diff1": 0.912015,
        "nauc_map_at_1_max": 0.757696,
        "nauc_map_at_1_std": -0.150411,
        "nauc_map_at_20_diff1": 0.908854,
        "nauc_map_at_20_max": 0.766455,
        "nauc_map_at_20_std": -0.164406,
        "nauc_map_at_3_diff1": 0.904584,
        "nauc_map_at_3_max": 0.763025,
        "nauc_map_at_3_std": -0.17703,
        "nauc_map_at_5_diff1": 0.908556,
        "nauc_map_at_5_max": 0.764787,
        "nauc_map_at_5_std": -0.177322,
        "nauc_mrr_at_1000_diff1": 0.90871,
        "nauc_mrr_at_1000_max": 0.766168,
        "nauc_mrr_at_1000_std": -0.16488,
        "nauc_mrr_at_100_diff1": 0.908725,
        "nauc_mrr_at_100_max": 0.766239,
        "nauc_mrr_at_100_std": -0.164846,
        "nauc_mrr_at_10_diff1": 0.90836,
        "nauc_mrr_at_10_max": 0.765767,
        "nauc_mrr_at_10_std": -0.166154,
        "nauc_mrr_at_1_diff1": 0.912015,
        "nauc_mrr_at_1_max": 0.757696,
        "nauc_mrr_at_1_std": -0.150411,
        "nauc_mrr_at_20_diff1": 0.908854,
        "nauc_mrr_at_20_max": 0.766455,
        "nauc_mrr_at_20_std": -0.164406,
        "nauc_mrr_at_3_diff1": 0.904584,
        "nauc_mrr_at_3_max": 0.763025,
        "nauc_mrr_at_3_std": -0.17703,
        "nauc_mrr_at_5_diff1": 0.908556,
        "nauc_mrr_at_5_max": 0.764787,
        "nauc_mrr_at_5_std": -0.177322,
        "nauc_ndcg_at_1000_diff1": 0.908994,
        "nauc_ndcg_at_1000_max": 0.768476,
        "nauc_ndcg_at_1000_std": -0.163454,
        "nauc_ndcg_at_100_diff1": 0.909477,
        "nauc_ndcg_at_100_max": 0.770465,
        "nauc_ndcg_at_100_std": -0.160886,
        "nauc_ndcg_at_10_diff1": 0.908483,
        "nauc_ndcg_at_10_max": 0.769415,
        "nauc_ndcg_at_10_std": -0.16401,
        "nauc_ndcg_at_1_diff1": 0.912015,
        "nauc_ndcg_at_1_max": 0.757696,
        "nauc_ndcg_at_1_std": -0.150411,
        "nauc_ndcg_at_20_diff1": 0.910249,
        "nauc_ndcg_at_20_max": 0.772394,
        "nauc_ndcg_at_20_std": -0.155409,
        "nauc_ndcg_at_3_diff1": 0.901349,
        "nauc_ndcg_at_3_max": 0.763319,
        "nauc_ndcg_at_3_std": -0.191857,
        "nauc_ndcg_at_5_diff1": 0.909287,
        "nauc_ndcg_at_5_max": 0.766589,
        "nauc_ndcg_at_5_std": -0.194728,
        "nauc_precision_at_1000_diff1": NaN,
        "nauc_precision_at_1000_max": NaN,
        "nauc_precision_at_1000_std": NaN,
        "nauc_precision_at_100_diff1": 0.96732,
        "nauc_precision_at_100_max": 1.0,
        "nauc_precision_at_100_std": 0.185574,
        "nauc_precision_at_10_diff1": 0.911578,
        "nauc_precision_at_10_max": 0.804762,
        "nauc_precision_at_10_std": -0.11591,
        "nauc_precision_at_1_diff1": 0.912015,
        "nauc_precision_at_1_max": 0.757696,
        "nauc_precision_at_1_std": -0.150411,
        "nauc_precision_at_20_diff1": 0.941643,
        "nauc_precision_at_20_max": 0.883787,
        "nauc_precision_at_20_std": 0.083467,
        "nauc_precision_at_3_diff1": 0.886572,
        "nauc_precision_at_3_max": 0.763686,
        "nauc_precision_at_3_std": -0.261144,
        "nauc_precision_at_5_diff1": 0.916086,
        "nauc_precision_at_5_max": 0.776629,
        "nauc_precision_at_5_std": -0.3047,
        "nauc_recall_at_1000_diff1": NaN,
        "nauc_recall_at_1000_max": NaN,
        "nauc_recall_at_1000_std": NaN,
        "nauc_recall_at_100_diff1": 0.96732,
        "nauc_recall_at_100_max": 1.0,
        "nauc_recall_at_100_std": 0.185574,
        "nauc_recall_at_10_diff1": 0.911578,
        "nauc_recall_at_10_max": 0.804762,
        "nauc_recall_at_10_std": -0.11591,
        "nauc_recall_at_1_diff1": 0.912015,
        "nauc_recall_at_1_max": 0.757696,
        "nauc_recall_at_1_std": -0.150411,
        "nauc_recall_at_20_diff1": 0.941643,
        "nauc_recall_at_20_max": 0.883787,
        "nauc_recall_at_20_std": 0.083467,
        "nauc_recall_at_3_diff1": 0.886572,
        "nauc_recall_at_3_max": 0.763686,
        "nauc_recall_at_3_std": -0.261144,
        "nauc_recall_at_5_diff1": 0.916086,
        "nauc_recall_at_5_max": 0.776629,
        "nauc_recall_at_5_std": -0.3047,
        "ndcg_at_1": 0.87,
        "ndcg_at_10": 0.92403,
        "ndcg_at_100": 0.92919,
        "ndcg_at_1000": 0.92979,
        "ndcg_at_20": 0.92716,
        "ndcg_at_3": 0.91213,
        "ndcg_at_5": 0.91901,
        "precision_at_1": 0.87,
        "precision_at_10": 0.09722,
        "precision_at_100": 0.00996,
        "precision_at_1000": 0.001,
        "precision_at_20": 0.04922,
        "precision_at_3": 0.31333,
        "precision_at_5": 0.19133,
        "recall_at_1": 0.87,
        "recall_at_10": 0.97222,
        "recall_at_100": 0.99556,
        "recall_at_1000": 1.0,
        "recall_at_20": 0.98444,
        "recall_at_3": 0.94,
        "recall_at_5": 0.95667
      },
      {
        "hf_subset": "kor_Hang-eng_Latn",
        "languages": [
          "kor-Hang",
          "eng-Latn"
        ],
        "main_score": 0.9245,
        "map_at_1": 0.86556,
        "map_at_10": 0.90772,
        "map_at_100": 0.90891,
        "map_at_1000": 0.90892,
        "map_at_20": 0.90867,
        "map_at_3": 0.90167,
        "map_at_5": 0.90572,
        "mrr_at_1": 0.865556,
        "mrr_at_10": 0.907718,
        "mrr_at_100": 0.90891,
        "mrr_at_1000": 0.90892,
        "mrr_at_20": 0.908674,
        "mrr_at_3": 0.901667,
        "mrr_at_5": 0.905722,
        "nauc_map_at_1000_diff1": 0.890774,
        "nauc_map_at_1000_max": 0.662647,
        "nauc_map_at_1000_std": -0.317136,
        "nauc_map_at_100_diff1": 0.890782,
        "nauc_map_at_100_max": 0.662685,
        "nauc_map_at_100_std": -0.316997,
        "nauc_map_at_10_diff1": 0.890265,
        "nauc_map_at_10_max": 0.664565,
        "nauc_map_at_10_std": -0.313482,
        "nauc_map_at_1_diff1": 0.8942,
        "nauc_map_at_1_max": 0.626698,
        "nauc_map_at_1_std": -0.363905,
        "nauc_map_at_20_diff1": 0.890641,
        "nauc_map_at_20_max": 0.662848,
        "nauc_map_at_20_std": -0.317696,
        "nauc_map_at_3_diff1": 0.892582,
        "nauc_map_at_3_max": 0.673833,
        "nauc_map_at_3_std": -0.303297,
        "nauc_map_at_5_diff1": 0.891411,
        "nauc_map_at_5_max": 0.668471,
        "nauc_map_at_5_std": -0.311094,
        "nauc_mrr_at_1000_diff1": 0.890774,
        "nauc_mrr_at_1000_max": 0.662647,
        "nauc_mrr_at_1000_std": -0.317136,
        "nauc_mrr_at_100_diff1": 0.890782,
        "nauc_mrr_at_100_max": 0.662685,
        "nauc_mrr_at_100_std": -0.316997,
        "nauc_mrr_at_10_diff1": 0.890265,
        "nauc_mrr_at_10_max": 0.664565,
        "nauc_mrr_at_10_std": -0.313482,
        "nauc_mrr_at_1_diff1": 0.8942,
        "nauc_mrr_at_1_max": 0.626698,
        "nauc_mrr_at_1_std": -0.363905,
        "nauc_mrr_at_20_diff1": 0.890641,
        "nauc_mrr_at_20_max": 0.662848,
        "nauc_mrr_at_20_std": -0.317696,
        "nauc_mrr_at_3_diff1": 0.892582,