{
  "dataset_revision": "main",
  "task_name": "MIRACLRetrieval",
  "mteb_version": "1.14.15",
  "scores": {
    "dev": [
      {
        "hf_subset": "ko",
        "languages": [
          "kor-Kore"
        ],
        "main_score": 0.58709,
        "map_at_1": 0.3504,
        "map_at_10": 0.49741,
        "map_at_100": 0.5241,
        "map_at_1000": 0.52528,
        "map_at_20": 0.51372,
        "map_at_3": 0.4474,
        "map_at_5": 0.47131,
        "mrr_at_1": 0.577465,
        "mrr_at_10": 0.671589,
        "mrr_at_100": 0.676273,
        "mrr_at_1000": 0.676473,
        "mrr_at_20": 0.675527,
        "mrr_at_3": 0.649452,
        "mrr_at_5": 0.662128,
        "nauc_map_at_1000_diff1": 0.341201,
        "nauc_map_at_1000_max": 0.366838,
        "nauc_map_at_1000_std": 0.040782,
        "nauc_map_at_100_diff1": 0.340524,
        "nauc_map_at_100_max": 0.36607,
        "nauc_map_at_100_std": 0.039985,
        "nauc_map_at_10_diff1": 0.33105,
        "nauc_map_at_10_max": 0.357932,
        "nauc_map_at_10_std": 0.007121,
        "nauc_map_at_1_diff1": 0.363729,
        "nauc_map_at_1_max": 0.311681,
        "nauc_map_at_1_std": -0.11011,
        "nauc_map_at_20_diff1": 0.335567,
        "nauc_map_at_20_max": 0.367468,
        "nauc_map_at_20_std": 0.026356,
        "nauc_map_at_3_diff1": 0.341849,
        "nauc_map_at_3_max": 0.343452,
        "nauc_map_at_3_std": -0.010456,
        "nauc_map_at_5_diff1": 0.325432,
        "nauc_map_at_5_max": 0.34801,
        "nauc_map_at_5_std": -0.004312,
        "nauc_mrr_at_1000_diff1": 0.404352,
        "nauc_mrr_at_1000_max": 0.428777,
        "nauc_mrr_at_1000_std": 0.161968,
        "nauc_mrr_at_100_diff1": 0.404405,
        "nauc_mrr_at_100_max": 0.429073,
        "nauc_mrr_at_100_std": 0.162334,
        "nauc_mrr_at_10_diff1": 0.406537,
        "nauc_mrr_at_10_max": 0.42877,
        "nauc_mrr_at_10_std": 0.162531,
        "nauc_mrr_at_1_diff1": 0.382817,
        "nauc_mrr_at_1_max": 0.384559,
        "nauc_mrr_at_1_std": 0.061777,
        "nauc_mrr_at_20_diff1": 0.404866,
        "nauc_mrr_at_20_max": 0.429376,
        "nauc_mrr_at_20_std": 0.161893,
        "nauc_mrr_at_3_diff1": 0.413269,
        "nauc_mrr_at_3_max": 0.427631,
        "nauc_mrr_at_3_std": 0.167693,
        "nauc_mrr_at_5_diff1": 0.403247,
        "nauc_mrr_at_5_max": 0.417347,
        "nauc_mrr_at_5_std": 0.157637,
        "nauc_ndcg_at_1000_diff1": 0.357212,
        "nauc_ndcg_at_1000_max": 0.407507,
        "nauc_ndcg_at_1000_std": 0.140225,
        "nauc_ndcg_at_100_diff1": 0.348312,
        "nauc_ndcg_at_100_max": 0.402598,
        "nauc_ndcg_at_100_std": 0.139162,
        "nauc_ndcg_at_10_diff1": 0.339865,
        "nauc_ndcg_at_10_max": 0.385066,
        "nauc_ndcg_at_10_std": 0.063571,
        "nauc_ndcg_at_1_diff1": 0.382817,
        "nauc_ndcg_at_1_max": 0.384559,
        "nauc_ndcg_at_1_std": 0.061777,
        "nauc_ndcg_at_20_diff1": 0.341456,
        "nauc_ndcg_at_20_max": 0.405537,
        "nauc_ndcg_at_20_std": 0.099859,
        "nauc_ndcg_at_3_diff1": 0.387089,
        "nauc_ndcg_at_3_max": 0.384687,
        "nauc_ndcg_at_3_std": 0.121854,
        "nauc_ndcg_at_5_diff1": 0.349017,
        "nauc_ndcg_at_5_max": 0.365445,
        "nauc_ndcg_at_5_std": 0.078134,
        "nauc_precision_at_1000_diff1": -0.003244,
        "nauc_precision_at_1000_max": 0.000724,
        "nauc_precision_at_1000_std": 0.350437,
        "nauc_precision_at_100_diff1": 0.001647,
        "nauc_precision_at_100_max": 0.018049,
        "nauc_precision_at_100_std": 0.365962,
        "nauc_precision_at_10_diff1": 0.053582,
        "nauc_precision_at_10_max": 0.152579,
        "nauc_precision_at_10_std": 0.314305,
        "nauc_precision_at_1_diff1": 0.382817,
        "nauc_precision_at_1_max": 0.384559,
        "nauc_precision_at_1_std": 0.061777,
        "nauc_precision_at_20_diff1": 0.02616,
        "nauc_precision_at_20_max": 0.112294,
        "nauc_precision_at_20_std": 0.351836,
        "nauc_precision_at_3_diff1": 0.185788,
        "nauc_precision_at_3_max": 0.26441,
        "nauc_precision_at_3_std": 0.320045,
        "nauc_precision_at_5_diff1": 0.066485,
        "nauc_precision_at_5_max": 0.199486,
        "nauc_precision_at_5_std": 0.304234,
        "nauc_recall_at_1000_diff1": 0.175149,
        "nauc_recall_at_1000_max": 0.624563,
        "nauc_recall_at_1000_std": 0.666865,
        "nauc_recall_at_100_diff1": 0.164908,
        "nauc_recall_at_100_max": 0.411677,
        "nauc_recall_at_100_std": 0.349049,
        "nauc_recall_at_10_diff1": 0.248032,
        "nauc_recall_at_10_max": 0.334664,
        "nauc_recall_at_10_std": 0.043297,
        "nauc_recall_at_1_diff1": 0.363729,
        "nauc_recall_at_1_max": 0.311681,
        "nauc_recall_at_1_std": -0.11011,
        "nauc_recall_at_20_diff1": 0.21278,
        "nauc_recall_at_20_max": 0.39108,
        "nauc_recall_at_20_std": 0.130215,
        "nauc_recall_at_3_diff1": 0.330751,
        "nauc_recall_at_3_max": 0.342331,
        "nauc_recall_at_3_std": 0.067868,
        "nauc_recall_at_5_diff1": 0.278505,
        "nauc_recall_at_5_max": 0.327331,
        "nauc_recall_at_5_std": 0.051249,
        "ndcg_at_1": 0.57746,
        "ndcg_at_10": 0.58709,
        "ndcg_at_100": 0.65388,
        "ndcg_at_1000": 0.66799,
        "ndcg_at_20": 0.62054,
        "ndcg_at_3": 0.55051,
        "ndcg_at_5": 0.5543,
        "precision_at_1": 0.57746,
        "precision_at_10": 0.14695,
        "precision_at_100": 0.02258,
        "precision_at_1000": 0.00251,
        "precision_at_20": 0.0892,
        "precision_at_3": 0.32394,
        "precision_at_5": 0.23474,
        "recall_at_1": 0.3504,
        "recall_at_10": 0.6752,
        "recall_at_100": 0.88583,
        "recall_at_1000": 0.96565,
        "recall_at_20": 0.76951,
        "recall_at_3": 0.50691,
        "recall_at_5": 0.56791
      }
    ]
  },
  "evaluation_time": 133762.75241231918,
  "kg_co2_emissions": null
}