{
  "dataset_revision": "fc24a3ce8f09746410daee3d5cd823ff7a0675b7",
  "task_name": "MrTidyRetrieval",
  "mteb_version": "1.14.15",
  "scores": {
    "test": [
      {
        "hf_subset": "korean",
        "languages": [
          "kor-Kore"
        ],
        "main_score": 0.52444,
        "map_at_1": 0.33729,
        "map_at_10": 0.45818,
        "map_at_100": 0.46723,
        "map_at_1000": 0.46768,
        "map_at_20": 0.46381,
        "map_at_3": 0.42214,
        "map_at_5": 0.44596,
        "mrr_at_1": 0.365796,
        "mrr_at_10": 0.482089,
        "mrr_at_100": 0.488514,
        "mrr_at_1000": 0.488925,
        "mrr_at_20": 0.486019,
        "mrr_at_3": 0.448139,
        "mrr_at_5": 0.470586,
        "nauc_map_at_1000_diff1": 0.374785,
        "nauc_map_at_1000_max": 0.295071,
        "nauc_map_at_1000_std": 0.146923,
        "nauc_map_at_100_diff1": 0.374263,
        "nauc_map_at_100_max": 0.29474,
        "nauc_map_at_100_std": 0.146934,
        "nauc_map_at_10_diff1": 0.373867,
        "nauc_map_at_10_max": 0.293259,
        "nauc_map_at_10_std": 0.148306,
        "nauc_map_at_1_diff1": 0.442059,
        "nauc_map_at_1_max": 0.255421,
        "nauc_map_at_1_std": 0.056533,
        "nauc_map_at_20_diff1": 0.373994,
        "nauc_map_at_20_max": 0.295168,
        "nauc_map_at_20_std": 0.147141,
        "nauc_map_at_3_diff1": 0.388001,
        "nauc_map_at_3_max": 0.304526,
        "nauc_map_at_3_std": 0.132018,
        "nauc_map_at_5_diff1": 0.375195,
        "nauc_map_at_5_max": 0.297126,
        "nauc_map_at_5_std": 0.156088,
        "nauc_mrr_at_1000_diff1": 0.382236,
        "nauc_mrr_at_1000_max": 0.30608,
        "nauc_mrr_at_1000_std": 0.145557,
        "nauc_mrr_at_100_diff1": 0.381784,
        "nauc_mrr_at_100_max": 0.305855,
        "nauc_mrr_at_100_std": 0.145526,
        "nauc_mrr_at_10_diff1": 0.380971,
        "nauc_mrr_at_10_max": 0.30547,
        "nauc_mrr_at_10_std": 0.146368,
        "nauc_mrr_at_1_diff1": 0.443871,
        "nauc_mrr_at_1_max": 0.272534,
        "nauc_mrr_at_1_std": 0.060316,
        "nauc_mrr_at_20_diff1": 0.381324,
        "nauc_mrr_at_20_max": 0.306214,
        "nauc_mrr_at_20_std": 0.145939,
        "nauc_mrr_at_3_diff1": 0.397069,
        "nauc_mrr_at_3_max": 0.316749,
        "nauc_mrr_at_3_std": 0.134365,
        "nauc_mrr_at_5_diff1": 0.381001,
        "nauc_mrr_at_5_max": 0.307387,
        "nauc_mrr_at_5_std": 0.156526,
        "nauc_ndcg_at_1000_diff1": 0.357423,
        "nauc_ndcg_at_1000_max": 0.306553,
        "nauc_ndcg_at_1000_std": 0.173375,
        "nauc_ndcg_at_100_diff1": 0.345758,
        "nauc_ndcg_at_100_max": 0.300675,
        "nauc_ndcg_at_100_std": 0.173371,
        "nauc_ndcg_at_10_diff1": 0.343048,
        "nauc_ndcg_at_10_max": 0.296681,
        "nauc_ndcg_at_10_std": 0.174114,
        "nauc_ndcg_at_1_diff1": 0.443871,
        "nauc_ndcg_at_1_max": 0.272534,
        "nauc_ndcg_at_1_std": 0.060316,
        "nauc_ndcg_at_20_diff1": 0.34369,
        "nauc_ndcg_at_20_max": 0.301737,
        "nauc_ndcg_at_20_std": 0.173289,
        "nauc_ndcg_at_3_diff1": 0.373361,
        "nauc_ndcg_at_3_max": 0.319116,
        "nauc_ndcg_at_3_std": 0.149943,
        "nauc_ndcg_at_5_diff1": 0.346727,
        "nauc_ndcg_at_5_max": 0.305671,
        "nauc_ndcg_at_5_std": 0.19443,
        "nauc_precision_at_1000_diff1": -0.061609,
        "nauc_precision_at_1000_max": 0.083855,
        "nauc_precision_at_1000_std": 0.04732,
        "nauc_precision_at_100_diff1": -0.0536,
        "nauc_precision_at_100_max": 0.10631,
        "nauc_precision_at_100_std": 0.109349,
        "nauc_precision_at_10_diff1": 0.106068,
        "nauc_precision_at_10_max": 0.209956,
        "nauc_precision_at_10_std": 0.209033,
        "nauc_precision_at_1_diff1": 0.443871,
        "nauc_precision_at_1_max": 0.272534,
        "nauc_precision_at_1_std": 0.060316,
        "nauc_precision_at_20_diff1": 0.032772,
        "nauc_precision_at_20_max": 0.173158,
        "nauc_precision_at_20_std": 0.152466,
        "nauc_precision_at_3_diff1": 0.287128,
        "nauc_precision_at_3_max": 0.334075,
        "nauc_precision_at_3_std": 0.187414,
        "nauc_precision_at_5_diff1": 0.183768,
        "nauc_precision_at_5_max": 0.277158,
        "nauc_precision_at_5_std": 0.279025,
        "nauc_recall_at_1000_diff1": 0.215789,
        "nauc_recall_at_1000_max": 0.556272,
        "nauc_recall_at_1000_std": 0.81841,
        "nauc_recall_at_100_diff1": 0.122251,
        "nauc_recall_at_100_max": 0.302793,
        "nauc_recall_at_100_std": 0.383578,
        "nauc_recall_at_10_diff1": 0.200495,
        "nauc_recall_at_10_max": 0.274842,
        "nauc_recall_at_10_std": 0.257491,
        "nauc_recall_at_1_diff1": 0.442059,
        "nauc_recall_at_1_max": 0.255421,
        "nauc_recall_at_1_std": 0.056533,
        "nauc_recall_at_20_diff1": 0.185941,
        "nauc_recall_at_20_max": 0.297939,
        "nauc_recall_at_20_std": 0.284413,
        "nauc_recall_at_3_diff1": 0.312399,
        "nauc_recall_at_3_max": 0.342484,
        "nauc_recall_at_3_std": 0.194235,
        "nauc_recall_at_5_diff1": 0.233348,
        "nauc_recall_at_5_max": 0.30946,
        "nauc_recall_at_5_std": 0.311994,
        "ndcg_at_1": 0.3658,
        "ndcg_at_10": 0.52444,
        "ndcg_at_100": 0.56324,
        "ndcg_at_1000": 0.57441,
        "ndcg_at_20": 0.54254,
        "ndcg_at_3": 0.45385,
        "ndcg_at_5": 0.49478,
        "precision_at_1": 0.3658,
        "precision_at_10": 0.07933,
        "precision_at_100": 0.01012,
        "precision_at_1000": 0.00111,
        "precision_at_20": 0.0443,
        "precision_at_3": 0.19082,
        "precision_at_5": 0.13729,
        "recall_at_1": 0.33729,
        "recall_at_10": 0.70586,
        "recall_at_100": 0.87688,
        "recall_at_1000": 0.96002,
        "recall_at_20": 0.77237,
        "recall_at_3": 0.52059,
        "recall_at_5": 0.6152
      }
    ]
  },
  "evaluation_time": 132131.55643343925,
  "kg_co2_emissions": null
}