{
  "dataset_revision": "d67138e705d963e346253a80e59676ddb418810a",
  "task_name": "MultiLongDocRetrieval",
  "mteb_version": "1.14.15",
  "scores": {
    "dev": [
      {
        "hf_subset": "ko",
        "languages": [
          "kor-Hang"
        ],
        "main_score": 0.2583,
        "map_at_1": 0.185,
        "map_at_10": 0.23136,
        "map_at_100": 0.24019,
        "map_at_1000": 0.24138,
        "map_at_20": 0.23595,
        "map_at_3": 0.21583,
        "map_at_5": 0.22283,
        "mrr_at_1": 0.185,
        "mrr_at_10": 0.231363,
        "mrr_at_100": 0.240192,
        "mrr_at_1000": 0.241381,
        "mrr_at_20": 0.235947,
        "mrr_at_3": 0.215833,
        "mrr_at_5": 0.222833,
        "nauc_map_at_1000_diff1": 0.406455,
        "nauc_map_at_1000_max": 0.353468,
        "nauc_map_at_1000_std": 0.105792,
        "nauc_map_at_100_diff1": 0.406224,
        "nauc_map_at_100_max": 0.353096,
        "nauc_map_at_100_std": 0.105143,
        "nauc_map_at_10_diff1": 0.410995,
        "nauc_map_at_10_max": 0.358354,
        "nauc_map_at_10_std": 0.104169,
        "nauc_map_at_1_diff1": 0.478687,
        "nauc_map_at_1_max": 0.395247,
        "nauc_map_at_1_std": 0.094918,
        "nauc_map_at_20_diff1": 0.406144,
        "nauc_map_at_20_max": 0.352083,
        "nauc_map_at_20_std": 0.099806,
        "nauc_map_at_3_diff1": 0.422974,
        "nauc_map_at_3_max": 0.365284,
        "nauc_map_at_3_std": 0.103613,
        "nauc_map_at_5_diff1": 0.418017,
        "nauc_map_at_5_max": 0.3632,
        "nauc_map_at_5_std": 0.097003,
        "nauc_mrr_at_1000_diff1": 0.406455,
        "nauc_mrr_at_1000_max": 0.353468,
        "nauc_mrr_at_1000_std": 0.105792,
        "nauc_mrr_at_100_diff1": 0.406224,
        "nauc_mrr_at_100_max": 0.353096,
        "nauc_mrr_at_100_std": 0.105143,
        "nauc_mrr_at_10_diff1": 0.410995,
        "nauc_mrr_at_10_max": 0.358354,
        "nauc_mrr_at_10_std": 0.104169,
        "nauc_mrr_at_1_diff1": 0.478687,
        "nauc_mrr_at_1_max": 0.395247,
        "nauc_mrr_at_1_std": 0.094918,
        "nauc_mrr_at_20_diff1": 0.406144,
        "nauc_mrr_at_20_max": 0.352083,
        "nauc_mrr_at_20_std": 0.099806,
        "nauc_mrr_at_3_diff1": 0.422974,
        "nauc_mrr_at_3_max": 0.365284,
        "nauc_mrr_at_3_std": 0.103613,
        "nauc_mrr_at_5_diff1": 0.418017,
        "nauc_mrr_at_5_max": 0.3632,
        "nauc_mrr_at_5_std": 0.097003,
        "nauc_ndcg_at_1000_diff1": 0.361196,
        "nauc_ndcg_at_1000_max": 0.325178,
        "nauc_ndcg_at_1000_std": 0.1346,
        "nauc_ndcg_at_100_diff1": 0.359023,
        "nauc_ndcg_at_100_max": 0.316684,
        "nauc_ndcg_at_100_std": 0.122824,
        "nauc_ndcg_at_10_diff1": 0.380844,
        "nauc_ndcg_at_10_max": 0.338947,
        "nauc_ndcg_at_10_std": 0.111687,
        "nauc_ndcg_at_1_diff1": 0.478687,
        "nauc_ndcg_at_1_max": 0.395247,
        "nauc_ndcg_at_1_std": 0.094918,
        "nauc_ndcg_at_20_diff1": 0.364362,
        "nauc_ndcg_at_20_max": 0.31712,
        "nauc_ndcg_at_20_std": 0.095676,
        "nauc_ndcg_at_3_diff1": 0.406266,
        "nauc_ndcg_at_3_max": 0.355042,
        "nauc_ndcg_at_3_std": 0.105546,
        "nauc_ndcg_at_5_diff1": 0.397212,
        "nauc_ndcg_at_5_max": 0.350936,
        "nauc_ndcg_at_5_std": 0.094595,
        "nauc_precision_at_1000_diff1": 0.020582,
        "nauc_precision_at_1000_max": 0.156866,
        "nauc_precision_at_1000_std": 0.44834,
        "nauc_precision_at_100_diff1": 0.194401,
        "nauc_precision_at_100_max": 0.185786,
        "nauc_precision_at_100_std": 0.199019,
        "nauc_precision_at_10_diff1": 0.299049,
        "nauc_precision_at_10_max": 0.285072,
        "nauc_precision_at_10_std": 0.135353,
        "nauc_precision_at_1_diff1": 0.478687,
        "nauc_precision_at_1_max": 0.395247,
        "nauc_precision_at_1_std": 0.094918,
        "nauc_precision_at_20_diff1": 0.244347,
        "nauc_precision_at_20_max": 0.210719,
        "nauc_precision_at_20_std": 0.078204,
        "nauc_precision_at_3_diff1": 0.361834,
        "nauc_precision_at_3_max": 0.32745,
        "nauc_precision_at_3_std": 0.110494,
        "nauc_precision_at_5_diff1": 0.342336,
        "nauc_precision_at_5_max": 0.318257,
        "nauc_precision_at_5_std": 0.087293,
        "nauc_recall_at_1000_diff1": 0.020582,
        "nauc_recall_at_1000_max": 0.156866,
        "nauc_recall_at_1000_std": 0.44834,
        "nauc_recall_at_100_diff1": 0.194401,
        "nauc_recall_at_100_max": 0.185786,
        "nauc_recall_at_100_std": 0.199019,
        "nauc_recall_at_10_diff1": 0.299049,
        "nauc_recall_at_10_max": 0.285072,
        "nauc_recall_at_10_std": 0.135353,
        "nauc_recall_at_1_diff1": 0.478687,
        "nauc_recall_at_1_max": 0.395247,
        "nauc_recall_at_1_std": 0.094918,
        "nauc_recall_at_20_diff1": 0.244347,
        "nauc_recall_at_20_max": 0.210719,
        "nauc_recall_at_20_std": 0.078204,
        "nauc_recall_at_3_diff1": 0.361834,
        "nauc_recall_at_3_max": 0.32745,
        "nauc_recall_at_3_std": 0.110494,
        "nauc_recall_at_5_diff1": 0.342336,
        "nauc_recall_at_5_max": 0.318257,
        "nauc_recall_at_5_std": 0.087293,
        "ndcg_at_1": 0.185,
        "ndcg_at_10": 0.2583,
        "ndcg_at_100": 0.30556,
        "ndcg_at_1000": 0.3397,
        "ndcg_at_20": 0.27566,
        "ndcg_at_3": 0.22589,
        "ndcg_at_5": 0.23837,
        "precision_at_1": 0.185,
        "precision_at_10": 0.0345,
        "precision_at_100": 0.00575,
        "precision_at_1000": 0.00085,
        "precision_at_20": 0.02075,
        "precision_at_3": 0.085,
        "precision_at_5": 0.057,
        "recall_at_1": 0.185,
        "recall_at_10": 0.345,
        "recall_at_100": 0.575,
        "recall_at_1000": 0.85,
        "recall_at_20": 0.415,
        "recall_at_3": 0.255,
        "recall_at_5": 0.285
      }
    ],
    "test": [
      {
        "hf_subset": "ko",
        "languages": [
          "kor-Hang"
        ],
        "main_score": 0.26156,
        "map_at_1": 0.19,
        "map_at_10": 0.23683,
        "map_at_100": 0.24172,
        "map_at_1000": 0.24269,
        "map_at_20": 0.23826,
        "map_at_3": 0.22167,
        "map_at_5": 0.23242,
        "mrr_at_1": 0.19,
        "mrr_at_10": 0.236831,
        "mrr_at_100": 0.241719,
        "mrr_at_1000": 0.242688,
        "mrr_at_20": 0.23826,
        "mrr_at_3": 0.221667,
        "mrr_at_5": 0.232417,
        "nauc_map_at_1000_diff1": 0.664191,
        "nauc_map_at_1000_max": 0.485342,
        "nauc_map_at_1000_std": 0.068954,
        "nauc_map_at_100_diff1": 0.664083,
        "nauc_map_at_100_max": 0.485118,
        "nauc_map_at_100_std": 0.068837,
        "nauc_map_at_10_diff1": 0.666737,
        "nauc_map_at_10_max": 0.484255,
        "nauc_map_at_10_std": 0.064765,
        "nauc_map_at_1_diff1": 0.779261,
        "nauc_map_at_1_max": 0.540893,
        "nauc_map_at_1_std": 0.031771,
        "nauc_map_at_20_diff1": 0.666119,
        "nauc_map_at_20_max": 0.483853,
        "nauc_map_at_20_std": 0.062925,
        "nauc_map_at_3_diff1": 0.693071,
        "nauc_map_at_3_max": 0.501679,
        "nauc_map_at_3_std": 0.060038,
        "nauc_map_at_5_diff1": 0.672558,
        "nauc_map_at_5_max": 0.487743,
        "nauc_map_at_5_std": 0.063868,
        "nauc_mrr_at_1000_diff1": 0.664191,
        "nauc_mrr_at_1000_max": 0.485342,
        "nauc_mrr_at_1000_std": 0.068954,
        "nauc_mrr_at_100_diff1": 0.664083,
        "nauc_mrr_at_100_max": 0.485118,
        "nauc_mrr_at_100_std": 0.068837,
        "nauc_mrr_at_10_diff1": 0.666737,
        "nauc_mrr_at_10_max": 0.484255,
        "nauc_mrr_at_10_std": 0.064765,
        "nauc_mrr_at_1_diff1": 0.779261,
        "nauc_mrr_at_1_max": 0.540893,
        "nauc_mrr_at_1_std": 0.031771,
        "nauc_mrr_at_20_diff1": 0.666119,
        "nauc_mrr_at_20_max": 0.483853,
        "nauc_mrr_at_20_std": 0.062925,
        "nauc_mrr_at_3_diff1": 0.693071,
        "nauc_mrr_at_3_max": 0.501679,