{
  "dataset_revision": "c99d599f0a6ab9b85b065da6f9d94f9cf731679f",
  "task_name": "XPQARetrieval",
  "mteb_version": "1.14.15",
  "scores": {
    "test": [
      {
        "hf_subset": "kor-kor",
        "languages": [
          "kor-Hang",
          "kor-Hang"
        ],
        "main_score": 0.39159,
        "map_at_1": 0.21735,
        "map_at_10": 0.33957,
        "map_at_100": 0.35468,
        "map_at_1000": 0.3557,
        "map_at_20": 0.34729,
        "map_at_3": 0.29888,
        "map_at_5": 0.32449,
        "mrr_at_1": 0.302752,
        "mrr_at_10": 0.376964,
        "mrr_at_100": 0.387644,
        "mrr_at_1000": 0.38828,
        "mrr_at_20": 0.382353,
        "mrr_at_3": 0.349134,
        "mrr_at_5": 0.364348,
        "nauc_map_at_1000_diff1": 0.389194,
        "nauc_map_at_1000_max": 0.107711,
        "nauc_map_at_1000_std": -0.375736,
        "nauc_map_at_100_diff1": 0.388759,
        "nauc_map_at_100_max": 0.107967,
        "nauc_map_at_100_std": -0.375109,
        "nauc_map_at_10_diff1": 0.388743,
        "nauc_map_at_10_max": 0.106075,
        "nauc_map_at_10_std": -0.380296,
        "nauc_map_at_1_diff1": 0.447966,
        "nauc_map_at_1_max": 0.083441,
        "nauc_map_at_1_std": -0.320162,
        "nauc_map_at_20_diff1": 0.388519,
        "nauc_map_at_20_max": 0.105854,
        "nauc_map_at_20_std": -0.378891,
        "nauc_map_at_3_diff1": 0.395754,
        "nauc_map_at_3_max": 0.10039,
        "nauc_map_at_3_std": -0.366141,
        "nauc_map_at_5_diff1": 0.390957,
        "nauc_map_at_5_max": 0.1054,
        "nauc_map_at_5_std": -0.380049,
        "nauc_mrr_at_1000_diff1": 0.427086,
        "nauc_mrr_at_1000_max": 0.112295,
        "nauc_mrr_at_1000_std": -0.385204,
        "nauc_mrr_at_100_diff1": 0.426962,
        "nauc_mrr_at_100_max": 0.112727,
        "nauc_mrr_at_100_std": -0.384562,
        "nauc_mrr_at_10_diff1": 0.425389,
        "nauc_mrr_at_10_max": 0.107621,
        "nauc_mrr_at_10_std": -0.389874,
        "nauc_mrr_at_1_diff1": 0.451492,
        "nauc_mrr_at_1_max": 0.116426,
        "nauc_mrr_at_1_std": -0.370546,
        "nauc_mrr_at_20_diff1": 0.426129,
        "nauc_mrr_at_20_max": 0.110564,
        "nauc_mrr_at_20_std": -0.387308,
        "nauc_mrr_at_3_diff1": 0.430327,
        "nauc_mrr_at_3_max": 0.106774,
        "nauc_mrr_at_3_std": -0.391574,
        "nauc_mrr_at_5_diff1": 0.429284,
        "nauc_mrr_at_5_max": 0.109304,
        "nauc_mrr_at_5_std": -0.394401,
        "nauc_ndcg_at_1000_diff1": 0.395432,
        "nauc_ndcg_at_1000_max": 0.119843,
        "nauc_ndcg_at_1000_std": -0.366465,
        "nauc_ndcg_at_100_diff1": 0.388854,
        "nauc_ndcg_at_100_max": 0.132192,
        "nauc_ndcg_at_100_std": -0.344382,
        "nauc_ndcg_at_10_diff1": 0.385069,
        "nauc_ndcg_at_10_max": 0.106195,
        "nauc_ndcg_at_10_std": -0.386619,
        "nauc_ndcg_at_1_diff1": 0.446734,
        "nauc_ndcg_at_1_max": 0.112497,
        "nauc_ndcg_at_1_std": -0.373457,
        "nauc_ndcg_at_20_diff1": 0.383694,
        "nauc_ndcg_at_20_max": 0.108336,
        "nauc_ndcg_at_20_std": -0.380001,
        "nauc_ndcg_at_3_diff1": 0.395612,
        "nauc_ndcg_at_3_max": 0.095141,
        "nauc_ndcg_at_3_std": -0.383886,
        "nauc_ndcg_at_5_diff1": 0.392383,
        "nauc_ndcg_at_5_max": 0.106282,
        "nauc_ndcg_at_5_std": -0.391824,
        "nauc_precision_at_1000_diff1": 0.024435,
        "nauc_precision_at_1000_max": 0.123045,
        "nauc_precision_at_1000_std": 0.000221,
        "nauc_precision_at_100_diff1": 0.08531,
        "nauc_precision_at_100_max": 0.170745,
        "nauc_precision_at_100_std": -0.02118,
        "nauc_precision_at_10_diff1": 0.207305,
        "nauc_precision_at_10_max": 0.093472,
        "nauc_precision_at_10_std": -0.332102,
        "nauc_precision_at_1_diff1": 0.446734,
        "nauc_precision_at_1_max": 0.112497,
        "nauc_precision_at_1_std": -0.373457,
        "nauc_precision_at_20_diff1": 0.164664,
        "nauc_precision_at_20_max": 0.094536,
        "nauc_precision_at_20_std": -0.265128,
        "nauc_precision_at_3_diff1": 0.257169,
        "nauc_precision_at_3_max": 0.093929,
        "nauc_precision_at_3_std": -0.364037,
        "nauc_precision_at_5_diff1": 0.231306,
        "nauc_precision_at_5_max": 0.10051,
        "nauc_precision_at_5_std": -0.355982,
        "nauc_recall_at_1000_diff1": NaN,
        "nauc_recall_at_1000_max": NaN,
        "nauc_recall_at_1000_std": NaN,
        "nauc_recall_at_100_diff1": 0.304464,
        "nauc_recall_at_100_max": 0.311381,
        "nauc_recall_at_100_std": -0.009277,
        "nauc_recall_at_10_diff1": 0.321056,
        "nauc_recall_at_10_max": 0.102854,
        "nauc_recall_at_10_std": -0.366256,
        "nauc_recall_at_1_diff1": 0.447966,
        "nauc_recall_at_1_max": 0.083441,
        "nauc_recall_at_1_std": -0.320162,
        "nauc_recall_at_20_diff1": 0.309369,
        "nauc_recall_at_20_max": 0.105133,
        "nauc_recall_at_20_std": -0.344494,
        "nauc_recall_at_3_diff1": 0.368756,
        "nauc_recall_at_3_max": 0.086338,
        "nauc_recall_at_3_std": -0.374722,
        "nauc_recall_at_5_diff1": 0.350302,
        "nauc_recall_at_5_max": 0.102543,
        "nauc_recall_at_5_std": -0.392288,
        "ndcg_at_1": 0.30428,
        "ndcg_at_10": 0.39159,
        "ndcg_at_100": 0.4628,
        "ndcg_at_1000": 0.48665,
        "ndcg_at_20": 0.41548,
        "ndcg_at_3": 0.32701,
        "ndcg_at_5": 0.35871,
        "precision_at_1": 0.30428,
        "precision_at_10": 0.0815,
        "precision_at_100": 0.01321,
        "precision_at_1000": 0.00156,
        "precision_at_20": 0.04771,
        "precision_at_3": 0.18145,
        "precision_at_5": 0.13486,
        "recall_at_1": 0.21735,
        "recall_at_10": 0.50956,
        "recall_at_100": 0.82378,
        "recall_at_1000": 1.0,
        "recall_at_20": 0.59286,
        "recall_at_3": 0.34207,
        "recall_at_5": 0.41758
      },
      {
        "hf_subset": "eng-kor",
        "languages": [
          "eng-Latn",
          "kor-Hang"
        ],
        "main_score": 0.30289,
        "map_at_1": 0.1449,
        "map_at_10": 0.25037,
        "map_at_100": 0.2719,
        "map_at_1000": 0.2738,
        "map_at_20": 0.26142,
        "map_at_3": 0.21433,
        "map_at_5": 0.23335,
        "mrr_at_1": 0.255352,
        "mrr_at_10": 0.316524,
        "mrr_at_100": 0.328935,
        "mrr_at_1000": 0.329865,
        "mrr_at_20": 0.323492,
        "mrr_at_3": 0.293323,
        "mrr_at_5": 0.303644,
        "nauc_map_at_1000_diff1": 0.434577,
        "nauc_map_at_1000_max": 0.248236,
        "nauc_map_at_1000_std": -0.253703,
        "nauc_map_at_100_diff1": 0.434521,
        "nauc_map_at_100_max": 0.247559,
        "nauc_map_at_100_std": -0.254567,
        "nauc_map_at_10_diff1": 0.437357,
        "nauc_map_at_10_max": 0.25332,
        "nauc_map_at_10_std": -0.254193,
        "nauc_map_at_1_diff1": 0.513895,
        "nauc_map_at_1_max": 0.24223,
        "nauc_map_at_1_std": -0.249978,
        "nauc_map_at_20_diff1": 0.434485,
        "nauc_map_at_20_max": 0.248969,
        "nauc_map_at_20_std": -0.2548,
        "nauc_map_at_3_diff1": 0.458824,
        "nauc_map_at_3_max": 0.246906,
        "nauc_map_at_3_std": -0.268089,
        "nauc_map_at_5_diff1": 0.441881,
        "nauc_map_at_5_max": 0.259985,
        "nauc_map_at_5_std": -0.254019,
        "nauc_mrr_at_1000_diff1": 0.427435,
        "nauc_mrr_at_1000_max": 0.210879,
        "nauc_mrr_at_1000_std": -0.254523,
        "nauc_mrr_at_100_diff1": 0.427134,
        "nauc_mrr_at_100_max": 0.210712,
        "nauc_mrr_at_100_std": -0.254277,
        "nauc_mrr_at_10_diff1": 0.428942,
        "nauc_mrr_at_10_max": 0.212595,
        "nauc_mrr_at_10_std": -0.255252,
        "nauc_mrr_at_1_diff1": 0.492704,
        "nauc_mrr_at_1_max": 0.224471,
        "nauc_mrr_at_1_std": -0.279885,
        "nauc_mrr_at_20_diff1": 0.426802,
        "nauc_mrr_at_20_max": 0.211071,
        "nauc_mrr_at_20_std": -0.253707,