{
  "dataset_revision": "75b399394a9803252cfec289d103de462763db7c",
  "task_name": "BelebeleRetrieval",
  "mteb_version": "1.14.15",
  "scores": {
    "test": [
      {
        "hf_subset": "kor_Hang-kor_Hang",
        "languages": [
          "kor-Hang",
          "kor-Hang"
        ],
        "main_score": 0.94808,
        "map_at_1": 0.91444,
        "map_at_10": 0.93774,
        "map_at_100": 0.93854,
        "map_at_1000": 0.93856,
        "map_at_20": 0.93803,
        "map_at_3": 0.93426,
        "map_at_5": 0.93648,
        "mrr_at_1": 0.914444,
        "mrr_at_10": 0.937739,
        "mrr_at_100": 0.938543,
        "mrr_at_1000": 0.938557,
        "mrr_at_20": 0.938033,
        "mrr_at_3": 0.934259,
        "mrr_at_5": 0.936481,
        "nauc_map_at_1000_diff1": 0.934159,
        "nauc_map_at_1000_max": 0.797851,
        "nauc_map_at_1000_std": -0.124779,
        "nauc_map_at_100_diff1": 0.934151,
        "nauc_map_at_100_max": 0.797898,
        "nauc_map_at_100_std": -0.124538,
        "nauc_map_at_10_diff1": 0.934416,
        "nauc_map_at_10_max": 0.799952,
        "nauc_map_at_10_std": -0.120619,
        "nauc_map_at_1_diff1": 0.931312,
        "nauc_map_at_1_max": 0.754447,
        "nauc_map_at_1_std": -0.197437,
        "nauc_map_at_20_diff1": 0.934104,
        "nauc_map_at_20_max": 0.799196,
        "nauc_map_at_20_std": -0.120806,
        "nauc_map_at_3_diff1": 0.935556,
        "nauc_map_at_3_max": 0.801453,
        "nauc_map_at_3_std": -0.144849,
        "nauc_map_at_5_diff1": 0.933301,
        "nauc_map_at_5_max": 0.799486,
        "nauc_map_at_5_std": -0.130482,
        "nauc_mrr_at_1000_diff1": 0.934159,
        "nauc_mrr_at_1000_max": 0.797851,
        "nauc_mrr_at_1000_std": -0.124779,
        "nauc_mrr_at_100_diff1": 0.934151,
        "nauc_mrr_at_100_max": 0.797898,
        "nauc_mrr_at_100_std": -0.124538,
        "nauc_mrr_at_10_diff1": 0.934416,
        "nauc_mrr_at_10_max": 0.799952,
        "nauc_mrr_at_10_std": -0.120619,
        "nauc_mrr_at_1_diff1": 0.931312,
        "nauc_mrr_at_1_max": 0.754447,
        "nauc_mrr_at_1_std": -0.197437,
        "nauc_mrr_at_20_diff1": 0.934104,
        "nauc_mrr_at_20_max": 0.799196,
        "nauc_mrr_at_20_std": -0.120806,
        "nauc_mrr_at_3_diff1": 0.935556,
        "nauc_mrr_at_3_max": 0.801453,
        "nauc_mrr_at_3_std": -0.144849,
        "nauc_mrr_at_5_diff1": 0.933301,
        "nauc_mrr_at_5_max": 0.799486,
        "nauc_mrr_at_5_std": -0.130482,
        "nauc_ndcg_at_1000_diff1": 0.93445,
        "nauc_ndcg_at_1000_max": 0.804353,
        "nauc_ndcg_at_1000_std": -0.107751,
        "nauc_ndcg_at_100_diff1": 0.934407,
        "nauc_ndcg_at_100_max": 0.805573,
        "nauc_ndcg_at_100_std": -0.101293,
        "nauc_ndcg_at_10_diff1": 0.935616,
        "nauc_ndcg_at_10_max": 0.817139,
        "nauc_ndcg_at_10_std": -0.074824,
        "nauc_ndcg_at_1_diff1": 0.931312,
        "nauc_ndcg_at_1_max": 0.754447,
        "nauc_ndcg_at_1_std": -0.197437,
        "nauc_ndcg_at_20_diff1": 0.934454,
        "nauc_ndcg_at_20_max": 0.81461,
        "nauc_ndcg_at_20_std": -0.074183,
        "nauc_ndcg_at_3_diff1": 0.93682,
        "nauc_ndcg_at_3_max": 0.817899,
        "nauc_ndcg_at_3_std": -0.132427,
        "nauc_ndcg_at_5_diff1": 0.932159,
        "nauc_ndcg_at_5_max": 0.814818,
        "nauc_ndcg_at_5_std": -0.103192,
        "nauc_precision_at_1000_diff1": NaN,
        "nauc_precision_at_1000_max": NaN,
        "nauc_precision_at_1000_std": NaN,
        "nauc_precision_at_100_diff1": 0.934641,
        "nauc_precision_at_100_max": 1.0,
        "nauc_precision_at_100_std": 0.934641,
        "nauc_precision_at_10_diff1": 0.948257,
        "nauc_precision_at_10_max": 0.967969,
        "nauc_precision_at_10_std": 0.362486,
        "nauc_precision_at_1_diff1": 0.931312,
        "nauc_precision_at_1_max": 0.754447,
        "nauc_precision_at_1_std": -0.197437,
        "nauc_precision_at_20_diff1": 0.937908,
        "nauc_precision_at_20_max": 0.970277,
        "nauc_precision_at_20_std": 0.460442,
        "nauc_precision_at_3_diff1": 0.942499,
        "nauc_precision_at_3_max": 0.893544,
        "nauc_precision_at_3_std": -0.078924,
        "nauc_precision_at_5_diff1": 0.923332,
        "nauc_precision_at_5_max": 0.904226,
        "nauc_precision_at_5_std": 0.062766,
        "nauc_recall_at_1000_diff1": NaN,
        "nauc_recall_at_1000_max": NaN,
        "nauc_recall_at_1000_std": NaN,
        "nauc_recall_at_100_diff1": 0.934641,
        "nauc_recall_at_100_max": 1.0,
        "nauc_recall_at_100_std": 0.934641,
        "nauc_recall_at_10_diff1": 0.948257,
        "nauc_recall_at_10_max": 0.967969,
        "nauc_recall_at_10_std": 0.362486,
        "nauc_recall_at_1_diff1": 0.931312,
        "nauc_recall_at_1_max": 0.754447,
        "nauc_recall_at_1_std": -0.197437,
        "nauc_recall_at_20_diff1": 0.937908,
        "nauc_recall_at_20_max": 0.970277,
        "nauc_recall_at_20_std": 0.460442,
        "nauc_recall_at_3_diff1": 0.942499,
        "nauc_recall_at_3_max": 0.893544,
        "nauc_recall_at_3_std": -0.078924,
        "nauc_recall_at_5_diff1": 0.923332,
        "nauc_recall_at_5_max": 0.904226,
        "nauc_recall_at_5_std": 0.062766,
        "ndcg_at_1": 0.91444,
        "ndcg_at_10": 0.94808,
        "ndcg_at_100": 0.95193,
        "ndcg_at_1000": 0.95223,
        "ndcg_at_20": 0.949,
        "ndcg_at_3": 0.94086,
        "ndcg_at_5": 0.94492,
        "precision_at_1": 0.91444,
        "precision_at_10": 0.098,
        "precision_at_100": 0.00998,
        "precision_at_1000": 0.001,
        "precision_at_20": 0.04917,
        "precision_at_3": 0.32,
        "precision_at_5": 0.194,
        "recall_at_1": 0.91444,
        "recall_at_10": 0.98,
        "recall_at_100": 0.99778,
        "recall_at_1000": 1.0,
        "recall_at_20": 0.98333,
        "recall_at_3": 0.96,
        "recall_at_5": 0.97
      },
      {
        "hf_subset": "kor_Hang-eng_Latn",
        "languages": [
          "kor-Hang",
          "eng-Latn"
        ],
        "main_score": 0.95397,
        "map_at_1": 0.91778,
        "map_at_10": 0.94328,
        "map_at_100": 0.94402,
        "map_at_1000": 0.94402,
        "map_at_20": 0.9439,
        "map_at_3": 0.9387,
        "map_at_5": 0.94204,
        "mrr_at_1": 0.917778,
        "mrr_at_10": 0.943276,
        "mrr_at_100": 0.944019,
        "mrr_at_1000": 0.944022,
        "mrr_at_20": 0.9439,
        "mrr_at_3": 0.938704,
        "mrr_at_5": 0.942037,
        "nauc_map_at_1000_diff1": 0.937974,
        "nauc_map_at_1000_max": 0.818229,
        "nauc_map_at_1000_std": -0.356816,
        "nauc_map_at_100_diff1": 0.937977,
        "nauc_map_at_100_max": 0.818238,
        "nauc_map_at_100_std": -0.356745,
        "nauc_map_at_10_diff1": 0.937183,
        "nauc_map_at_10_max": 0.81947,
        "nauc_map_at_10_std": -0.353405,
        "nauc_map_at_1_diff1": 0.936502,
        "nauc_map_at_1_max": 0.78714,
        "nauc_map_at_1_std": -0.389835,
        "nauc_map_at_20_diff1": 0.938006,
        "nauc_map_at_20_max": 0.818626,
        "nauc_map_at_20_std": -0.355242,
        "nauc_map_at_3_diff1": 0.938413,
        "nauc_map_at_3_max": 0.823498,
        "nauc_map_at_3_std": -0.363902,
        "nauc_map_at_5_diff1": 0.937691,
        "nauc_map_at_5_max": 0.822971,
        "nauc_map_at_5_std": -0.344856,
        "nauc_mrr_at_1000_diff1": 0.937974,
        "nauc_mrr_at_1000_max": 0.818229,
        "nauc_mrr_at_1000_std": -0.356816,
        "nauc_mrr_at_100_diff1": 0.937977,
        "nauc_mrr_at_100_max": 0.818238,
        "nauc_mrr_at_100_std": -0.356745,
        "nauc_mrr_at_10_diff1": 0.937183,
        "nauc_mrr_at_10_max": 0.81947,
        "nauc_mrr_at_10_std": -0.353405,
        "nauc_mrr_at_1_diff1": 0.936502,
        "nauc_mrr_at_1_max": 0.78714,
        "nauc_mrr_at_1_std": -0.389835,
        "nauc_mrr_at_20_diff1": 0.938006,
        "nauc_mrr_at_20_max": 0.818626,
        "nauc_mrr_at_20_std": -0.355242,
        "nauc_mrr_at_3_diff1": 0.938413,