{
  "dataset_revision": "main",
  "task_name": "MIRACLRetrieval",
  "mteb_version": "1.14.15",
  "scores": {
    "dev": [
      {
        "hf_subset": "ko",
        "languages": [
          "kor-Kore"
        ],
        "main_score": 0.53375,
        "map_at_1": 0.32154,
        "map_at_10": 0.44673,
        "map_at_100": 0.46751,
        "map_at_1000": 0.46925,
        "map_at_20": 0.45789,
        "map_at_3": 0.40325,
        "map_at_5": 0.42409,
        "mrr_at_1": 0.502347,
        "mrr_at_10": 0.610711,
        "mrr_at_100": 0.61546,
        "mrr_at_1000": 0.615566,
        "mrr_at_20": 0.61403,
        "mrr_at_3": 0.582942,
        "mrr_at_5": 0.598905,
        "nauc_map_at_1000_diff1": 0.360317,
        "nauc_map_at_1000_max": 0.45391,
        "nauc_map_at_1000_std": 0.137342,
        "nauc_map_at_100_diff1": 0.360011,
        "nauc_map_at_100_max": 0.454294,
        "nauc_map_at_100_std": 0.137384,
        "nauc_map_at_10_diff1": 0.37024,
        "nauc_map_at_10_max": 0.450456,
        "nauc_map_at_10_std": 0.11854,
        "nauc_map_at_1_diff1": 0.470669,
        "nauc_map_at_1_max": 0.37856,
        "nauc_map_at_1_std": 0.019557,
        "nauc_map_at_20_diff1": 0.362746,
        "nauc_map_at_20_max": 0.453689,
        "nauc_map_at_20_std": 0.127538,
        "nauc_map_at_3_diff1": 0.381156,
        "nauc_map_at_3_max": 0.414472,
        "nauc_map_at_3_std": 0.097526,
        "nauc_map_at_5_diff1": 0.374674,
        "nauc_map_at_5_max": 0.435679,
        "nauc_map_at_5_std": 0.10314,
        "nauc_mrr_at_1000_diff1": 0.285298,
        "nauc_mrr_at_1000_max": 0.398571,
        "nauc_mrr_at_1000_std": 0.203359,
        "nauc_mrr_at_100_diff1": 0.285311,
        "nauc_mrr_at_100_max": 0.398502,
        "nauc_mrr_at_100_std": 0.203577,
        "nauc_mrr_at_10_diff1": 0.285804,
        "nauc_mrr_at_10_max": 0.399353,
        "nauc_mrr_at_10_std": 0.202733,
        "nauc_mrr_at_1_diff1": 0.357811,
        "nauc_mrr_at_1_max": 0.381708,
        "nauc_mrr_at_1_std": 0.152917,
        "nauc_mrr_at_20_diff1": 0.28526,
        "nauc_mrr_at_20_max": 0.399937,
        "nauc_mrr_at_20_std": 0.204344,
        "nauc_mrr_at_3_diff1": 0.28942,
        "nauc_mrr_at_3_max": 0.384448,
        "nauc_mrr_at_3_std": 0.203033,
        "nauc_mrr_at_5_diff1": 0.285419,
        "nauc_mrr_at_5_max": 0.400443,
        "nauc_mrr_at_5_std": 0.197091,
        "nauc_ndcg_at_1000_diff1": 0.307796,
        "nauc_ndcg_at_1000_max": 0.466097,
        "nauc_ndcg_at_1000_std": 0.215393,
        "nauc_ndcg_at_100_diff1": 0.301691,
        "nauc_ndcg_at_100_max": 0.471311,
        "nauc_ndcg_at_100_std": 0.226394,
        "nauc_ndcg_at_10_diff1": 0.323217,
        "nauc_ndcg_at_10_max": 0.467451,
        "nauc_ndcg_at_10_std": 0.169028,
        "nauc_ndcg_at_1_diff1": 0.357811,
        "nauc_ndcg_at_1_max": 0.381708,
        "nauc_ndcg_at_1_std": 0.152917,
        "nauc_ndcg_at_20_diff1": 0.301211,
        "nauc_ndcg_at_20_max": 0.471502,
        "nauc_ndcg_at_20_std": 0.187718,
        "nauc_ndcg_at_3_diff1": 0.33449,
        "nauc_ndcg_at_3_max": 0.41103,
        "nauc_ndcg_at_3_std": 0.16544,
        "nauc_ndcg_at_5_diff1": 0.325966,
        "nauc_ndcg_at_5_max": 0.44257,
        "nauc_ndcg_at_5_std": 0.152716,
        "nauc_precision_at_1000_diff1": -0.192403,
        "nauc_precision_at_1000_max": -0.093195,
        "nauc_precision_at_1000_std": 0.199969,
        "nauc_precision_at_100_diff1": -0.206337,
        "nauc_precision_at_100_max": -0.00512,
        "nauc_precision_at_100_std": 0.291848,
        "nauc_precision_at_10_diff1": -0.106349,
        "nauc_precision_at_10_max": 0.243029,
        "nauc_precision_at_10_std": 0.29984,
        "nauc_precision_at_1_diff1": 0.357811,
        "nauc_precision_at_1_max": 0.381708,
        "nauc_precision_at_1_std": 0.152917,
        "nauc_precision_at_20_diff1": -0.189826,
        "nauc_precision_at_20_max": 0.153025,
        "nauc_precision_at_20_std": 0.301485,
        "nauc_precision_at_3_diff1": 0.051384,
        "nauc_precision_at_3_max": 0.341509,
        "nauc_precision_at_3_std": 0.305097,
        "nauc_precision_at_5_diff1": -0.051594,
        "nauc_precision_at_5_max": 0.28954,
        "nauc_precision_at_5_std": 0.287094,
        "nauc_recall_at_1000_diff1": -0.0254,
        "nauc_recall_at_1000_max": 0.691451,
        "nauc_recall_at_1000_std": 0.695267,
        "nauc_recall_at_100_diff1": 0.064318,
        "nauc_recall_at_100_max": 0.497686,
        "nauc_recall_at_100_std": 0.523548,
        "nauc_recall_at_10_diff1": 0.212997,
        "nauc_recall_at_10_max": 0.469086,
        "nauc_recall_at_10_std": 0.201664,
        "nauc_recall_at_1_diff1": 0.470669,
        "nauc_recall_at_1_max": 0.37856,
        "nauc_recall_at_1_std": 0.019557,
        "nauc_recall_at_20_diff1": 0.116747,
        "nauc_recall_at_20_max": 0.466482,
        "nauc_recall_at_20_std": 0.249841,
        "nauc_recall_at_3_diff1": 0.291378,
        "nauc_recall_at_3_max": 0.379957,
        "nauc_recall_at_3_std": 0.135441,
        "nauc_recall_at_5_diff1": 0.257042,
        "nauc_recall_at_5_max": 0.434825,
        "nauc_recall_at_5_std": 0.12481,
        "ndcg_at_1": 0.50235,
        "ndcg_at_10": 0.53375,
        "ndcg_at_100": 0.59893,
        "ndcg_at_1000": 0.61892,
        "ndcg_at_20": 0.55959,
        "ndcg_at_3": 0.48512,
        "ndcg_at_5": 0.5,
        "precision_at_1": 0.50235,
        "precision_at_10": 0.12629,
        "precision_at_100": 0.02056,
        "precision_at_1000": 0.00246,
        "precision_at_20": 0.07535,
        "precision_at_3": 0.26917,
        "precision_at_5": 0.19812,
        "recall_at_1": 0.32154,
        "recall_at_10": 0.62643,
        "recall_at_100": 0.84398,
        "recall_at_1000": 0.95114,
        "recall_at_20": 0.69904,
        "recall_at_3": 0.46787,
        "recall_at_5": 0.5294
      }
    ]
  },
  "evaluation_time": 529443.3464083672,
  "kg_co2_emissions": null
}