{
  "dataset_revision": "fc24a3ce8f09746410daee3d5cd823ff7a0675b7",
  "task_name": "MrTidyRetrieval",
  "mteb_version": "1.14.15",
  "scores": {
    "test": [
      {
        "hf_subset": "korean",
        "languages": [
          "kor-Kore"
        ],
        "main_score": 0.46571,
        "map_at_1": 0.27514,
        "map_at_10": 0.39939,
        "map_at_100": 0.41129,
        "map_at_1000": 0.41168,
        "map_at_20": 0.4066,
        "map_at_3": 0.36448,
        "map_at_5": 0.38421,
        "mrr_at_1": 0.301663,
        "mrr_at_10": 0.421028,
        "mrr_at_100": 0.431377,
        "mrr_at_1000": 0.431662,
        "mrr_at_20": 0.42776,
        "mrr_at_3": 0.391528,
        "mrr_at_5": 0.407799,
        "nauc_map_at_1000_diff1": 0.332931,
        "nauc_map_at_1000_max": 0.313095,
        "nauc_map_at_1000_std": 0.153201,
        "nauc_map_at_100_diff1": 0.332972,
        "nauc_map_at_100_max": 0.312959,
        "nauc_map_at_100_std": 0.153381,
        "nauc_map_at_10_diff1": 0.328874,
        "nauc_map_at_10_max": 0.310823,
        "nauc_map_at_10_std": 0.154668,
        "nauc_map_at_1_diff1": 0.367271,
        "nauc_map_at_1_max": 0.283521,
        "nauc_map_at_1_std": 0.082843,
        "nauc_map_at_20_diff1": 0.331244,
        "nauc_map_at_20_max": 0.313208,
        "nauc_map_at_20_std": 0.153609,
        "nauc_map_at_3_diff1": 0.335931,
        "nauc_map_at_3_max": 0.307875,
        "nauc_map_at_3_std": 0.138494,
        "nauc_map_at_5_diff1": 0.339934,
        "nauc_map_at_5_max": 0.315477,
        "nauc_map_at_5_std": 0.144602,
        "nauc_mrr_at_1000_diff1": 0.347085,
        "nauc_mrr_at_1000_max": 0.332797,
        "nauc_mrr_at_1000_std": 0.168309,
        "nauc_mrr_at_100_diff1": 0.34706,
        "nauc_mrr_at_100_max": 0.332662,
        "nauc_mrr_at_100_std": 0.168373,
        "nauc_mrr_at_10_diff1": 0.343721,
        "nauc_mrr_at_10_max": 0.33161,
        "nauc_mrr_at_10_std": 0.169053,
        "nauc_mrr_at_1_diff1": 0.376753,
        "nauc_mrr_at_1_max": 0.30488,
        "nauc_mrr_at_1_std": 0.109836,
        "nauc_mrr_at_20_diff1": 0.345267,
        "nauc_mrr_at_20_max": 0.332981,
        "nauc_mrr_at_20_std": 0.168297,
        "nauc_mrr_at_3_diff1": 0.349792,
        "nauc_mrr_at_3_max": 0.334486,
        "nauc_mrr_at_3_std": 0.164735,
        "nauc_mrr_at_5_diff1": 0.35375,
        "nauc_mrr_at_5_max": 0.335302,
        "nauc_mrr_at_5_std": 0.166287,
        "nauc_ndcg_at_1000_diff1": 0.329089,
        "nauc_ndcg_at_1000_max": 0.326131,
        "nauc_ndcg_at_1000_std": 0.182771,
        "nauc_ndcg_at_100_diff1": 0.329843,
        "nauc_ndcg_at_100_max": 0.320428,
        "nauc_ndcg_at_100_std": 0.186952,
        "nauc_ndcg_at_10_diff1": 0.308389,
        "nauc_ndcg_at_10_max": 0.317447,
        "nauc_ndcg_at_10_std": 0.189289,
        "nauc_ndcg_at_1_diff1": 0.376753,
        "nauc_ndcg_at_1_max": 0.30488,
        "nauc_ndcg_at_1_std": 0.109836,
        "nauc_ndcg_at_20_diff1": 0.31421,
        "nauc_ndcg_at_20_max": 0.325614,
        "nauc_ndcg_at_20_std": 0.188256,
        "nauc_ndcg_at_3_diff1": 0.327107,
        "nauc_ndcg_at_3_max": 0.318875,
        "nauc_ndcg_at_3_std": 0.16128,
        "nauc_ndcg_at_5_diff1": 0.333161,
        "nauc_ndcg_at_5_max": 0.327729,
        "nauc_ndcg_at_5_std": 0.169852,
        "nauc_precision_at_1000_diff1": 0.05824,
        "nauc_precision_at_1000_max": 0.125383,
        "nauc_precision_at_1000_std": 0.096106,
        "nauc_precision_at_100_diff1": 0.141051,
        "nauc_precision_at_100_max": 0.144023,
        "nauc_precision_at_100_std": 0.172039,
        "nauc_precision_at_10_diff1": 0.183315,
        "nauc_precision_at_10_max": 0.289809,
        "nauc_precision_at_10_std": 0.280599,
        "nauc_precision_at_1_diff1": 0.376753,
        "nauc_precision_at_1_max": 0.30488,
        "nauc_precision_at_1_std": 0.109836,
        "nauc_precision_at_20_diff1": 0.156191,
        "nauc_precision_at_20_max": 0.283258,
        "nauc_precision_at_20_std": 0.249949,
        "nauc_precision_at_3_diff1": 0.3031,
        "nauc_precision_at_3_max": 0.348817,
        "nauc_precision_at_3_std": 0.231636,
        "nauc_precision_at_5_diff1": 0.288182,
        "nauc_precision_at_5_max": 0.349189,
        "nauc_precision_at_5_std": 0.240385,
        "nauc_recall_at_1000_diff1": 0.252208,
        "nauc_recall_at_1000_max": 0.53941,
        "nauc_recall_at_1000_std": 0.765485,
        "nauc_recall_at_100_diff1": 0.311537,
        "nauc_recall_at_100_max": 0.258911,
        "nauc_recall_at_100_std": 0.443388,
        "nauc_recall_at_10_diff1": 0.203845,
        "nauc_recall_at_10_max": 0.29641,
        "nauc_recall_at_10_std": 0.287633,
        "nauc_recall_at_1_diff1": 0.367271,
        "nauc_recall_at_1_max": 0.283521,
        "nauc_recall_at_1_std": 0.082843,
        "nauc_recall_at_20_diff1": 0.204285,
        "nauc_recall_at_20_max": 0.331037,
        "nauc_recall_at_20_std": 0.314395,
        "nauc_recall_at_3_diff1": 0.276568,
        "nauc_recall_at_3_max": 0.311966,
        "nauc_recall_at_3_std": 0.194083,
        "nauc_recall_at_5_diff1": 0.284982,
        "nauc_recall_at_5_max": 0.328107,
        "nauc_recall_at_5_std": 0.214903,
        "ndcg_at_1": 0.30166,
        "ndcg_at_10": 0.46571,
        "ndcg_at_100": 0.52079,
        "ndcg_at_1000": 0.53041,
        "ndcg_at_20": 0.4905,
        "ndcg_at_3": 0.39923,
        "ndcg_at_5": 0.43194,
        "precision_at_1": 0.30166,
        "precision_at_10": 0.07292,
        "precision_at_100": 0.01043,
        "precision_at_1000": 0.00113,
        "precision_at_20": 0.04228,
        "precision_at_3": 0.1734,
        "precision_at_5": 0.12209,
        "recall_at_1": 0.27514,
        "recall_at_10": 0.64846,
        "recall_at_100": 0.89351,
        "recall_at_1000": 0.96793,
        "recall_at_20": 0.7403,
        "recall_at_3": 0.47427,
        "recall_at_5": 0.54988
      }
    ]
  },
  "evaluation_time": 523189.4393391609,
  "kg_co2_emissions": null
}