{
  "dataset_revision": "d67138e705d963e346253a80e59676ddb418810a",
  "task_name": "MultiLongDocRetrieval",
  "mteb_version": "1.14.15",
  "scores": {
    "dev": [
      {
        "hf_subset": "ko",
        "languages": [
          "kor-Hang"
        ],
        "main_score": 0.30313,
        "map_at_1": 0.21,
        "map_at_10": 0.27097,
        "map_at_100": 0.27948,
        "map_at_1000": 0.28033,
        "map_at_20": 0.27614,
        "map_at_3": 0.255,
        "map_at_5": 0.2635,
        "mrr_at_1": 0.21,
        "mrr_at_10": 0.27097,
        "mrr_at_100": 0.279478,
        "mrr_at_1000": 0.280328,
        "mrr_at_20": 0.276141,
        "mrr_at_3": 0.255,
        "mrr_at_5": 0.2635,
        "nauc_map_at_1000_diff1": 0.358738,
        "nauc_map_at_1000_max": 0.311344,
        "nauc_map_at_1000_std": -0.067045,
        "nauc_map_at_100_diff1": 0.358678,
        "nauc_map_at_100_max": 0.311718,
        "nauc_map_at_100_std": -0.066742,
        "nauc_map_at_10_diff1": 0.358602,
        "nauc_map_at_10_max": 0.303204,
        "nauc_map_at_10_std": -0.08138,
        "nauc_map_at_1_diff1": 0.426117,
        "nauc_map_at_1_max": 0.324125,
        "nauc_map_at_1_std": -0.101026,
        "nauc_map_at_20_diff1": 0.357248,
        "nauc_map_at_20_max": 0.31083,
        "nauc_map_at_20_std": -0.06923,
        "nauc_map_at_3_diff1": 0.368404,
        "nauc_map_at_3_max": 0.292283,
        "nauc_map_at_3_std": -0.088885,
        "nauc_map_at_5_diff1": 0.367896,
        "nauc_map_at_5_max": 0.300875,
        "nauc_map_at_5_std": -0.087681,
        "nauc_mrr_at_1000_diff1": 0.358738,
        "nauc_mrr_at_1000_max": 0.311344,
        "nauc_mrr_at_1000_std": -0.067045,
        "nauc_mrr_at_100_diff1": 0.358678,
        "nauc_mrr_at_100_max": 0.311718,
        "nauc_mrr_at_100_std": -0.066742,
        "nauc_mrr_at_10_diff1": 0.358602,
        "nauc_mrr_at_10_max": 0.303204,
        "nauc_mrr_at_10_std": -0.08138,
        "nauc_mrr_at_1_diff1": 0.426117,
        "nauc_mrr_at_1_max": 0.324125,
        "nauc_mrr_at_1_std": -0.101026,
        "nauc_mrr_at_20_diff1": 0.357248,
        "nauc_mrr_at_20_max": 0.31083,
        "nauc_mrr_at_20_std": -0.06923,
        "nauc_mrr_at_3_diff1": 0.368404,
        "nauc_mrr_at_3_max": 0.292283,
        "nauc_mrr_at_3_std": -0.088885,
        "nauc_mrr_at_5_diff1": 0.367896,
        "nauc_mrr_at_5_max": 0.300875,
        "nauc_mrr_at_5_std": -0.087681,
        "nauc_ndcg_at_1000_diff1": 0.335255,
        "nauc_ndcg_at_1000_max": 0.326631,
        "nauc_ndcg_at_1000_std": -0.013116,
        "nauc_ndcg_at_100_diff1": 0.331824,
        "nauc_ndcg_at_100_max": 0.336578,
        "nauc_ndcg_at_100_std": -0.005489,
        "nauc_ndcg_at_10_diff1": 0.33144,
        "nauc_ndcg_at_10_max": 0.306334,
        "nauc_ndcg_at_10_std": -0.065229,
        "nauc_ndcg_at_1_diff1": 0.426117,
        "nauc_ndcg_at_1_max": 0.324125,
        "nauc_ndcg_at_1_std": -0.101026,
        "nauc_ndcg_at_20_diff1": 0.328323,
        "nauc_ndcg_at_20_max": 0.333133,
        "nauc_ndcg_at_20_std": -0.024847,
        "nauc_ndcg_at_3_diff1": 0.352871,
        "nauc_ndcg_at_3_max": 0.286886,
        "nauc_ndcg_at_3_std": -0.082313,
        "nauc_ndcg_at_5_diff1": 0.353221,
        "nauc_ndcg_at_5_max": 0.302422,
        "nauc_ndcg_at_5_std": -0.079594,
        "nauc_precision_at_1000_diff1": 0.187996,
        "nauc_precision_at_1000_max": 0.399847,
        "nauc_precision_at_1000_std": 0.493116,
        "nauc_precision_at_100_diff1": 0.238213,
        "nauc_precision_at_100_max": 0.444844,
        "nauc_precision_at_100_std": 0.267648,
        "nauc_precision_at_10_diff1": 0.255214,
        "nauc_precision_at_10_max": 0.317692,
        "nauc_precision_at_10_std": -0.017563,
        "nauc_precision_at_1_diff1": 0.426117,
        "nauc_precision_at_1_max": 0.324125,
        "nauc_precision_at_1_std": -0.101026,
        "nauc_precision_at_20_diff1": 0.245438,
        "nauc_precision_at_20_max": 0.415758,
        "nauc_precision_at_20_std": 0.12646,
        "nauc_precision_at_3_diff1": 0.31221,
        "nauc_precision_at_3_max": 0.273751,
        "nauc_precision_at_3_std": -0.064075,
        "nauc_precision_at_5_diff1": 0.316066,
        "nauc_precision_at_5_max": 0.309862,
        "nauc_precision_at_5_std": -0.056853,
        "nauc_recall_at_1000_diff1": 0.187996,
        "nauc_recall_at_1000_max": 0.399847,
        "nauc_recall_at_1000_std": 0.493116,
        "nauc_recall_at_100_diff1": 0.238213,
        "nauc_recall_at_100_max": 0.444844,
        "nauc_recall_at_100_std": 0.267648,
        "nauc_recall_at_10_diff1": 0.255214,
        "nauc_recall_at_10_max": 0.317692,
        "nauc_recall_at_10_std": -0.017563,
        "nauc_recall_at_1_diff1": 0.426117,
        "nauc_recall_at_1_max": 0.324125,
        "nauc_recall_at_1_std": -0.101026,
        "nauc_recall_at_20_diff1": 0.245438,
        "nauc_recall_at_20_max": 0.415758,
        "nauc_recall_at_20_std": 0.12646,
        "nauc_recall_at_3_diff1": 0.31221,
        "nauc_recall_at_3_max": 0.273751,
        "nauc_recall_at_3_std": -0.064075,
        "nauc_recall_at_5_diff1": 0.316066,
        "nauc_recall_at_5_max": 0.309862,
        "nauc_recall_at_5_std": -0.056853,
        "ndcg_at_1": 0.21,
        "ndcg_at_10": 0.30313,
        "ndcg_at_100": 0.34874,
        "ndcg_at_1000": 0.37803,
        "ndcg_at_20": 0.32123,
        "ndcg_at_3": 0.27036,
        "ndcg_at_5": 0.28521,
        "precision_at_1": 0.21,
        "precision_at_10": 0.0405,
        "precision_at_100": 0.0063,
        "precision_at_1000": 0.00088,
        "precision_at_20": 0.02375,
        "precision_at_3": 0.105,
        "precision_at_5": 0.07,
        "recall_at_1": 0.21,
        "recall_at_10": 0.405,
        "recall_at_100": 0.63,
        "recall_at_1000": 0.875,
        "recall_at_20": 0.475,
        "recall_at_3": 0.315,
        "recall_at_5": 0.35
      }
    ],
    "test": [
      {
        "hf_subset": "ko",
        "languages": [
          "kor-Hang"
        ],
        "main_score": 0.29368,
        "map_at_1": 0.23,
        "map_at_10": 0.27265,
        "map_at_100": 0.2815,
        "map_at_1000": 0.28244,
        "map_at_20": 0.27838,
        "map_at_3": 0.25917,
        "map_at_5": 0.26867,
        "mrr_at_1": 0.23,
        "mrr_at_10": 0.272649,
        "mrr_at_100": 0.281497,
        "mrr_at_1000": 0.282443,
        "mrr_at_20": 0.278376,
        "mrr_at_3": 0.259167,
        "mrr_at_5": 0.268667,
        "nauc_map_at_1000_diff1": 0.569327,
        "nauc_map_at_1000_max": 0.580647,
        "nauc_map_at_1000_std": -0.060757,
        "nauc_map_at_100_diff1": 0.569379,
        "nauc_map_at_100_max": 0.580772,
        "nauc_map_at_100_std": -0.060896,
        "nauc_map_at_10_diff1": 0.571186,
        "nauc_map_at_10_max": 0.577714,
        "nauc_map_at_10_std": -0.073191,
        "nauc_map_at_1_diff1": 0.620529,
        "nauc_map_at_1_max": 0.594446,
        "nauc_map_at_1_std": -0.085577,
        "nauc_map_at_20_diff1": 0.572418,
        "nauc_map_at_20_max": 0.580767,
        "nauc_map_at_20_std": -0.065045,
        "nauc_map_at_3_diff1": 0.581675,
        "nauc_map_at_3_max": 0.58022,
        "nauc_map_at_3_std": -0.084123,
        "nauc_map_at_5_diff1": 0.577326,
        "nauc_map_at_5_max": 0.579164,
        "nauc_map_at_5_std": -0.077128,
        "nauc_mrr_at_1000_diff1": 0.569327,
        "nauc_mrr_at_1000_max": 0.580647,
        "nauc_mrr_at_1000_std": -0.060757,
        "nauc_mrr_at_100_diff1": 0.569379,
        "nauc_mrr_at_100_max": 0.580772,
        "nauc_mrr_at_100_std": -0.060896,
        "nauc_mrr_at_10_diff1": 0.571186,
        "nauc_mrr_at_10_max": 0.577714,
        "nauc_mrr_at_10_std": -0.073191,
        "nauc_mrr_at_1_diff1": 0.620529,
        "nauc_mrr_at_1_max": 0.594446,
        "nauc_mrr_at_1_std": -0.085577,
        "nauc_mrr_at_20_diff1": 0.572418,
        "nauc_mrr_at_20_max": 0.580767,
        "nauc_mrr_at_20_std": -0.065045,
        "nauc_mrr_at_3_diff1": 0.581675,
        "nauc_mrr_at_3_max": 0.58022,