{
  "dataset_revision": "main",
  "task_name": "PublicHealthQA",
  "mteb_version": "1.14.15",
  "scores": {
    "test": [
      {
        "hf_subset": "korean",
        "languages": [
          "kor-Hang"
        ],
        "main_score": 0.85844,
        "map_at_1": 0.68831,
        "map_at_10": 0.81196,
        "map_at_100": 0.81196,
        "map_at_1000": 0.81196,
        "map_at_20": 0.81196,
        "map_at_3": 0.80303,
        "map_at_5": 0.80303,
        "mrr_at_1": 0.688312,
        "mrr_at_10": 0.811956,
        "mrr_at_100": 0.811956,
        "mrr_at_1000": 0.811956,
        "mrr_at_20": 0.811956,
        "mrr_at_3": 0.80303,
        "mrr_at_5": 0.80303,
        "nauc_map_at_1000_diff1": 0.73065,
        "nauc_map_at_1000_max": 0.32379,
        "nauc_map_at_1000_std": -0.166202,
        "nauc_map_at_100_diff1": 0.73065,
        "nauc_map_at_100_max": 0.32379,
        "nauc_map_at_100_std": -0.166202,
        "nauc_map_at_10_diff1": 0.73065,
        "nauc_map_at_10_max": 0.32379,
        "nauc_map_at_10_std": -0.166202,
        "nauc_map_at_1_diff1": 0.742292,
        "nauc_map_at_1_max": 0.348216,
        "nauc_map_at_1_std": -0.091651,
        "nauc_map_at_20_diff1": 0.73065,
        "nauc_map_at_20_max": 0.32379,
        "nauc_map_at_20_std": -0.166202,
        "nauc_map_at_3_diff1": 0.727274,
        "nauc_map_at_3_max": 0.322993,
        "nauc_map_at_3_std": -0.186952,
        "nauc_map_at_5_diff1": 0.727274,
        "nauc_map_at_5_max": 0.322993,
        "nauc_map_at_5_std": -0.186952,
        "nauc_mrr_at_1000_diff1": 0.73065,
        "nauc_mrr_at_1000_max": 0.32379,
        "nauc_mrr_at_1000_std": -0.166202,
        "nauc_mrr_at_100_diff1": 0.73065,
        "nauc_mrr_at_100_max": 0.32379,
        "nauc_mrr_at_100_std": -0.166202,
        "nauc_mrr_at_10_diff1": 0.73065,
        "nauc_mrr_at_10_max": 0.32379,
        "nauc_mrr_at_10_std": -0.166202,
        "nauc_mrr_at_1_diff1": 0.742292,
        "nauc_mrr_at_1_max": 0.348216,
        "nauc_mrr_at_1_std": -0.091651,
        "nauc_mrr_at_20_diff1": 0.73065,
        "nauc_mrr_at_20_max": 0.32379,
        "nauc_mrr_at_20_std": -0.166202,
        "nauc_mrr_at_3_diff1": 0.727274,
        "nauc_mrr_at_3_max": 0.322993,
        "nauc_mrr_at_3_std": -0.186952,
        "nauc_mrr_at_5_diff1": 0.727274,
        "nauc_mrr_at_5_max": 0.322993,
        "nauc_mrr_at_5_std": -0.186952,
        "nauc_ndcg_at_1000_diff1": 0.729862,
        "nauc_ndcg_at_1000_max": 0.320818,
        "nauc_ndcg_at_1000_std": -0.172694,
        "nauc_ndcg_at_100_diff1": 0.729862,
        "nauc_ndcg_at_100_max": 0.320818,
        "nauc_ndcg_at_100_std": -0.172694,
        "nauc_ndcg_at_10_diff1": 0.729862,
        "nauc_ndcg_at_10_max": 0.320818,
        "nauc_ndcg_at_10_std": -0.172694,
        "nauc_ndcg_at_1_diff1": 0.742292,
        "nauc_ndcg_at_1_max": 0.348216,
        "nauc_ndcg_at_1_std": -0.091651,
        "nauc_ndcg_at_20_diff1": 0.729862,
        "nauc_ndcg_at_20_max": 0.320818,
        "nauc_ndcg_at_20_std": -0.172694,
        "nauc_ndcg_at_3_diff1": 0.721978,
        "nauc_ndcg_at_3_max": 0.313474,
        "nauc_ndcg_at_3_std": -0.227252,
        "nauc_ndcg_at_5_diff1": 0.721978,
        "nauc_ndcg_at_5_max": 0.313474,
        "nauc_ndcg_at_5_std": -0.227252,
        "nauc_precision_at_1000_diff1": NaN,
        "nauc_precision_at_1000_max": NaN,
        "nauc_precision_at_1000_std": NaN,
        "nauc_precision_at_100_diff1": 1.0,
        "nauc_precision_at_100_max": 1.0,
        "nauc_precision_at_100_std": 1.0,
        "nauc_precision_at_10_diff1": 1.0,
        "nauc_precision_at_10_max": 1.0,
        "nauc_precision_at_10_std": 1.0,
        "nauc_precision_at_1_diff1": 0.742292,
        "nauc_precision_at_1_max": 0.348216,
        "nauc_precision_at_1_std": -0.091651,
        "nauc_precision_at_20_diff1": 1.0,
        "nauc_precision_at_20_max": 1.0,
        "nauc_precision_at_20_std": 1.0,
        "nauc_precision_at_3_diff1": 0.683582,
        "nauc_precision_at_3_max": 0.243738,
        "nauc_precision_at_3_std": -0.527143,
        "nauc_precision_at_5_diff1": 0.683582,
        "nauc_precision_at_5_max": 0.243738,
        "nauc_precision_at_5_std": -0.527143,
        "nauc_recall_at_1000_diff1": NaN,
        "nauc_recall_at_1000_max": NaN,
        "nauc_recall_at_1000_std": NaN,
        "nauc_recall_at_100_diff1": NaN,
        "nauc_recall_at_100_max": NaN,
        "nauc_recall_at_100_std": NaN,
        "nauc_recall_at_10_diff1": NaN,
        "nauc_recall_at_10_max": NaN,
        "nauc_recall_at_10_std": NaN,
        "nauc_recall_at_1_diff1": 0.742292,
        "nauc_recall_at_1_max": 0.348216,
        "nauc_recall_at_1_std": -0.091651,
        "nauc_recall_at_20_diff1": NaN,
        "nauc_recall_at_20_max": NaN,
        "nauc_recall_at_20_std": NaN,
        "nauc_recall_at_3_diff1": 0.683582,
        "nauc_recall_at_3_max": 0.243738,
        "nauc_recall_at_3_std": -0.527143,
        "nauc_recall_at_5_diff1": 0.683582,
        "nauc_recall_at_5_max": 0.243738,
        "nauc_recall_at_5_std": -0.527143,
        "ndcg_at_1": 0.68831,
        "ndcg_at_10": 0.85844,
        "ndcg_at_100": 0.85844,
        "ndcg_at_1000": 0.85844,
        "ndcg_at_20": 0.85844,
        "ndcg_at_3": 0.83719,
        "ndcg_at_5": 0.83719,
        "precision_at_1": 0.68831,
        "precision_at_10": 0.1,
        "precision_at_100": 0.01,
        "precision_at_1000": 0.001,
        "precision_at_20": 0.05,
        "precision_at_3": 0.31169,
        "precision_at_5": 0.18701,
        "recall_at_1": 0.68831,
        "recall_at_10": 1.0,
        "recall_at_100": 1.0,
        "recall_at_1000": 1.0,
        "recall_at_20": 1.0,
        "recall_at_3": 0.93506,
        "recall_at_5": 0.93506
      }
    ]
  },
  "evaluation_time": 46.12802481651306,
  "kg_co2_emissions": null
}