{
  "dataset_revision": "c99d599f0a6ab9b85b065da6f9d94f9cf731679f",
  "task_name": "XPQARetrieval",
  "mteb_version": "1.14.15",
  "scores": {
    "test": [
      {
        "hf_subset": "kor-kor",
        "languages": [
          "kor-Hang",
          "kor-Hang"
        ],
        "main_score": 0.37866,
        "map_at_1": 0.21493,
        "map_at_10": 0.3305,
        "map_at_100": 0.34654,
        "map_at_1000": 0.34759,
        "map_at_20": 0.33866,
        "map_at_3": 0.2948,
        "map_at_5": 0.31486,
        "mrr_at_1": 0.299694,
        "mrr_at_10": 0.367332,
        "mrr_at_100": 0.379384,
        "mrr_at_1000": 0.380082,
        "mrr_at_20": 0.373812,
        "mrr_at_3": 0.343782,
        "mrr_at_5": 0.356167,
        "nauc_map_at_1000_diff1": 0.396054,
        "nauc_map_at_1000_max": 0.041278,
        "nauc_map_at_1000_std": -0.367357,
        "nauc_map_at_100_diff1": 0.39579,
        "nauc_map_at_100_max": 0.04156,
        "nauc_map_at_100_std": -0.366513,
        "nauc_map_at_10_diff1": 0.397798,
        "nauc_map_at_10_max": 0.037439,
        "nauc_map_at_10_std": -0.375188,
        "nauc_map_at_1_diff1": 0.446153,
        "nauc_map_at_1_max": 0.026634,
        "nauc_map_at_1_std": -0.339652,
        "nauc_map_at_20_diff1": 0.396256,
        "nauc_map_at_20_max": 0.038924,
        "nauc_map_at_20_std": -0.372101,
        "nauc_map_at_3_diff1": 0.393802,
        "nauc_map_at_3_max": 0.03416,
        "nauc_map_at_3_std": -0.368181,
        "nauc_map_at_5_diff1": 0.395716,
        "nauc_map_at_5_max": 0.037219,
        "nauc_map_at_5_std": -0.374586,
        "nauc_mrr_at_1000_diff1": 0.420405,
        "nauc_mrr_at_1000_max": 0.044736,
        "nauc_mrr_at_1000_std": -0.368398,
        "nauc_mrr_at_100_diff1": 0.42025,
        "nauc_mrr_at_100_max": 0.044992,
        "nauc_mrr_at_100_std": -0.367731,
        "nauc_mrr_at_10_diff1": 0.421388,
        "nauc_mrr_at_10_max": 0.039164,
        "nauc_mrr_at_10_std": -0.376008,
        "nauc_mrr_at_1_diff1": 0.434964,
        "nauc_mrr_at_1_max": 0.051142,
        "nauc_mrr_at_1_std": -0.373782,
        "nauc_mrr_at_20_diff1": 0.420588,
        "nauc_mrr_at_20_max": 0.042627,
        "nauc_mrr_at_20_std": -0.371405,
        "nauc_mrr_at_3_diff1": 0.421866,
        "nauc_mrr_at_3_max": 0.037724,
        "nauc_mrr_at_3_std": -0.377912,
        "nauc_mrr_at_5_diff1": 0.419933,
        "nauc_mrr_at_5_max": 0.037608,
        "nauc_mrr_at_5_std": -0.378142,
        "nauc_ndcg_at_1000_diff1": 0.397847,
        "nauc_ndcg_at_1000_max": 0.053961,
        "nauc_ndcg_at_1000_std": -0.347668,
        "nauc_ndcg_at_100_diff1": 0.39369,
        "nauc_ndcg_at_100_max": 0.069754,
        "nauc_ndcg_at_100_std": -0.31766,
        "nauc_ndcg_at_10_diff1": 0.401538,
        "nauc_ndcg_at_10_max": 0.037917,
        "nauc_ndcg_at_10_std": -0.374361,
        "nauc_ndcg_at_1_diff1": 0.430211,
        "nauc_ndcg_at_1_max": 0.047258,
        "nauc_ndcg_at_1_std": -0.377346,
        "nauc_ndcg_at_20_diff1": 0.396243,
        "nauc_ndcg_at_20_max": 0.043894,
        "nauc_ndcg_at_20_std": -0.363048,
        "nauc_ndcg_at_3_diff1": 0.395062,
        "nauc_ndcg_at_3_max": 0.030306,
        "nauc_ndcg_at_3_std": -0.373941,
        "nauc_ndcg_at_5_diff1": 0.396385,
        "nauc_ndcg_at_5_max": 0.034626,
        "nauc_ndcg_at_5_std": -0.37595,
        "nauc_precision_at_1000_diff1": -0.034627,
        "nauc_precision_at_1000_max": 0.076902,
        "nauc_precision_at_1000_std": 0.021871,
        "nauc_precision_at_100_diff1": 0.07148,
        "nauc_precision_at_100_max": 0.133156,
        "nauc_precision_at_100_std": 0.034449,
        "nauc_precision_at_10_diff1": 0.235734,
        "nauc_precision_at_10_max": 0.035876,
        "nauc_precision_at_10_std": -0.297244,
        "nauc_precision_at_1_diff1": 0.430211,
        "nauc_precision_at_1_max": 0.047258,
        "nauc_precision_at_1_std": -0.377346,
        "nauc_precision_at_20_diff1": 0.187426,
        "nauc_precision_at_20_max": 0.04232,
        "nauc_precision_at_20_std": -0.233562,
        "nauc_precision_at_3_diff1": 0.269033,
        "nauc_precision_at_3_max": 0.046162,
        "nauc_precision_at_3_std": -0.335967,
        "nauc_precision_at_5_diff1": 0.253308,
        "nauc_precision_at_5_max": 0.044773,
        "nauc_precision_at_5_std": -0.326791,
        "nauc_recall_at_1000_diff1": NaN,
        "nauc_recall_at_1000_max": NaN,
        "nauc_recall_at_1000_std": NaN,
        "nauc_recall_at_100_diff1": 0.310565,
        "nauc_recall_at_100_max": 0.301738,
        "nauc_recall_at_100_std": 0.113773,
        "nauc_recall_at_10_diff1": 0.379827,
        "nauc_recall_at_10_max": 0.042492,
        "nauc_recall_at_10_std": -0.352314,
        "nauc_recall_at_1_diff1": 0.446153,
        "nauc_recall_at_1_max": 0.026634,
        "nauc_recall_at_1_std": -0.339652,
        "nauc_recall_at_20_diff1": 0.356384,
        "nauc_recall_at_20_max": 0.063282,
        "nauc_recall_at_20_std": -0.311305,
        "nauc_recall_at_3_diff1": 0.371263,
        "nauc_recall_at_3_max": 0.024943,
        "nauc_recall_at_3_std": -0.355484,
        "nauc_recall_at_5_diff1": 0.365714,
        "nauc_recall_at_5_max": 0.029103,
        "nauc_recall_at_5_std": -0.358871,
        "ndcg_at_1": 0.30122,
        "ndcg_at_10": 0.37866,
        "ndcg_at_100": 0.45423,
        "ndcg_at_1000": 0.4792,
        "ndcg_at_20": 0.40376,
        "ndcg_at_3": 0.3221,
        "ndcg_at_5": 0.34735,
        "precision_at_1": 0.30122,
        "precision_at_10": 0.07691,
        "precision_at_100": 0.01303,
        "precision_at_1000": 0.00156,
        "precision_at_20": 0.0458,
        "precision_at_3": 0.17431,
        "precision_at_5": 0.12508,
        "recall_at_1": 0.21493,
        "recall_at_10": 0.4843,
        "recall_at_100": 0.8169,
        "recall_at_1000": 1.0,
        "recall_at_20": 0.56944,
        "recall_at_3": 0.33876,
        "recall_at_5": 0.40008
      },
      {
        "hf_subset": "eng-kor",
        "languages": [
          "eng-Latn",
          "kor-Hang"
        ],
        "main_score": 0.39995,
        "map_at_1": 0.19177,
        "map_at_10": 0.33984,
        "map_at_100": 0.35699,
        "map_at_1000": 0.35838,
        "map_at_20": 0.34825,
        "map_at_3": 0.28717,
        "map_at_5": 0.3174,
        "mrr_at_1": 0.331804,
        "mrr_at_10": 0.402605,
        "mrr_at_100": 0.413345,
        "mrr_at_1000": 0.413888,
        "mrr_at_20": 0.408396,
        "mrr_at_3": 0.374363,
        "mrr_at_5": 0.389348,
        "nauc_map_at_1000_diff1": 0.410586,
        "nauc_map_at_1000_max": -0.0013,
        "nauc_map_at_1000_std": -0.402769,
        "nauc_map_at_100_diff1": 0.410386,
        "nauc_map_at_100_max": -0.002493,
        "nauc_map_at_100_std": -0.404031,
        "nauc_map_at_10_diff1": 0.406655,
        "nauc_map_at_10_max": -0.002487,
        "nauc_map_at_10_std": -0.405349,
        "nauc_map_at_1_diff1": 0.468318,
        "nauc_map_at_1_max": -0.014474,
        "nauc_map_at_1_std": -0.345516,
        "nauc_map_at_20_diff1": 0.410121,
        "nauc_map_at_20_max": -0.004781,
        "nauc_map_at_20_std": -0.407954,
        "nauc_map_at_3_diff1": 0.439185,
        "nauc_map_at_3_max": 0.012396,
        "nauc_map_at_3_std": -0.38992,
        "nauc_map_at_5_diff1": 0.419175,
        "nauc_map_at_5_max": 0.008385,
        "nauc_map_at_5_std": -0.399516,
        "nauc_mrr_at_1000_diff1": 0.409207,
        "nauc_mrr_at_1000_max": 0.001239,
        "nauc_mrr_at_1000_std": -0.393274,
        "nauc_mrr_at_100_diff1": 0.409049,
        "nauc_mrr_at_100_max": 0.001059,
        "nauc_mrr_at_100_std": -0.393359,
        "nauc_mrr_at_10_diff1": 0.40767,
        "nauc_mrr_at_10_max": -8.1e-05,
        "nauc_mrr_at_10_std": -0.395309,
        "nauc_mrr_at_1_diff1": 0.442769,
        "nauc_mrr_at_1_max": 0.016339,
        "nauc_mrr_at_1_std": -0.386117,
        "nauc_mrr_at_20_diff1": 0.40909,
        "nauc_mrr_at_20_max": -0.00092,
        "nauc_mrr_at_20_std": -0.39608,