{
  "dataset_revision": "75b399394a9803252cfec289d103de462763db7c",
  "task_name": "BelebeleRetrieval",
  "mteb_version": "1.14.15",
  "scores": {
    "test": [
      {
        "hf_subset": "kor_Hang-kor_Hang",
        "languages": [
          "kor-Hang",
          "kor-Hang"
        ],
        "main_score": 0.95027,
        "map_at_1": 0.90889,
        "map_at_10": 0.93864,
        "map_at_100": 0.93898,
        "map_at_1000": 0.939,
        "map_at_20": 0.93884,
        "map_at_3": 0.935,
        "map_at_5": 0.93744,
        "mrr_at_1": 0.908889,
        "mrr_at_10": 0.938637,
        "mrr_at_100": 0.938981,
        "mrr_at_1000": 0.939,
        "mrr_at_20": 0.938844,
        "mrr_at_3": 0.935,
        "mrr_at_5": 0.937444,
        "nauc_map_at_1000_diff1": 0.92626,
        "nauc_map_at_1000_max": 0.8411,
        "nauc_map_at_1000_std": -0.091674,
        "nauc_map_at_100_diff1": 0.926262,
        "nauc_map_at_100_max": 0.841139,
        "nauc_map_at_100_std": -0.091422,
        "nauc_map_at_10_diff1": 0.92608,
        "nauc_map_at_10_max": 0.840592,
        "nauc_map_at_10_std": -0.093656,
        "nauc_map_at_1_diff1": 0.928292,
        "nauc_map_at_1_max": 0.830242,
        "nauc_map_at_1_std": -0.095642,
        "nauc_map_at_20_diff1": 0.926338,
        "nauc_map_at_20_max": 0.841409,
        "nauc_map_at_20_std": -0.092553,
        "nauc_map_at_3_diff1": 0.925796,
        "nauc_map_at_3_max": 0.841332,
        "nauc_map_at_3_std": -0.100625,
        "nauc_map_at_5_diff1": 0.926294,
        "nauc_map_at_5_max": 0.842378,
        "nauc_map_at_5_std": -0.090128,
        "nauc_mrr_at_1000_diff1": 0.92626,
        "nauc_mrr_at_1000_max": 0.8411,
        "nauc_mrr_at_1000_std": -0.091674,
        "nauc_mrr_at_100_diff1": 0.926262,
        "nauc_mrr_at_100_max": 0.841139,
        "nauc_mrr_at_100_std": -0.091422,
        "nauc_mrr_at_10_diff1": 0.92608,
        "nauc_mrr_at_10_max": 0.840592,
        "nauc_mrr_at_10_std": -0.093656,
        "nauc_mrr_at_1_diff1": 0.928292,
        "nauc_mrr_at_1_max": 0.830242,
        "nauc_mrr_at_1_std": -0.095642,
        "nauc_mrr_at_20_diff1": 0.926338,
        "nauc_mrr_at_20_max": 0.841409,
        "nauc_mrr_at_20_std": -0.092553,
        "nauc_mrr_at_3_diff1": 0.925796,
        "nauc_mrr_at_3_max": 0.841332,
        "nauc_mrr_at_3_std": -0.100625,
        "nauc_mrr_at_5_diff1": 0.926294,
        "nauc_mrr_at_5_max": 0.842378,
        "nauc_mrr_at_5_std": -0.090128,
        "nauc_ndcg_at_1000_diff1": 0.926427,
        "nauc_ndcg_at_1000_max": 0.843795,
        "nauc_ndcg_at_1000_std": -0.085695,
        "nauc_ndcg_at_100_diff1": 0.926521,
        "nauc_ndcg_at_100_max": 0.845253,
        "nauc_ndcg_at_100_std": -0.076328,
        "nauc_ndcg_at_10_diff1": 0.926132,
        "nauc_ndcg_at_10_max": 0.843981,
        "nauc_ndcg_at_10_std": -0.089937,
        "nauc_ndcg_at_1_diff1": 0.928292,
        "nauc_ndcg_at_1_max": 0.830242,
        "nauc_ndcg_at_1_std": -0.095642,
        "nauc_ndcg_at_20_diff1": 0.927245,
        "nauc_ndcg_at_20_max": 0.847877,
        "nauc_ndcg_at_20_std": -0.084085,
        "nauc_ndcg_at_3_diff1": 0.925587,
        "nauc_ndcg_at_3_max": 0.845899,
        "nauc_ndcg_at_3_std": -0.10219,
        "nauc_ndcg_at_5_diff1": 0.92659,
        "nauc_ndcg_at_5_max": 0.848799,
        "nauc_ndcg_at_5_std": -0.079506,
        "nauc_precision_at_1000_diff1": NaN,
        "nauc_precision_at_1000_max": NaN,
        "nauc_precision_at_1000_std": NaN,
        "nauc_precision_at_100_diff1": 0.934641,
        "nauc_precision_at_100_max": 0.96732,
        "nauc_precision_at_100_std": 0.707166,
        "nauc_precision_at_10_diff1": 0.928356,
        "nauc_precision_at_10_max": 0.879731,
        "nauc_precision_at_10_std": -0.04787,
        "nauc_precision_at_1_diff1": 0.928292,
        "nauc_precision_at_1_max": 0.830242,
        "nauc_precision_at_1_std": -0.095642,
        "nauc_precision_at_20_diff1": 0.947712,
        "nauc_precision_at_20_max": 0.95915,
        "nauc_precision_at_20_std": 0.073483,
        "nauc_precision_at_3_diff1": 0.925002,
        "nauc_precision_at_3_max": 0.8702,
        "nauc_precision_at_3_std": -0.110208,
        "nauc_precision_at_5_diff1": 0.929972,
        "nauc_precision_at_5_max": 0.899093,
        "nauc_precision_at_5_std": 0.011827,
        "nauc_recall_at_1000_diff1": NaN,
        "nauc_recall_at_1000_max": NaN,
        "nauc_recall_at_1000_std": NaN,
        "nauc_recall_at_100_diff1": 0.934641,
        "nauc_recall_at_100_max": 0.96732,
        "nauc_recall_at_100_std": 0.707166,
        "nauc_recall_at_10_diff1": 0.928356,
        "nauc_recall_at_10_max": 0.879731,
        "nauc_recall_at_10_std": -0.04787,
        "nauc_recall_at_1_diff1": 0.928292,
        "nauc_recall_at_1_max": 0.830242,
        "nauc_recall_at_1_std": -0.095642,
        "nauc_recall_at_20_diff1": 0.947712,
        "nauc_recall_at_20_max": 0.95915,
        "nauc_recall_at_20_std": 0.073483,
        "nauc_recall_at_3_diff1": 0.925002,
        "nauc_recall_at_3_max": 0.8702,
        "nauc_recall_at_3_std": -0.110208,
        "nauc_recall_at_5_diff1": 0.929972,
        "nauc_recall_at_5_max": 0.899093,
        "nauc_recall_at_5_std": 0.011827,
        "ndcg_at_1": 0.90889,
        "ndcg_at_10": 0.95027,
        "ndcg_at_100": 0.95225,
        "ndcg_at_1000": 0.95281,
        "ndcg_at_20": 0.95108,
        "ndcg_at_3": 0.9429,
        "ndcg_at_5": 0.94739,
        "precision_at_1": 0.90889,
        "precision_at_10": 0.09856,
        "precision_at_100": 0.00996,
        "precision_at_1000": 0.001,
        "precision_at_20": 0.04944,
        "precision_at_3": 0.32185,
        "precision_at_5": 0.19533,
        "recall_at_1": 0.90889,
        "recall_at_10": 0.98556,
        "recall_at_100": 0.99556,
        "recall_at_1000": 1.0,
        "recall_at_20": 0.98889,
        "recall_at_3": 0.96556,
        "recall_at_5": 0.97667
      },
      {
        "hf_subset": "kor_Hang-eng_Latn",
        "languages": [
          "kor-Hang",
          "eng-Latn"
        ],
        "main_score": 0.9243,
        "map_at_1": 0.86778,
        "map_at_10": 0.90697,
        "map_at_100": 0.90797,
        "map_at_1000": 0.90799,
        "map_at_20": 0.90784,
        "map_at_3": 0.89981,
        "map_at_5": 0.90387,
        "mrr_at_1": 0.867778,
        "mrr_at_10": 0.906966,
        "mrr_at_100": 0.907967,
        "mrr_at_1000": 0.907989,
        "mrr_at_20": 0.907838,
        "mrr_at_3": 0.899815,
        "mrr_at_5": 0.90387,
        "nauc_map_at_1000_diff1": 0.88504,
        "nauc_map_at_1000_max": 0.759998,
        "nauc_map_at_1000_std": 0.008923,
        "nauc_map_at_100_diff1": 0.885046,
        "nauc_map_at_100_max": 0.760057,
        "nauc_map_at_100_std": 0.009088,
        "nauc_map_at_10_diff1": 0.884417,
        "nauc_map_at_10_max": 0.760522,
        "nauc_map_at_10_std": 0.008633,
        "nauc_map_at_1_diff1": 0.899205,
        "nauc_map_at_1_max": 0.740058,
        "nauc_map_at_1_std": -0.013923,
        "nauc_map_at_20_diff1": 0.884744,
        "nauc_map_at_20_max": 0.760136,
        "nauc_map_at_20_std": 0.009397,
        "nauc_map_at_3_diff1": 0.88369,
        "nauc_map_at_3_max": 0.763404,
        "nauc_map_at_3_std": 0.002017,
        "nauc_map_at_5_diff1": 0.883801,
        "nauc_map_at_5_max": 0.75809,
        "nauc_map_at_5_std": 0.002942,
        "nauc_mrr_at_1000_diff1": 0.88504,
        "nauc_mrr_at_1000_max": 0.759998,
        "nauc_mrr_at_1000_std": 0.008923,
        "nauc_mrr_at_100_diff1": 0.885046,
        "nauc_mrr_at_100_max": 0.760057,
        "nauc_mrr_at_100_std": 0.009088,
        "nauc_mrr_at_10_diff1": 0.884417,
        "nauc_mrr_at_10_max": 0.760522,
        "nauc_mrr_at_10_std": 0.008633,
        "nauc_mrr_at_1_diff1": 0.899205,
        "nauc_mrr_at_1_max": 0.740058,
        "nauc_mrr_at_1_std": -0.013923,
        "nauc_mrr_at_20_diff1": 0.884744,
        "nauc_mrr_at_20_max": 0.760136,
        "nauc_mrr_at_20_std": 0.009397,
        "nauc_mrr_at_3_diff1": 0.88369,