{
  "dataset_revision": "main",
  "task_name": "MIRACLRetrieval",
  "mteb_version": "1.14.15",
  "scores": {
    "dev": [
      {
        "hf_subset": "ko",
        "languages": [
          "kor-Kore"
        ],
        "main_score": 0.68331,
        "map_at_1": 0.3923,
        "map_at_10": 0.59239,
        "map_at_100": 0.6184,
        "map_at_1000": 0.61894,
        "map_at_20": 0.60938,
        "map_at_3": 0.51673,
        "map_at_5": 0.56081,
        "mrr_at_1": 0.643192,
        "mrr_at_10": 0.745903,
        "mrr_at_100": 0.748773,
        "mrr_at_1000": 0.748852,
        "mrr_at_20": 0.748525,
        "mrr_at_3": 0.726135,
        "mrr_at_5": 0.73928,
        "nauc_map_at_1000_diff1": 0.377495,
        "nauc_map_at_1000_max": 0.353531,
        "nauc_map_at_1000_std": -0.01991,
        "nauc_map_at_100_diff1": 0.376867,
        "nauc_map_at_100_max": 0.352873,
        "nauc_map_at_100_std": -0.01993,
        "nauc_map_at_10_diff1": 0.385013,
        "nauc_map_at_10_max": 0.323313,
        "nauc_map_at_10_std": -0.067195,
        "nauc_map_at_1_diff1": 0.519682,
        "nauc_map_at_1_max": 0.264118,
        "nauc_map_at_1_std": -0.1504,
        "nauc_map_at_20_diff1": 0.376699,
        "nauc_map_at_20_max": 0.340692,
        "nauc_map_at_20_std": -0.034743,
        "nauc_map_at_3_diff1": 0.418263,
        "nauc_map_at_3_max": 0.273935,
        "nauc_map_at_3_std": -0.121016,
        "nauc_map_at_5_diff1": 0.396871,
        "nauc_map_at_5_max": 0.297138,
        "nauc_map_at_5_std": -0.114789,
        "nauc_mrr_at_1000_diff1": 0.373987,
        "nauc_mrr_at_1000_max": 0.480644,
        "nauc_mrr_at_1000_std": 0.12499,
        "nauc_mrr_at_100_diff1": 0.373741,
        "nauc_mrr_at_100_max": 0.48069,
        "nauc_mrr_at_100_std": 0.125216,
        "nauc_mrr_at_10_diff1": 0.373903,
        "nauc_mrr_at_10_max": 0.481346,
        "nauc_mrr_at_10_std": 0.122525,
        "nauc_mrr_at_1_diff1": 0.407981,
        "nauc_mrr_at_1_max": 0.433553,
        "nauc_mrr_at_1_std": 0.101949,
        "nauc_mrr_at_20_diff1": 0.373353,
        "nauc_mrr_at_20_max": 0.481189,
        "nauc_mrr_at_20_std": 0.125778,
        "nauc_mrr_at_3_diff1": 0.370251,
        "nauc_mrr_at_3_max": 0.488603,
        "nauc_mrr_at_3_std": 0.129592,
        "nauc_mrr_at_5_diff1": 0.374406,
        "nauc_mrr_at_5_max": 0.481905,
        "nauc_mrr_at_5_std": 0.108211,
        "nauc_ndcg_at_1000_diff1": 0.364681,
        "nauc_ndcg_at_1000_max": 0.428341,
        "nauc_ndcg_at_1000_std": 0.077777,
        "nauc_ndcg_at_100_diff1": 0.356835,
        "nauc_ndcg_at_100_max": 0.426752,
        "nauc_ndcg_at_100_std": 0.086643,
        "nauc_ndcg_at_10_diff1": 0.370915,
        "nauc_ndcg_at_10_max": 0.370844,
        "nauc_ndcg_at_10_std": -0.011818,
        "nauc_ndcg_at_1_diff1": 0.407981,
        "nauc_ndcg_at_1_max": 0.433553,
        "nauc_ndcg_at_1_std": 0.101949,
        "nauc_ndcg_at_20_diff1": 0.354529,
        "nauc_ndcg_at_20_max": 0.403072,
        "nauc_ndcg_at_20_std": 0.053364,
        "nauc_ndcg_at_3_diff1": 0.363432,
        "nauc_ndcg_at_3_max": 0.370229,
        "nauc_ndcg_at_3_std": 0.006162,
        "nauc_ndcg_at_5_diff1": 0.378102,
        "nauc_ndcg_at_5_max": 0.361678,
        "nauc_ndcg_at_5_std": -0.054104,
        "nauc_precision_at_1000_diff1": -0.237647,
        "nauc_precision_at_1000_max": 0.17063,
        "nauc_precision_at_1000_std": 0.419005,
        "nauc_precision_at_100_diff1": -0.24135,
        "nauc_precision_at_100_max": 0.185767,
        "nauc_precision_at_100_std": 0.44423,
        "nauc_precision_at_10_diff1": -0.227668,
        "nauc_precision_at_10_max": 0.214971,
        "nauc_precision_at_10_std": 0.372181,
        "nauc_precision_at_1_diff1": 0.407981,
        "nauc_precision_at_1_max": 0.433553,
        "nauc_precision_at_1_std": 0.101949,
        "nauc_precision_at_20_diff1": -0.266153,
        "nauc_precision_at_20_max": 0.20237,
        "nauc_precision_at_20_std": 0.443009,
        "nauc_precision_at_3_diff1": -0.113837,
        "nauc_precision_at_3_max": 0.271788,
        "nauc_precision_at_3_std": 0.270914,
        "nauc_precision_at_5_diff1": -0.194635,
        "nauc_precision_at_5_max": 0.21602,
        "nauc_precision_at_5_std": 0.278941,
        "nauc_recall_at_1000_diff1": 1.0,
        "nauc_recall_at_1000_max": 1.0,
        "nauc_recall_at_1000_std": 1.0,
        "nauc_recall_at_100_diff1": 0.18908,
        "nauc_recall_at_100_max": 0.473903,
        "nauc_recall_at_100_std": 0.495212,
        "nauc_recall_at_10_diff1": 0.298971,
        "nauc_recall_at_10_max": 0.256705,
        "nauc_recall_at_10_std": -0.082099,
        "nauc_recall_at_1_diff1": 0.519682,
        "nauc_recall_at_1_max": 0.264118,
        "nauc_recall_at_1_std": -0.1504,
        "nauc_recall_at_20_diff1": 0.212425,
        "nauc_recall_at_20_max": 0.319898,
        "nauc_recall_at_20_std": 0.124761,
        "nauc_recall_at_3_diff1": 0.359451,
        "nauc_recall_at_3_max": 0.224277,
        "nauc_recall_at_3_std": -0.166838,
        "nauc_recall_at_5_diff1": 0.315418,
        "nauc_recall_at_5_max": 0.220347,
        "nauc_recall_at_5_std": -0.237757,
        "ndcg_at_1": 0.64319,
        "ndcg_at_10": 0.68331,
        "ndcg_at_100": 0.74053,
        "ndcg_at_1000": 0.74724,
        "ndcg_at_20": 0.71542,
        "ndcg_at_3": 0.6319,
        "ndcg_at_5": 0.65301,
        "precision_at_1": 0.64319,
        "precision_at_10": 0.17606,
        "precision_at_100": 0.02451,
        "precision_at_1000": 0.00256,
        "precision_at_20": 0.10399,
        "precision_at_3": 0.37559,
        "precision_at_5": 0.28263,
        "recall_at_1": 0.3923,
        "recall_at_10": 0.77817,
        "recall_at_100": 0.95483,
        "recall_at_1000": 0.99531,
        "recall_at_20": 0.86781,
        "recall_at_3": 0.5853,
        "recall_at_5": 0.68579
      }
    ]
  },
  "evaluation_time": 11312.010859489441,
  "kg_co2_emissions": null
}