{
  "dataset_revision": "fc24a3ce8f09746410daee3d5cd823ff7a0675b7",
  "task_name": "MrTidyRetrieval",
  "mteb_version": "1.14.15",
  "scores": {
    "test": [
      {
        "hf_subset": "korean",
        "languages": [
          "kor-Kore"
        ],
        "main_score": 0.60992,
        "map_at_1": 0.43587,
        "map_at_10": 0.55105,
        "map_at_100": 0.55937,
        "map_at_1000": 0.55967,
        "map_at_20": 0.55623,
        "map_at_3": 0.52375,
        "map_at_5": 0.53682,
        "mrr_at_1": 0.472684,
        "mrr_at_10": 0.579004,
        "mrr_at_100": 0.58461,
        "mrr_at_1000": 0.584874,
        "mrr_at_20": 0.582462,
        "mrr_at_3": 0.557007,
        "mrr_at_5": 0.567458,
        "nauc_map_at_1000_diff1": 0.375305,
        "nauc_map_at_1000_max": 0.406731,
        "nauc_map_at_1000_std": 0.028515,
        "nauc_map_at_100_diff1": 0.375096,
        "nauc_map_at_100_max": 0.406853,
        "nauc_map_at_100_std": 0.028533,
        "nauc_map_at_10_diff1": 0.372373,
        "nauc_map_at_10_max": 0.40388,
        "nauc_map_at_10_std": 0.028654,
        "nauc_map_at_1_diff1": 0.42516,
        "nauc_map_at_1_max": 0.377005,
        "nauc_map_at_1_std": -0.016879,
        "nauc_map_at_20_diff1": 0.37221,
        "nauc_map_at_20_max": 0.405283,
        "nauc_map_at_20_std": 0.030065,
        "nauc_map_at_3_diff1": 0.379715,
        "nauc_map_at_3_max": 0.405907,
        "nauc_map_at_3_std": 0.02402,
        "nauc_map_at_5_diff1": 0.371856,
        "nauc_map_at_5_max": 0.407738,
        "nauc_map_at_5_std": 0.029404,
        "nauc_mrr_at_1000_diff1": 0.407852,
        "nauc_mrr_at_1000_max": 0.439408,
        "nauc_mrr_at_1000_std": 0.041205,
        "nauc_mrr_at_100_diff1": 0.407588,
        "nauc_mrr_at_100_max": 0.439522,
        "nauc_mrr_at_100_std": 0.041333,
        "nauc_mrr_at_10_diff1": 0.405706,
        "nauc_mrr_at_10_max": 0.437931,
        "nauc_mrr_at_10_std": 0.043596,
        "nauc_mrr_at_1_diff1": 0.454386,
        "nauc_mrr_at_1_max": 0.414735,
        "nauc_mrr_at_1_std": 0.000748,
        "nauc_mrr_at_20_diff1": 0.406016,
        "nauc_mrr_at_20_max": 0.438929,
        "nauc_mrr_at_20_std": 0.042659,
        "nauc_mrr_at_3_diff1": 0.409225,
        "nauc_mrr_at_3_max": 0.437978,
        "nauc_mrr_at_3_std": 0.04161,
        "nauc_mrr_at_5_diff1": 0.403578,
        "nauc_mrr_at_5_max": 0.44045,
        "nauc_mrr_at_5_std": 0.043115,
        "nauc_ndcg_at_1000_diff1": 0.375777,
        "nauc_ndcg_at_1000_max": 0.428392,
        "nauc_ndcg_at_1000_std": 0.043889,
        "nauc_ndcg_at_100_diff1": 0.369702,
        "nauc_ndcg_at_100_max": 0.432998,
        "nauc_ndcg_at_100_std": 0.049515,
        "nauc_ndcg_at_10_diff1": 0.356864,
        "nauc_ndcg_at_10_max": 0.419178,
        "nauc_ndcg_at_10_std": 0.053271,
        "nauc_ndcg_at_1_diff1": 0.454386,
        "nauc_ndcg_at_1_max": 0.414735,
        "nauc_ndcg_at_1_std": 0.000748,
        "nauc_ndcg_at_20_diff1": 0.356424,
        "nauc_ndcg_at_20_max": 0.424286,
        "nauc_ndcg_at_20_std": 0.057114,
        "nauc_ndcg_at_3_diff1": 0.369324,
        "nauc_ndcg_at_3_max": 0.421646,
        "nauc_ndcg_at_3_std": 0.044133,
        "nauc_ndcg_at_5_diff1": 0.355852,
        "nauc_ndcg_at_5_max": 0.426141,
        "nauc_ndcg_at_5_std": 0.053312,
        "nauc_precision_at_1000_diff1": -0.015999,
        "nauc_precision_at_1000_max": 0.061583,
        "nauc_precision_at_1000_std": 0.085858,
        "nauc_precision_at_100_diff1": 0.027887,
        "nauc_precision_at_100_max": 0.180022,
        "nauc_precision_at_100_std": 0.134117,
        "nauc_precision_at_10_diff1": 0.120376,
        "nauc_precision_at_10_max": 0.281879,
        "nauc_precision_at_10_std": 0.151238,
        "nauc_precision_at_1_diff1": 0.454386,
        "nauc_precision_at_1_max": 0.414735,
        "nauc_precision_at_1_std": 0.000748,
        "nauc_precision_at_20_diff1": 0.060663,
        "nauc_precision_at_20_max": 0.233054,
        "nauc_precision_at_20_std": 0.166391,
        "nauc_precision_at_3_diff1": 0.275404,
        "nauc_precision_at_3_max": 0.424628,
        "nauc_precision_at_3_std": 0.130119,
        "nauc_precision_at_5_diff1": 0.186313,
        "nauc_precision_at_5_max": 0.377185,
        "nauc_precision_at_5_std": 0.148548,
        "nauc_recall_at_1000_diff1": 0.429332,
        "nauc_recall_at_1000_max": 0.659022,
        "nauc_recall_at_1000_std": 0.008831,
        "nauc_recall_at_100_diff1": 0.24904,
        "nauc_recall_at_100_max": 0.618066,
        "nauc_recall_at_100_std": 0.181478,
        "nauc_recall_at_10_diff1": 0.239347,
        "nauc_recall_at_10_max": 0.424425,
        "nauc_recall_at_10_std": 0.129044,
        "nauc_recall_at_1_diff1": 0.42516,
        "nauc_recall_at_1_max": 0.377005,
        "nauc_recall_at_1_std": -0.016879,
        "nauc_recall_at_20_diff1": 0.20612,
        "nauc_recall_at_20_max": 0.456368,
        "nauc_recall_at_20_std": 0.172949,
        "nauc_recall_at_3_diff1": 0.298533,
        "nauc_recall_at_3_max": 0.427771,
        "nauc_recall_at_3_std": 0.08665,
        "nauc_recall_at_5_diff1": 0.260644,
        "nauc_recall_at_5_max": 0.443599,
        "nauc_recall_at_5_std": 0.116665,
        "ndcg_at_1": 0.47268,
        "ndcg_at_10": 0.60992,
        "ndcg_at_100": 0.64446,
        "ndcg_at_1000": 0.65166,
        "ndcg_at_20": 0.62619,
        "ndcg_at_3": 0.55724,
        "ndcg_at_5": 0.57855,
        "precision_at_1": 0.47268,
        "precision_at_10": 0.08741,
        "precision_at_100": 0.01064,
        "precision_at_1000": 0.00113,
        "precision_at_20": 0.04751,
        "precision_at_3": 0.2304,
        "precision_at_5": 0.15154,
        "recall_at_1": 0.43587,
        "recall_at_10": 0.76128,
        "recall_at_100": 0.91251,
        "recall_at_1000": 0.96675,
        "recall_at_20": 0.82225,
        "recall_at_3": 0.62233,
        "recall_at_5": 0.67023
      }
    ]
  },
  "evaluation_time": 11472.847574472427,
  "kg_co2_emissions": null
}