{
  "dataset_revision": "d67138e705d963e346253a80e59676ddb418810a",
  "task_name": "MultiLongDocRetrieval",
  "mteb_version": "1.14.15",
  "scores": {
    "dev": [
      {
        "hf_subset": "ko",
        "languages": [
          "kor-Hang"
        ],
        "main_score": 0.40135,
        "map_at_1": 0.305,
        "map_at_10": 0.36971,
        "map_at_100": 0.38027,
        "map_at_1000": 0.38101,
        "map_at_20": 0.37548,
        "map_at_3": 0.35333,
        "map_at_5": 0.36383,
        "mrr_at_1": 0.305,
        "mrr_at_10": 0.369714,
        "mrr_at_100": 0.380271,
        "mrr_at_1000": 0.381006,
        "mrr_at_20": 0.375484,
        "mrr_at_3": 0.353333,
        "mrr_at_5": 0.363833,
        "nauc_map_at_1000_diff1": 0.620492,
        "nauc_map_at_1000_max": 0.540564,
        "nauc_map_at_1000_std": 0.042835,
        "nauc_map_at_100_diff1": 0.620234,
        "nauc_map_at_100_max": 0.54032,
        "nauc_map_at_100_std": 0.043072,
        "nauc_map_at_10_diff1": 0.622261,
        "nauc_map_at_10_max": 0.541084,
        "nauc_map_at_10_std": 0.033766,
        "nauc_map_at_1_diff1": 0.620573,
        "nauc_map_at_1_max": 0.507747,
        "nauc_map_at_1_std": 0.016915,
        "nauc_map_at_20_diff1": 0.622399,
        "nauc_map_at_20_max": 0.540566,
        "nauc_map_at_20_std": 0.039713,
        "nauc_map_at_3_diff1": 0.623432,
        "nauc_map_at_3_max": 0.55169,
        "nauc_map_at_3_std": 0.036908,
        "nauc_map_at_5_diff1": 0.627367,
        "nauc_map_at_5_max": 0.548986,
        "nauc_map_at_5_std": 0.034488,
        "nauc_mrr_at_1000_diff1": 0.620492,
        "nauc_mrr_at_1000_max": 0.540564,
        "nauc_mrr_at_1000_std": 0.042835,
        "nauc_mrr_at_100_diff1": 0.620234,
        "nauc_mrr_at_100_max": 0.54032,
        "nauc_mrr_at_100_std": 0.043072,
        "nauc_mrr_at_10_diff1": 0.622261,
        "nauc_mrr_at_10_max": 0.541084,
        "nauc_mrr_at_10_std": 0.033766,
        "nauc_mrr_at_1_diff1": 0.620573,
        "nauc_mrr_at_1_max": 0.507747,
        "nauc_mrr_at_1_std": 0.016915,
        "nauc_mrr_at_20_diff1": 0.622399,
        "nauc_mrr_at_20_max": 0.540566,
        "nauc_mrr_at_20_std": 0.039713,
        "nauc_mrr_at_3_diff1": 0.623432,
        "nauc_mrr_at_3_max": 0.55169,
        "nauc_mrr_at_3_std": 0.036908,
        "nauc_mrr_at_5_diff1": 0.627367,
        "nauc_mrr_at_5_max": 0.548986,
        "nauc_mrr_at_5_std": 0.034488,
        "nauc_ndcg_at_1000_diff1": 0.614469,
        "nauc_ndcg_at_1000_max": 0.545116,
        "nauc_ndcg_at_1000_std": 0.074309,
        "nauc_ndcg_at_100_diff1": 0.606127,
        "nauc_ndcg_at_100_max": 0.539466,
        "nauc_ndcg_at_100_std": 0.086876,
        "nauc_ndcg_at_10_diff1": 0.617129,
        "nauc_ndcg_at_10_max": 0.539692,
        "nauc_ndcg_at_10_std": 0.034105,
        "nauc_ndcg_at_1_diff1": 0.620573,
        "nauc_ndcg_at_1_max": 0.507747,
        "nauc_ndcg_at_1_std": 0.016915,
        "nauc_ndcg_at_20_diff1": 0.617965,
        "nauc_ndcg_at_20_max": 0.538571,
        "nauc_ndcg_at_20_std": 0.058524,
        "nauc_ndcg_at_3_diff1": 0.623446,
        "nauc_ndcg_at_3_max": 0.563315,
        "nauc_ndcg_at_3_std": 0.040747,
        "nauc_ndcg_at_5_diff1": 0.629828,
        "nauc_ndcg_at_5_max": 0.557668,
        "nauc_ndcg_at_5_std": 0.035453,
        "nauc_precision_at_1000_diff1": 0.615857,
        "nauc_precision_at_1000_max": 0.720121,
        "nauc_precision_at_1000_std": 0.698996,
        "nauc_precision_at_100_diff1": 0.507744,
        "nauc_precision_at_100_max": 0.532598,
        "nauc_precision_at_100_std": 0.429802,
        "nauc_precision_at_10_diff1": 0.596935,
        "nauc_precision_at_10_max": 0.527342,
        "nauc_precision_at_10_std": 0.032585,
        "nauc_precision_at_1_diff1": 0.620573,
        "nauc_precision_at_1_max": 0.507747,
        "nauc_precision_at_1_std": 0.016915,
        "nauc_precision_at_20_diff1": 0.599498,
        "nauc_precision_at_20_max": 0.523442,
        "nauc_precision_at_20_std": 0.142398,
        "nauc_precision_at_3_diff1": 0.623215,
        "nauc_precision_at_3_max": 0.595539,
        "nauc_precision_at_3_std": 0.050863,
        "nauc_precision_at_5_diff1": 0.637027,
        "nauc_precision_at_5_max": 0.580451,
        "nauc_precision_at_5_std": 0.036044,
        "nauc_recall_at_1000_diff1": 0.615857,
        "nauc_recall_at_1000_max": 0.720121,
        "nauc_recall_at_1000_std": 0.698996,
        "nauc_recall_at_100_diff1": 0.507744,
        "nauc_recall_at_100_max": 0.532598,
        "nauc_recall_at_100_std": 0.429802,
        "nauc_recall_at_10_diff1": 0.596935,
        "nauc_recall_at_10_max": 0.527342,
        "nauc_recall_at_10_std": 0.032585,
        "nauc_recall_at_1_diff1": 0.620573,
        "nauc_recall_at_1_max": 0.507747,
        "nauc_recall_at_1_std": 0.016915,
        "nauc_recall_at_20_diff1": 0.599498,
        "nauc_recall_at_20_max": 0.523442,
        "nauc_recall_at_20_std": 0.142398,
        "nauc_recall_at_3_diff1": 0.623215,
        "nauc_recall_at_3_max": 0.595539,
        "nauc_recall_at_3_std": 0.050863,
        "nauc_recall_at_5_diff1": 0.637027,
        "nauc_recall_at_5_max": 0.580451,
        "nauc_recall_at_5_std": 0.036044,
        "ndcg_at_1": 0.305,
        "ndcg_at_10": 0.40135,
        "ndcg_at_100": 0.45729,
        "ndcg_at_1000": 0.47851,
        "ndcg_at_20": 0.42351,
        "ndcg_at_3": 0.36917,
        "ndcg_at_5": 0.38789,
        "precision_at_1": 0.305,
        "precision_at_10": 0.05,
        "precision_at_100": 0.0077,
        "precision_at_1000": 0.00094,
        "precision_at_20": 0.0295,
        "precision_at_3": 0.13833,
        "precision_at_5": 0.092,
        "recall_at_1": 0.305,
        "recall_at_10": 0.5,
        "recall_at_100": 0.77,
        "recall_at_1000": 0.94,
        "recall_at_20": 0.59,
        "recall_at_3": 0.415,
        "recall_at_5": 0.46
      }
    ],
    "test": [
      {
        "hf_subset": "ko",
        "languages": [
          "kor-Hang"
        ],
        "main_score": 0.3784,
        "map_at_1": 0.29,
        "map_at_10": 0.35064,
        "map_at_100": 0.36037,
        "map_at_1000": 0.36121,
        "map_at_20": 0.35632,
        "map_at_3": 0.33833,
        "map_at_5": 0.34508,
        "mrr_at_1": 0.29,
        "mrr_at_10": 0.350643,
        "mrr_at_100": 0.360372,
        "mrr_at_1000": 0.361215,
        "mrr_at_20": 0.356319,
        "mrr_at_3": 0.338333,
        "mrr_at_5": 0.345083,
        "nauc_map_at_1000_diff1": 0.555526,
        "nauc_map_at_1000_max": 0.511946,
        "nauc_map_at_1000_std": 0.022591,
        "nauc_map_at_100_diff1": 0.555342,
        "nauc_map_at_100_max": 0.511764,
        "nauc_map_at_100_std": 0.022828,
        "nauc_map_at_10_diff1": 0.557251,
        "nauc_map_at_10_max": 0.508592,
        "nauc_map_at_10_std": 0.012677,
        "nauc_map_at_1_diff1": 0.618196,
        "nauc_map_at_1_max": 0.559366,
        "nauc_map_at_1_std": 0.005728,
        "nauc_map_at_20_diff1": 0.555054,
        "nauc_map_at_20_max": 0.510656,
        "nauc_map_at_20_std": 0.018471,
        "nauc_map_at_3_diff1": 0.566602,
        "nauc_map_at_3_max": 0.504954,
        "nauc_map_at_3_std": -0.009696,
        "nauc_map_at_5_diff1": 0.564782,
        "nauc_map_at_5_max": 0.510025,
        "nauc_map_at_5_std": 0.004159,
        "nauc_mrr_at_1000_diff1": 0.555526,
        "nauc_mrr_at_1000_max": 0.511946,
        "nauc_mrr_at_1000_std": 0.022591,
        "nauc_mrr_at_100_diff1": 0.555342,
        "nauc_mrr_at_100_max": 0.511764,
        "nauc_mrr_at_100_std": 0.022828,
        "nauc_mrr_at_10_diff1": 0.557251,
        "nauc_mrr_at_10_max": 0.508592,
        "nauc_mrr_at_10_std": 0.012677,
        "nauc_mrr_at_1_diff1": 0.618196,
        "nauc_mrr_at_1_max": 0.559366,
        "nauc_mrr_at_1_std": 0.005728,
        "nauc_mrr_at_20_diff1": 0.555054,
        "nauc_mrr_at_20_max": 0.510656,
        "nauc_mrr_at_20_std": 0.018471,
        "nauc_mrr_at_3_diff1": 0.566602,
        "nauc_mrr_at_3_max": 0.504954,