{
  "dataset_revision": "main",
  "task_name": "PublicHealthQA",
  "mteb_version": "1.14.15",
  "scores": {
    "test": [
      {
        "hf_subset": "korean",
        "languages": [
          "kor-Hang"
        ],
        "main_score": 0.81545,
        "map_at_1": 0.7013,
        "map_at_10": 0.77759,
        "map_at_100": 0.78062,
        "map_at_1000": 0.78062,
        "map_at_20": 0.77954,
        "map_at_3": 0.75974,
        "map_at_5": 0.76883,
        "mrr_at_1": 0.701299,
        "mrr_at_10": 0.777592,
        "mrr_at_100": 0.780616,
        "mrr_at_1000": 0.780616,
        "mrr_at_20": 0.779537,
        "mrr_at_3": 0.75974,
        "mrr_at_5": 0.768831,
        "nauc_map_at_1000_diff1": 0.658531,
        "nauc_map_at_1000_max": 0.376807,
        "nauc_map_at_1000_std": -0.150988,
        "nauc_map_at_100_diff1": 0.658531,
        "nauc_map_at_100_max": 0.376807,
        "nauc_map_at_100_std": -0.150988,
        "nauc_map_at_10_diff1": 0.656885,
        "nauc_map_at_10_max": 0.376738,
        "nauc_map_at_10_std": -0.148525,
        "nauc_map_at_1_diff1": 0.66681,
        "nauc_map_at_1_max": 0.36184,
        "nauc_map_at_1_std": -0.157779,
        "nauc_map_at_20_diff1": 0.655219,
        "nauc_map_at_20_max": 0.373064,
        "nauc_map_at_20_std": -0.151478,
        "nauc_map_at_3_diff1": 0.673801,
        "nauc_map_at_3_max": 0.392034,
        "nauc_map_at_3_std": -0.143356,
        "nauc_map_at_5_diff1": 0.663167,
        "nauc_map_at_5_max": 0.382766,
        "nauc_map_at_5_std": -0.157439,
        "nauc_mrr_at_1000_diff1": 0.658531,
        "nauc_mrr_at_1000_max": 0.376807,
        "nauc_mrr_at_1000_std": -0.150988,
        "nauc_mrr_at_100_diff1": 0.658531,
        "nauc_mrr_at_100_max": 0.376807,
        "nauc_mrr_at_100_std": -0.150988,
        "nauc_mrr_at_10_diff1": 0.656885,
        "nauc_mrr_at_10_max": 0.376738,
        "nauc_mrr_at_10_std": -0.148525,
        "nauc_mrr_at_1_diff1": 0.66681,
        "nauc_mrr_at_1_max": 0.36184,
        "nauc_mrr_at_1_std": -0.157779,
        "nauc_mrr_at_20_diff1": 0.655219,
        "nauc_mrr_at_20_max": 0.373064,
        "nauc_mrr_at_20_std": -0.151478,
        "nauc_mrr_at_3_diff1": 0.673801,
        "nauc_mrr_at_3_max": 0.392034,
        "nauc_mrr_at_3_std": -0.143356,
        "nauc_mrr_at_5_diff1": 0.663167,
        "nauc_mrr_at_5_max": 0.382766,
        "nauc_mrr_at_5_std": -0.157439,
        "nauc_ndcg_at_1000_diff1": 0.652969,
        "nauc_ndcg_at_1000_max": 0.373341,
        "nauc_ndcg_at_1000_std": -0.15089,
        "nauc_ndcg_at_100_diff1": 0.652969,
        "nauc_ndcg_at_100_max": 0.373341,
        "nauc_ndcg_at_100_std": -0.15089,
        "nauc_ndcg_at_10_diff1": 0.63622,
        "nauc_ndcg_at_10_max": 0.362235,
        "nauc_ndcg_at_10_std": -0.142843,
        "nauc_ndcg_at_1_diff1": 0.66681,
        "nauc_ndcg_at_1_max": 0.36184,
        "nauc_ndcg_at_1_std": -0.157779,
        "nauc_ndcg_at_20_diff1": 0.629559,
        "nauc_ndcg_at_20_max": 0.347859,
        "nauc_ndcg_at_20_std": -0.148843,
        "nauc_ndcg_at_3_diff1": 0.675851,
        "nauc_ndcg_at_3_max": 0.399087,
        "nauc_ndcg_at_3_std": -0.143443,
        "nauc_ndcg_at_5_diff1": 0.655305,
        "nauc_ndcg_at_5_max": 0.380375,
        "nauc_ndcg_at_5_std": -0.170203,
        "nauc_precision_at_1000_diff1": NaN,
        "nauc_precision_at_1000_max": NaN,
        "nauc_precision_at_1000_std": NaN,
        "nauc_precision_at_100_diff1": 1.0,
        "nauc_precision_at_100_max": 1.0,
        "nauc_precision_at_100_std": 1.0,
        "nauc_precision_at_10_diff1": 0.422617,
        "nauc_precision_at_10_max": 0.197058,
        "nauc_precision_at_10_std": -0.068012,
        "nauc_precision_at_1_diff1": 0.66681,
        "nauc_precision_at_1_max": 0.36184,
        "nauc_precision_at_1_std": -0.157779,
        "nauc_precision_at_20_diff1": 0.186079,
        "nauc_precision_at_20_max": -0.124209,
        "nauc_precision_at_20_std": -0.058565,
        "nauc_precision_at_3_diff1": 0.683447,
        "nauc_precision_at_3_max": 0.424243,
        "nauc_precision_at_3_std": -0.146124,
        "nauc_precision_at_5_diff1": 0.61373,
        "nauc_precision_at_5_max": 0.361463,
        "nauc_precision_at_5_std": -0.238009,
        "nauc_recall_at_1000_diff1": NaN,
        "nauc_recall_at_1000_max": NaN,
        "nauc_recall_at_1000_std": NaN,
        "nauc_recall_at_100_diff1": NaN,
        "nauc_recall_at_100_max": NaN,
        "nauc_recall_at_100_std": NaN,
        "nauc_recall_at_10_diff1": 0.422617,
        "nauc_recall_at_10_max": 0.197058,
        "nauc_recall_at_10_std": -0.068012,
        "nauc_recall_at_1_diff1": 0.66681,
        "nauc_recall_at_1_max": 0.36184,
        "nauc_recall_at_1_std": -0.157779,
        "nauc_recall_at_20_diff1": 0.186079,
        "nauc_recall_at_20_max": -0.124209,
        "nauc_recall_at_20_std": -0.058565,
        "nauc_recall_at_3_diff1": 0.683447,
        "nauc_recall_at_3_max": 0.424243,
        "nauc_recall_at_3_std": -0.146124,
        "nauc_recall_at_5_diff1": 0.61373,
        "nauc_recall_at_5_max": 0.361463,
        "nauc_recall_at_5_std": -0.238009,
        "ndcg_at_1": 0.7013,
        "ndcg_at_10": 0.81545,
        "ndcg_at_100": 0.82965,
        "ndcg_at_1000": 0.82965,
        "ndcg_at_20": 0.82219,
        "ndcg_at_3": 0.77814,
        "ndcg_at_5": 0.79435,
        "precision_at_1": 0.7013,
        "precision_at_10": 0.09351,
        "precision_at_100": 0.01,
        "precision_at_1000": 0.001,
        "precision_at_20": 0.04805,
        "precision_at_3": 0.27706,
        "precision_at_5": 0.17403,
        "recall_at_1": 0.7013,
        "recall_at_10": 0.93506,
        "recall_at_100": 1.0,
        "recall_at_1000": 1.0,
        "recall_at_20": 0.96104,
        "recall_at_3": 0.83117,
        "recall_at_5": 0.87013
      }
    ]
  },
  "evaluation_time": 1.4354557991027832,
  "kg_co2_emissions": null
}