{
  "dataset_revision": "c99d599f0a6ab9b85b065da6f9d94f9cf731679f",
  "task_name": "XPQARetrieval",
  "mteb_version": "1.14.15",
  "scores": {
    "test": [
      {
        "hf_subset": "kor-kor",
        "languages": [
          "kor-Hang",
          "kor-Hang"
        ],
        "main_score": 0.38131,
        "map_at_1": 0.20805,
        "map_at_10": 0.32937,
        "map_at_100": 0.3439,
        "map_at_1000": 0.34498,
        "map_at_20": 0.33584,
        "map_at_3": 0.29493,
        "map_at_5": 0.3129,
        "mrr_at_1": 0.295107,
        "mrr_at_10": 0.370638,
        "mrr_at_100": 0.381425,
        "mrr_at_1000": 0.382123,
        "mrr_at_20": 0.375568,
        "mrr_at_3": 0.348369,
        "mrr_at_5": 0.358231,
        "nauc_map_at_1000_diff1": 0.471946,
        "nauc_map_at_1000_max": 0.200633,
        "nauc_map_at_1000_std": -0.270805,
        "nauc_map_at_100_diff1": 0.471673,
        "nauc_map_at_100_max": 0.201039,
        "nauc_map_at_100_std": -0.27,
        "nauc_map_at_10_diff1": 0.474943,
        "nauc_map_at_10_max": 0.197553,
        "nauc_map_at_10_std": -0.277782,
        "nauc_map_at_1_diff1": 0.5243,
        "nauc_map_at_1_max": 0.16859,
        "nauc_map_at_1_std": -0.2363,
        "nauc_map_at_20_diff1": 0.473118,
        "nauc_map_at_20_max": 0.199109,
        "nauc_map_at_20_std": -0.27552,
        "nauc_map_at_3_diff1": 0.466012,
        "nauc_map_at_3_max": 0.191836,
        "nauc_map_at_3_std": -0.273993,
        "nauc_map_at_5_diff1": 0.472155,
        "nauc_map_at_5_max": 0.193569,
        "nauc_map_at_5_std": -0.274386,
        "nauc_mrr_at_1000_diff1": 0.495321,
        "nauc_mrr_at_1000_max": 0.204039,
        "nauc_mrr_at_1000_std": -0.271456,
        "nauc_mrr_at_100_diff1": 0.495102,
        "nauc_mrr_at_100_max": 0.204557,
        "nauc_mrr_at_100_std": -0.270622,
        "nauc_mrr_at_10_diff1": 0.497884,
        "nauc_mrr_at_10_max": 0.200611,
        "nauc_mrr_at_10_std": -0.278042,
        "nauc_mrr_at_1_diff1": 0.522147,
        "nauc_mrr_at_1_max": 0.216726,
        "nauc_mrr_at_1_std": -0.275303,
        "nauc_mrr_at_20_diff1": 0.495321,
        "nauc_mrr_at_20_max": 0.202715,
        "nauc_mrr_at_20_std": -0.273791,
        "nauc_mrr_at_3_diff1": 0.493913,
        "nauc_mrr_at_3_max": 0.195791,
        "nauc_mrr_at_3_std": -0.28535,
        "nauc_mrr_at_5_diff1": 0.496483,
        "nauc_mrr_at_5_max": 0.196229,
        "nauc_mrr_at_5_std": -0.279562,
        "nauc_ndcg_at_1000_diff1": 0.472078,
        "nauc_ndcg_at_1000_max": 0.21188,
        "nauc_ndcg_at_1000_std": -0.253522,
        "nauc_ndcg_at_100_diff1": 0.463345,
        "nauc_ndcg_at_100_max": 0.224382,
        "nauc_ndcg_at_100_std": -0.228951,
        "nauc_ndcg_at_10_diff1": 0.478892,
        "nauc_ndcg_at_10_max": 0.199784,
        "nauc_ndcg_at_10_std": -0.278592,
        "nauc_ndcg_at_1_diff1": 0.522147,
        "nauc_ndcg_at_1_max": 0.218651,
        "nauc_ndcg_at_1_std": -0.268572,
        "nauc_ndcg_at_20_diff1": 0.471101,
        "nauc_ndcg_at_20_max": 0.205675,
        "nauc_ndcg_at_20_std": -0.267416,
        "nauc_ndcg_at_3_diff1": 0.464742,
        "nauc_ndcg_at_3_max": 0.184764,
        "nauc_ndcg_at_3_std": -0.286745,
        "nauc_ndcg_at_5_diff1": 0.473516,
        "nauc_ndcg_at_5_max": 0.189548,
        "nauc_ndcg_at_5_std": -0.276434,
        "nauc_precision_at_1000_diff1": -0.007073,
        "nauc_precision_at_1000_max": 0.133921,
        "nauc_precision_at_1000_std": 0.043721,
        "nauc_precision_at_100_diff1": 0.079481,
        "nauc_precision_at_100_max": 0.2081,
        "nauc_precision_at_100_std": 0.056529,
        "nauc_precision_at_10_diff1": 0.29732,
        "nauc_precision_at_10_max": 0.182355,
        "nauc_precision_at_10_std": -0.231605,
        "nauc_precision_at_1_diff1": 0.522147,
        "nauc_precision_at_1_max": 0.218651,
        "nauc_precision_at_1_std": -0.268572,
        "nauc_precision_at_20_diff1": 0.24429,
        "nauc_precision_at_20_max": 0.180186,
        "nauc_precision_at_20_std": -0.182862,
        "nauc_precision_at_3_diff1": 0.323295,
        "nauc_precision_at_3_max": 0.192206,
        "nauc_precision_at_3_std": -0.26777,
        "nauc_precision_at_5_diff1": 0.31849,
        "nauc_precision_at_5_max": 0.182257,
        "nauc_precision_at_5_std": -0.246378,
        "nauc_recall_at_1000_diff1": NaN,
        "nauc_recall_at_1000_max": NaN,
        "nauc_recall_at_1000_std": NaN,
        "nauc_recall_at_100_diff1": 0.307348,
        "nauc_recall_at_100_max": 0.37957,
        "nauc_recall_at_100_std": 0.121938,
        "nauc_recall_at_10_diff1": 0.448213,
        "nauc_recall_at_10_max": 0.198244,
        "nauc_recall_at_10_std": -0.264794,
        "nauc_recall_at_1_diff1": 0.5243,
        "nauc_recall_at_1_max": 0.16859,
        "nauc_recall_at_1_std": -0.2363,
        "nauc_recall_at_20_diff1": 0.415016,
        "nauc_recall_at_20_max": 0.217597,
        "nauc_recall_at_20_std": -0.222086,
        "nauc_recall_at_3_diff1": 0.42773,
        "nauc_recall_at_3_max": 0.166223,
        "nauc_recall_at_3_std": -0.283497,
        "nauc_recall_at_5_diff1": 0.438348,
        "nauc_recall_at_5_max": 0.170661,
        "nauc_recall_at_5_std": -0.264856,
        "ndcg_at_1": 0.29511,
        "ndcg_at_10": 0.38131,
        "ndcg_at_100": 0.45497,
        "ndcg_at_1000": 0.47873,
        "ndcg_at_20": 0.40202,
        "ndcg_at_3": 0.32597,
        "ndcg_at_5": 0.34719,
        "precision_at_1": 0.29511,
        "precision_at_10": 0.07905,
        "precision_at_100": 0.0132,
        "precision_at_1000": 0.00156,
        "precision_at_20": 0.04534,
        "precision_at_3": 0.18145,
        "precision_at_5": 0.12752,
        "recall_at_1": 0.20805,
        "recall_at_10": 0.4963,
        "recall_at_100": 0.83022,
        "recall_at_1000": 1.0,
        "recall_at_20": 0.56929,
        "recall_at_3": 0.3486,
        "recall_at_5": 0.40194
      },
      {
        "hf_subset": "eng-kor",
        "languages": [
          "eng-Latn",
          "kor-Hang"
        ],
        "main_score": 0.36783,
        "map_at_1": 0.17171,
        "map_at_10": 0.30648,
        "map_at_100": 0.3248,
        "map_at_1000": 0.3265,
        "map_at_20": 0.31589,
        "map_at_3": 0.25825,
        "map_at_5": 0.28643,
        "mrr_at_1": 0.296636,
        "mrr_at_10": 0.376459,
        "mrr_at_100": 0.387999,
        "mrr_at_1000": 0.388753,
        "mrr_at_20": 0.382882,
        "mrr_at_3": 0.350917,
        "mrr_at_5": 0.365902,
        "nauc_map_at_1000_diff1": 0.395225,
        "nauc_map_at_1000_max": 0.04175,
        "nauc_map_at_1000_std": -0.318851,
        "nauc_map_at_100_diff1": 0.394635,
        "nauc_map_at_100_max": 0.040781,
        "nauc_map_at_100_std": -0.319503,
        "nauc_map_at_10_diff1": 0.395499,
        "nauc_map_at_10_max": 0.041271,
        "nauc_map_at_10_std": -0.320181,
        "nauc_map_at_1_diff1": 0.460189,
        "nauc_map_at_1_max": 0.026857,
        "nauc_map_at_1_std": -0.260728,
        "nauc_map_at_20_diff1": 0.395264,
        "nauc_map_at_20_max": 0.038521,
        "nauc_map_at_20_std": -0.322999,
        "nauc_map_at_3_diff1": 0.40752,
        "nauc_map_at_3_max": 0.033756,
        "nauc_map_at_3_std": -0.311043,
        "nauc_map_at_5_diff1": 0.398151,
        "nauc_map_at_5_max": 0.03614,
        "nauc_map_at_5_std": -0.320757,
        "nauc_mrr_at_1000_diff1": 0.411389,
        "nauc_mrr_at_1000_max": 0.036076,
        "nauc_mrr_at_1000_std": -0.321586,
        "nauc_mrr_at_100_diff1": 0.410798,
        "nauc_mrr_at_100_max": 0.036286,
        "nauc_mrr_at_100_std": -0.320935,
        "nauc_mrr_at_10_diff1": 0.410468,
        "nauc_mrr_at_10_max": 0.034109,
        "nauc_mrr_at_10_std": -0.326258,
        "nauc_mrr_at_1_diff1": 0.466179,
        "nauc_mrr_at_1_max": 0.044401,
        "nauc_mrr_at_1_std": -0.319941,
        "nauc_mrr_at_20_diff1": 0.410373,
        "nauc_mrr_at_20_max": 0.034397,
        "nauc_mrr_at_20_std": -0.323291,
        "nauc_mrr_at_3_diff1": 0.419526,