{
  "dataset_revision": "75b399394a9803252cfec289d103de462763db7c",
  "task_name": "BelebeleRetrieval",
  "mteb_version": "1.14.15",
  "scores": {
    "test": [
      {
        "hf_subset": "kor_Hang-kor_Hang",
        "languages": [
          "kor-Hang",
          "kor-Hang"
        ],
        "main_score": 0.91747,
        "map_at_1": 0.86,
        "map_at_10": 0.90096,
        "map_at_100": 0.90212,
        "map_at_1000": 0.90215,
        "map_at_20": 0.90174,
        "map_at_3": 0.89463,
        "map_at_5": 0.89835,
        "mrr_at_1": 0.86,
        "mrr_at_10": 0.900962,
        "mrr_at_100": 0.902125,
        "mrr_at_1000": 0.902147,
        "mrr_at_20": 0.901742,
        "mrr_at_3": 0.89463,
        "mrr_at_5": 0.898352,
        "nauc_map_at_1000_diff1": 0.903827,
        "nauc_map_at_1000_max": 0.777506,
        "nauc_map_at_1000_std": -0.032707,
        "nauc_map_at_100_diff1": 0.903818,
        "nauc_map_at_100_max": 0.777538,
        "nauc_map_at_100_std": -0.032503,
        "nauc_map_at_10_diff1": 0.903919,
        "nauc_map_at_10_max": 0.779097,
        "nauc_map_at_10_std": -0.02873,
        "nauc_map_at_1_diff1": 0.909461,
        "nauc_map_at_1_max": 0.754176,
        "nauc_map_at_1_std": -0.127739,
        "nauc_map_at_20_diff1": 0.90388,
        "nauc_map_at_20_max": 0.778225,
        "nauc_map_at_20_std": -0.030154,
        "nauc_map_at_3_diff1": 0.900765,
        "nauc_map_at_3_max": 0.77812,
        "nauc_map_at_3_std": -0.02216,
        "nauc_map_at_5_diff1": 0.901962,
        "nauc_map_at_5_max": 0.779416,
        "nauc_map_at_5_std": -0.023497,
        "nauc_mrr_at_1000_diff1": 0.903827,
        "nauc_mrr_at_1000_max": 0.777506,
        "nauc_mrr_at_1000_std": -0.032707,
        "nauc_mrr_at_100_diff1": 0.903818,
        "nauc_mrr_at_100_max": 0.777538,
        "nauc_mrr_at_100_std": -0.032503,
        "nauc_mrr_at_10_diff1": 0.903919,
        "nauc_mrr_at_10_max": 0.779097,
        "nauc_mrr_at_10_std": -0.02873,
        "nauc_mrr_at_1_diff1": 0.909461,
        "nauc_mrr_at_1_max": 0.754176,
        "nauc_mrr_at_1_std": -0.127739,
        "nauc_mrr_at_20_diff1": 0.90388,
        "nauc_mrr_at_20_max": 0.778225,
        "nauc_mrr_at_20_std": -0.030154,
        "nauc_mrr_at_3_diff1": 0.900765,
        "nauc_mrr_at_3_max": 0.77812,
        "nauc_mrr_at_3_std": -0.02216,
        "nauc_mrr_at_5_diff1": 0.901962,
        "nauc_mrr_at_5_max": 0.779416,
        "nauc_mrr_at_5_std": -0.023497,
        "nauc_ndcg_at_1000_diff1": 0.903717,
        "nauc_ndcg_at_1000_max": 0.782504,
        "nauc_ndcg_at_1000_std": -0.013104,
        "nauc_ndcg_at_100_diff1": 0.903507,
        "nauc_ndcg_at_100_max": 0.783304,
        "nauc_ndcg_at_100_std": -0.007791,
        "nauc_ndcg_at_10_diff1": 0.904755,
        "nauc_ndcg_at_10_max": 0.792952,
        "nauc_ndcg_at_10_std": 0.017938,
        "nauc_ndcg_at_1_diff1": 0.909461,
        "nauc_ndcg_at_1_max": 0.754176,
        "nauc_ndcg_at_1_std": -0.127739,
        "nauc_ndcg_at_20_diff1": 0.904433,
        "nauc_ndcg_at_20_max": 0.789319,
        "nauc_ndcg_at_20_std": 0.013079,
        "nauc_ndcg_at_3_diff1": 0.897439,
        "nauc_ndcg_at_3_max": 0.789297,
        "nauc_ndcg_at_3_std": 0.027142,
        "nauc_ndcg_at_5_diff1": 0.899525,
        "nauc_ndcg_at_5_max": 0.792926,
        "nauc_ndcg_at_5_std": 0.02859,
        "nauc_precision_at_1000_diff1": NaN,
        "nauc_precision_at_1000_max": NaN,
        "nauc_precision_at_1000_std": NaN,
        "nauc_precision_at_100_diff1": 0.869281,
        "nauc_precision_at_100_max": 0.912854,
        "nauc_precision_at_100_std": 0.863834,
        "nauc_precision_at_10_diff1": 0.918301,
        "nauc_precision_at_10_max": 0.914196,
        "nauc_precision_at_10_std": 0.412376,
        "nauc_precision_at_1_diff1": 0.909461,
        "nauc_precision_at_1_max": 0.754176,
        "nauc_precision_at_1_std": -0.127739,
        "nauc_precision_at_20_diff1": 0.920116,
        "nauc_precision_at_20_max": 0.93075,
        "nauc_precision_at_20_std": 0.57742,
        "nauc_precision_at_3_diff1": 0.882701,
        "nauc_precision_at_3_max": 0.839901,
        "nauc_precision_at_3_std": 0.250352,
        "nauc_precision_at_5_diff1": 0.886399,
        "nauc_precision_at_5_max": 0.871263,
        "nauc_precision_at_5_std": 0.32742,
        "nauc_recall_at_1000_diff1": NaN,
        "nauc_recall_at_1000_max": NaN,
        "nauc_recall_at_1000_std": NaN,
        "nauc_recall_at_100_diff1": 0.869281,
        "nauc_recall_at_100_max": 0.912854,
        "nauc_recall_at_100_std": 0.863834,
        "nauc_recall_at_10_diff1": 0.918301,
        "nauc_recall_at_10_max": 0.914196,
        "nauc_recall_at_10_std": 0.412376,
        "nauc_recall_at_1_diff1": 0.909461,
        "nauc_recall_at_1_max": 0.754176,
        "nauc_recall_at_1_std": -0.127739,
        "nauc_recall_at_20_diff1": 0.920116,
        "nauc_recall_at_20_max": 0.93075,
        "nauc_recall_at_20_std": 0.57742,
        "nauc_recall_at_3_diff1": 0.882701,
        "nauc_recall_at_3_max": 0.839901,
        "nauc_recall_at_3_std": 0.250352,
        "nauc_recall_at_5_diff1": 0.886399,
        "nauc_recall_at_5_max": 0.871263,
        "nauc_recall_at_5_std": 0.32742,
        "ndcg_at_1": 0.86,
        "ndcg_at_10": 0.91747,
        "ndcg_at_100": 0.92349,
        "ndcg_at_1000": 0.92395,
        "ndcg_at_20": 0.92048,
        "ndcg_at_3": 0.90493,
        "ndcg_at_5": 0.91149,
        "precision_at_1": 0.86,
        "precision_at_10": 0.09678,
        "precision_at_100": 0.00997,
        "precision_at_1000": 0.001,
        "precision_at_20": 0.049,
        "precision_at_3": 0.31148,
        "precision_at_5": 0.19,
        "recall_at_1": 0.86,
        "recall_at_10": 0.96778,
        "recall_at_100": 0.99667,
        "recall_at_1000": 1.0,
        "recall_at_20": 0.98,
        "recall_at_3": 0.93444,
        "recall_at_5": 0.95
      },
      {
        "hf_subset": "kor_Hang-eng_Latn",
        "languages": [
          "kor-Hang",
          "eng-Latn"
        ],
        "main_score": 0.89583,
        "map_at_1": 0.82444,
        "map_at_10": 0.8743,
        "map_at_100": 0.87606,
        "map_at_1000": 0.87609,
        "map_at_20": 0.87558,
        "map_at_3": 0.86704,
        "map_at_5": 0.87109,
        "mrr_at_1": 0.824444,
        "mrr_at_10": 0.874303,
        "mrr_at_100": 0.87606,
        "mrr_at_1000": 0.876094,
        "mrr_at_20": 0.875584,
        "mrr_at_3": 0.867037,
        "mrr_at_5": 0.871093,
        "nauc_map_at_1000_diff1": 0.870939,
        "nauc_map_at_1000_max": 0.725709,
        "nauc_map_at_1000_std": -0.158109,
        "nauc_map_at_100_diff1": 0.870926,
        "nauc_map_at_100_max": 0.725662,
        "nauc_map_at_100_std": -0.158019,
        "nauc_map_at_10_diff1": 0.870469,
        "nauc_map_at_10_max": 0.727301,
        "nauc_map_at_10_std": -0.152904,
        "nauc_map_at_1_diff1": 0.878555,
        "nauc_map_at_1_max": 0.694909,
        "nauc_map_at_1_std": -0.211102,
        "nauc_map_at_20_diff1": 0.87098,
        "nauc_map_at_20_max": 0.726431,
        "nauc_map_at_20_std": -0.155715,
        "nauc_map_at_3_diff1": 0.870022,
        "nauc_map_at_3_max": 0.732088,
        "nauc_map_at_3_std": -0.16074,
        "nauc_map_at_5_diff1": 0.869566,
        "nauc_map_at_5_max": 0.730211,
        "nauc_map_at_5_std": -0.15265,
        "nauc_mrr_at_1000_diff1": 0.870939,
        "nauc_mrr_at_1000_max": 0.725709,
        "nauc_mrr_at_1000_std": -0.158109,
        "nauc_mrr_at_100_diff1": 0.870926,
        "nauc_mrr_at_100_max": 0.725662,
        "nauc_mrr_at_100_std": -0.158019,
        "nauc_mrr_at_10_diff1": 0.870469,
        "nauc_mrr_at_10_max": 0.727301,
        "nauc_mrr_at_10_std": -0.152904,
        "nauc_mrr_at_1_diff1": 0.878555,
        "nauc_mrr_at_1_max": 0.694909,
        "nauc_mrr_at_1_std": -0.211102,
        "nauc_mrr_at_20_diff1": 0.87098,
        "nauc_mrr_at_20_max": 0.726431,
        "nauc_mrr_at_20_std": -0.155715,
        "nauc_mrr_at_3_diff1": 0.870022,