{
  "dataset_revision": "main",
  "task_name": "MIRACLRetrieval",
  "mteb_version": "1.14.15",
  "scores": {
    "dev": [
      {
        "hf_subset": "ko",
        "languages": [
          "kor-Kore"
        ],
        "main_score": 0.55798,
        "map_at_1": 0.29203,
        "map_at_10": 0.46203,
        "map_at_100": 0.48745,
        "map_at_1000": 0.48846,
        "map_at_20": 0.47661,
        "map_at_3": 0.40607,
        "map_at_5": 0.43463,
        "mrr_at_1": 0.497653,
        "mrr_at_10": 0.623029,
        "mrr_at_100": 0.627785,
        "mrr_at_1000": 0.627955,
        "mrr_at_20": 0.626662,
        "mrr_at_3": 0.600939,
        "mrr_at_5": 0.612676,
        "nauc_map_at_1000_diff1": 0.491195,
        "nauc_map_at_1000_max": 0.406987,
        "nauc_map_at_1000_std": 0.150368,
        "nauc_map_at_100_diff1": 0.491345,
        "nauc_map_at_100_max": 0.407295,
        "nauc_map_at_100_std": 0.150286,
        "nauc_map_at_10_diff1": 0.483581,
        "nauc_map_at_10_max": 0.401154,
        "nauc_map_at_10_std": 0.132145,
        "nauc_map_at_1_diff1": 0.54068,
        "nauc_map_at_1_max": 0.379564,
        "nauc_map_at_1_std": 0.019515,
        "nauc_map_at_20_diff1": 0.488143,
        "nauc_map_at_20_max": 0.406535,
        "nauc_map_at_20_std": 0.138403,
        "nauc_map_at_3_diff1": 0.500745,
        "nauc_map_at_3_max": 0.396601,
        "nauc_map_at_3_std": 0.103033,
        "nauc_map_at_5_diff1": 0.479553,
        "nauc_map_at_5_max": 0.393763,
        "nauc_map_at_5_std": 0.127275,
        "nauc_mrr_at_1000_diff1": 0.486462,
        "nauc_mrr_at_1000_max": 0.419442,
        "nauc_mrr_at_1000_std": 0.213927,
        "nauc_mrr_at_100_diff1": 0.486547,
        "nauc_mrr_at_100_max": 0.419729,
        "nauc_mrr_at_100_std": 0.214348,
        "nauc_mrr_at_10_diff1": 0.485041,
        "nauc_mrr_at_10_max": 0.421897,
        "nauc_mrr_at_10_std": 0.216354,
        "nauc_mrr_at_1_diff1": 0.503903,
        "nauc_mrr_at_1_max": 0.378429,
        "nauc_mrr_at_1_std": 0.13359,
        "nauc_mrr_at_20_diff1": 0.487023,
        "nauc_mrr_at_20_max": 0.420389,
        "nauc_mrr_at_20_std": 0.215239,
        "nauc_mrr_at_3_diff1": 0.481575,
        "nauc_mrr_at_3_max": 0.424031,
        "nauc_mrr_at_3_std": 0.219303,
        "nauc_mrr_at_5_diff1": 0.482385,
        "nauc_mrr_at_5_max": 0.420448,
        "nauc_mrr_at_5_std": 0.222587,
        "nauc_ndcg_at_1000_diff1": 0.499735,
        "nauc_ndcg_at_1000_max": 0.429839,
        "nauc_ndcg_at_1000_std": 0.220863,
        "nauc_ndcg_at_100_diff1": 0.504444,
        "nauc_ndcg_at_100_max": 0.43802,
        "nauc_ndcg_at_100_std": 0.230847,
        "nauc_ndcg_at_10_diff1": 0.475659,
        "nauc_ndcg_at_10_max": 0.417363,
        "nauc_ndcg_at_10_std": 0.181794,
        "nauc_ndcg_at_1_diff1": 0.503903,
        "nauc_ndcg_at_1_max": 0.378429,
        "nauc_ndcg_at_1_std": 0.13359,
        "nauc_ndcg_at_20_diff1": 0.492259,
        "nauc_ndcg_at_20_max": 0.42426,
        "nauc_ndcg_at_20_std": 0.194972,
        "nauc_ndcg_at_3_diff1": 0.476879,
        "nauc_ndcg_at_3_max": 0.40531,
        "nauc_ndcg_at_3_std": 0.19085,
        "nauc_ndcg_at_5_diff1": 0.465706,
        "nauc_ndcg_at_5_max": 0.390694,
        "nauc_ndcg_at_5_std": 0.194017,
        "nauc_precision_at_1000_diff1": -0.11962,
        "nauc_precision_at_1000_max": -0.055796,
        "nauc_precision_at_1000_std": 0.20821,
        "nauc_precision_at_100_diff1": -0.07511,
        "nauc_precision_at_100_max": -0.014432,
        "nauc_precision_at_100_std": 0.243951,
        "nauc_precision_at_10_diff1": 0.003396,
        "nauc_precision_at_10_max": 0.09943,
        "nauc_precision_at_10_std": 0.263961,
        "nauc_precision_at_1_diff1": 0.503903,
        "nauc_precision_at_1_max": 0.378429,
        "nauc_precision_at_1_std": 0.13359,
        "nauc_precision_at_20_diff1": -0.03237,
        "nauc_precision_at_20_max": 0.051845,
        "nauc_precision_at_20_std": 0.243727,
        "nauc_precision_at_3_diff1": 0.153654,
        "nauc_precision_at_3_max": 0.250534,
        "nauc_precision_at_3_std": 0.296232,
        "nauc_precision_at_5_diff1": 0.048207,
        "nauc_precision_at_5_max": 0.152703,
        "nauc_precision_at_5_std": 0.298322,
        "nauc_recall_at_1000_diff1": 0.797384,
        "nauc_recall_at_1000_max": 0.587245,
        "nauc_recall_at_1000_std": 0.680037,
        "nauc_recall_at_100_diff1": 0.570194,
        "nauc_recall_at_100_max": 0.548769,
        "nauc_recall_at_100_std": 0.521275,
        "nauc_recall_at_10_diff1": 0.368281,
        "nauc_recall_at_10_max": 0.361408,
        "nauc_recall_at_10_std": 0.185444,
        "nauc_recall_at_1_diff1": 0.54068,
        "nauc_recall_at_1_max": 0.379564,
        "nauc_recall_at_1_std": 0.019515,
        "nauc_recall_at_20_diff1": 0.428276,
        "nauc_recall_at_20_max": 0.369208,
        "nauc_recall_at_20_std": 0.230997,
        "nauc_recall_at_3_diff1": 0.42526,
        "nauc_recall_at_3_max": 0.374742,
        "nauc_recall_at_3_std": 0.142584,
        "nauc_recall_at_5_diff1": 0.374411,
        "nauc_recall_at_5_max": 0.351017,
        "nauc_recall_at_5_std": 0.195779,
        "ndcg_at_1": 0.49765,
        "ndcg_at_10": 0.55798,
        "ndcg_at_100": 0.62582,
        "ndcg_at_1000": 0.63931,
        "ndcg_at_20": 0.58864,
        "ndcg_at_3": 0.51786,
        "ndcg_at_5": 0.52451,
        "precision_at_1": 0.49765,
        "precision_at_10": 0.14883,
        "precision_at_100": 0.02282,
        "precision_at_1000": 0.00252,
        "precision_at_20": 0.08873,
        "precision_at_3": 0.32238,
        "precision_at_5": 0.23286,
        "recall_at_1": 0.29203,
        "recall_at_10": 0.66858,
        "recall_at_100": 0.89209,
        "recall_at_1000": 0.97269,
        "recall_at_20": 0.7564,
        "recall_at_3": 0.49825,
        "recall_at_5": 0.56757
      }
    ]
  },
  "evaluation_time": 1186423.9883656502,
  "kg_co2_emissions": null
}