{
  "dataset_revision": "fc24a3ce8f09746410daee3d5cd823ff7a0675b7",
  "task_name": "MrTidyRetrieval",
  "mteb_version": "1.14.15",
  "scores": {
    "test": [
      {
        "hf_subset": "korean",
        "languages": [
          "kor-Kore"
        ],
        "main_score": 0.40347,
        "map_at_1": 0.2312,
        "map_at_10": 0.34018,
        "map_at_100": 0.35384,
        "map_at_1000": 0.35433,
        "map_at_20": 0.34932,
        "map_at_3": 0.30681,
        "map_at_5": 0.3253,
        "mrr_at_1": 0.249406,
        "mrr_at_10": 0.359033,
        "mrr_at_100": 0.370607,
        "mrr_at_1000": 0.370996,
        "mrr_at_20": 0.36672,
        "mrr_at_3": 0.328187,
        "mrr_at_5": 0.344814,
        "nauc_map_at_1000_diff1": 0.353148,
        "nauc_map_at_1000_max": 0.318403,
        "nauc_map_at_1000_std": 0.143292,
        "nauc_map_at_100_diff1": 0.352961,
        "nauc_map_at_100_max": 0.318417,
        "nauc_map_at_100_std": 0.143497,
        "nauc_map_at_10_diff1": 0.351125,
        "nauc_map_at_10_max": 0.31492,
        "nauc_map_at_10_std": 0.139118,
        "nauc_map_at_1_diff1": 0.409347,
        "nauc_map_at_1_max": 0.327725,
        "nauc_map_at_1_std": 0.099095,
        "nauc_map_at_20_diff1": 0.351001,
        "nauc_map_at_20_max": 0.318157,
        "nauc_map_at_20_std": 0.145594,
        "nauc_map_at_3_diff1": 0.375675,
        "nauc_map_at_3_max": 0.326126,
        "nauc_map_at_3_std": 0.133794,
        "nauc_map_at_5_diff1": 0.35685,
        "nauc_map_at_5_max": 0.310743,
        "nauc_map_at_5_std": 0.129325,
        "nauc_mrr_at_1000_diff1": 0.364978,
        "nauc_mrr_at_1000_max": 0.333409,
        "nauc_mrr_at_1000_std": 0.145217,
        "nauc_mrr_at_100_diff1": 0.364766,
        "nauc_mrr_at_100_max": 0.333438,
        "nauc_mrr_at_100_std": 0.145355,
        "nauc_mrr_at_10_diff1": 0.364569,
        "nauc_mrr_at_10_max": 0.331501,
        "nauc_mrr_at_10_std": 0.141776,
        "nauc_mrr_at_1_diff1": 0.419591,
        "nauc_mrr_at_1_max": 0.343384,
        "nauc_mrr_at_1_std": 0.097487,
        "nauc_mrr_at_20_diff1": 0.363328,
        "nauc_mrr_at_20_max": 0.333392,
        "nauc_mrr_at_20_std": 0.147247,
        "nauc_mrr_at_3_diff1": 0.385507,
        "nauc_mrr_at_3_max": 0.341597,
        "nauc_mrr_at_3_std": 0.143726,
        "nauc_mrr_at_5_diff1": 0.367923,
        "nauc_mrr_at_5_max": 0.32611,
        "nauc_mrr_at_5_std": 0.132515,
        "nauc_ndcg_at_1000_diff1": 0.339955,
        "nauc_ndcg_at_1000_max": 0.326134,
        "nauc_ndcg_at_1000_std": 0.168202,
        "nauc_ndcg_at_100_diff1": 0.333764,
        "nauc_ndcg_at_100_max": 0.323204,
        "nauc_ndcg_at_100_std": 0.171437,
        "nauc_ndcg_at_10_diff1": 0.323517,
        "nauc_ndcg_at_10_max": 0.309263,
        "nauc_ndcg_at_10_std": 0.157608,
        "nauc_ndcg_at_1_diff1": 0.419591,
        "nauc_ndcg_at_1_max": 0.343384,
        "nauc_ndcg_at_1_std": 0.097487,
        "nauc_ndcg_at_20_diff1": 0.318401,
        "nauc_ndcg_at_20_max": 0.317597,
        "nauc_ndcg_at_20_std": 0.181078,
        "nauc_ndcg_at_3_diff1": 0.368402,
        "nauc_ndcg_at_3_max": 0.328972,
        "nauc_ndcg_at_3_std": 0.147763,
        "nauc_ndcg_at_5_diff1": 0.335122,
        "nauc_ndcg_at_5_max": 0.300126,
        "nauc_ndcg_at_5_std": 0.135023,
        "nauc_precision_at_1000_diff1": 0.06522,
        "nauc_precision_at_1000_max": 0.121055,
        "nauc_precision_at_1000_std": 0.038676,
        "nauc_precision_at_100_diff1": 0.123539,
        "nauc_precision_at_100_max": 0.191319,
        "nauc_precision_at_100_std": 0.141748,
        "nauc_precision_at_10_diff1": 0.196567,
        "nauc_precision_at_10_max": 0.254966,
        "nauc_precision_at_10_std": 0.188209,
        "nauc_precision_at_1_diff1": 0.419591,
        "nauc_precision_at_1_max": 0.343384,
        "nauc_precision_at_1_std": 0.097487,
        "nauc_precision_at_20_diff1": 0.116762,
        "nauc_precision_at_20_max": 0.219049,
        "nauc_precision_at_20_std": 0.231474,
        "nauc_precision_at_3_diff1": 0.346745,
        "nauc_precision_at_3_max": 0.333192,
        "nauc_precision_at_3_std": 0.175285,
        "nauc_precision_at_5_diff1": 0.247891,
        "nauc_precision_at_5_max": 0.248564,
        "nauc_precision_at_5_std": 0.147102,
        "nauc_recall_at_1000_diff1": 0.254868,
        "nauc_recall_at_1000_max": 0.585587,
        "nauc_recall_at_1000_std": 0.716071,
        "nauc_recall_at_100_diff1": 0.210853,
        "nauc_recall_at_100_max": 0.352771,
        "nauc_recall_at_100_std": 0.385916,
        "nauc_recall_at_10_diff1": 0.2102,
        "nauc_recall_at_10_max": 0.262211,
        "nauc_recall_at_10_std": 0.208405,
        "nauc_recall_at_1_diff1": 0.409347,
        "nauc_recall_at_1_max": 0.327725,
        "nauc_recall_at_1_std": 0.099095,
        "nauc_recall_at_20_diff1": 0.157382,
        "nauc_recall_at_20_max": 0.288873,
        "nauc_recall_at_20_std": 0.330864,
        "nauc_recall_at_3_diff1": 0.333742,
        "nauc_recall_at_3_max": 0.317189,
        "nauc_recall_at_3_std": 0.172451,
        "nauc_recall_at_5_diff1": 0.255273,
        "nauc_recall_at_5_max": 0.246598,
        "nauc_recall_at_5_std": 0.139576,
        "ndcg_at_1": 0.24941,
        "ndcg_at_10": 0.40347,
        "ndcg_at_100": 0.46451,
        "ndcg_at_1000": 0.47738,
        "ndcg_at_20": 0.43455,
        "ndcg_at_3": 0.33662,
        "ndcg_at_5": 0.36865,
        "precision_at_1": 0.24941,
        "precision_at_10": 0.06508,
        "precision_at_100": 0.00981,
        "precision_at_1000": 0.0011,
        "precision_at_20": 0.03979,
        "precision_at_3": 0.14727,
        "precision_at_5": 0.10594,
        "recall_at_1": 0.2312,
        "recall_at_10": 0.58155,
        "recall_at_100": 0.85234,
        "recall_at_1000": 0.95051,
        "recall_at_20": 0.69873,
        "recall_at_3": 0.40222,
        "recall_at_5": 0.47783
      }
    ]
  },
  "evaluation_time": 1455631.1676383018,
  "kg_co2_emissions": null
}