{
  "dataset_revision": "d67138e705d963e346253a80e59676ddb418810a",
  "task_name": "MultiLongDocRetrieval",
  "mteb_version": "1.14.15",
  "scores": {
    "dev": [
      {
        "hf_subset": "ko",
        "languages": [
          "kor-Hang"
        ],
        "main_score": 0.24346,
        "map_at_1": 0.16,
        "map_at_10": 0.21462,
        "map_at_100": 0.22418,
        "map_at_1000": 0.22525,
        "map_at_20": 0.2195,
        "map_at_3": 0.19833,
        "map_at_5": 0.20933,
        "mrr_at_1": 0.16,
        "mrr_at_10": 0.214615,
        "mrr_at_100": 0.224175,
        "mrr_at_1000": 0.225252,
        "mrr_at_20": 0.219497,
        "mrr_at_3": 0.198333,
        "mrr_at_5": 0.209333,
        "nauc_map_at_1000_diff1": 0.499299,
        "nauc_map_at_1000_max": 0.419714,
        "nauc_map_at_1000_std": 0.095319,
        "nauc_map_at_100_diff1": 0.499041,
        "nauc_map_at_100_max": 0.419879,
        "nauc_map_at_100_std": 0.095239,
        "nauc_map_at_10_diff1": 0.506296,
        "nauc_map_at_10_max": 0.424377,
        "nauc_map_at_10_std": 0.087954,
        "nauc_map_at_1_diff1": 0.639566,
        "nauc_map_at_1_max": 0.45319,
        "nauc_map_at_1_std": 0.051064,
        "nauc_map_at_20_diff1": 0.496346,
        "nauc_map_at_20_max": 0.419219,
        "nauc_map_at_20_std": 0.091615,
        "nauc_map_at_3_diff1": 0.530715,
        "nauc_map_at_3_max": 0.439224,
        "nauc_map_at_3_std": 0.083569,
        "nauc_map_at_5_diff1": 0.515683,
        "nauc_map_at_5_max": 0.437365,
        "nauc_map_at_5_std": 0.087121,
        "nauc_mrr_at_1000_diff1": 0.499299,
        "nauc_mrr_at_1000_max": 0.419714,
        "nauc_mrr_at_1000_std": 0.095319,
        "nauc_mrr_at_100_diff1": 0.499041,
        "nauc_mrr_at_100_max": 0.419879,
        "nauc_mrr_at_100_std": 0.095239,
        "nauc_mrr_at_10_diff1": 0.506296,
        "nauc_mrr_at_10_max": 0.424377,
        "nauc_mrr_at_10_std": 0.087954,
        "nauc_mrr_at_1_diff1": 0.639566,
        "nauc_mrr_at_1_max": 0.45319,
        "nauc_mrr_at_1_std": 0.051064,
        "nauc_mrr_at_20_diff1": 0.496346,
        "nauc_mrr_at_20_max": 0.419219,
        "nauc_mrr_at_20_std": 0.091615,
        "nauc_mrr_at_3_diff1": 0.530715,
        "nauc_mrr_at_3_max": 0.439224,
        "nauc_mrr_at_3_std": 0.083569,
        "nauc_mrr_at_5_diff1": 0.515683,
        "nauc_mrr_at_5_max": 0.437365,
        "nauc_mrr_at_5_std": 0.087121,
        "nauc_ndcg_at_1000_diff1": 0.452407,
        "nauc_ndcg_at_1000_max": 0.401427,
        "nauc_ndcg_at_1000_std": 0.142978,
        "nauc_ndcg_at_100_diff1": 0.442226,
        "nauc_ndcg_at_100_max": 0.390845,
        "nauc_ndcg_at_100_std": 0.139614,
        "nauc_ndcg_at_10_diff1": 0.455968,
        "nauc_ndcg_at_10_max": 0.401615,
        "nauc_ndcg_at_10_std": 0.10065,
        "nauc_ndcg_at_1_diff1": 0.639566,
        "nauc_ndcg_at_1_max": 0.45319,
        "nauc_ndcg_at_1_std": 0.051064,
        "nauc_ndcg_at_20_diff1": 0.424559,
        "nauc_ndcg_at_20_max": 0.382954,
        "nauc_ndcg_at_20_std": 0.111262,
        "nauc_ndcg_at_3_diff1": 0.503276,
        "nauc_ndcg_at_3_max": 0.436133,
        "nauc_ndcg_at_3_std": 0.092091,
        "nauc_ndcg_at_5_diff1": 0.476878,
        "nauc_ndcg_at_5_max": 0.431832,
        "nauc_ndcg_at_5_std": 0.09793,
        "nauc_precision_at_1000_diff1": 0.299454,
        "nauc_precision_at_1000_max": 0.433972,
        "nauc_precision_at_1000_std": 0.570402,
        "nauc_precision_at_100_diff1": 0.295622,
        "nauc_precision_at_100_max": 0.306549,
        "nauc_precision_at_100_std": 0.315553,
        "nauc_precision_at_10_diff1": 0.328264,
        "nauc_precision_at_10_max": 0.33699,
        "nauc_precision_at_10_std": 0.132553,
        "nauc_precision_at_1_diff1": 0.639566,
        "nauc_precision_at_1_max": 0.45319,
        "nauc_precision_at_1_std": 0.051064,
        "nauc_precision_at_20_diff1": 0.231765,
        "nauc_precision_at_20_max": 0.275116,
        "nauc_precision_at_20_std": 0.163884,
        "nauc_precision_at_3_diff1": 0.434204,
        "nauc_precision_at_3_max": 0.428482,
        "nauc_precision_at_3_std": 0.113646,
        "nauc_precision_at_5_diff1": 0.380797,
        "nauc_precision_at_5_max": 0.417572,
        "nauc_precision_at_5_std": 0.124349,
        "nauc_recall_at_1000_diff1": 0.299454,
        "nauc_recall_at_1000_max": 0.433972,
        "nauc_recall_at_1000_std": 0.570402,
        "nauc_recall_at_100_diff1": 0.295622,
        "nauc_recall_at_100_max": 0.306549,
        "nauc_recall_at_100_std": 0.315553,
        "nauc_recall_at_10_diff1": 0.328264,
        "nauc_recall_at_10_max": 0.33699,
        "nauc_recall_at_10_std": 0.132553,
        "nauc_recall_at_1_diff1": 0.639566,
        "nauc_recall_at_1_max": 0.45319,
        "nauc_recall_at_1_std": 0.051064,
        "nauc_recall_at_20_diff1": 0.231765,
        "nauc_recall_at_20_max": 0.275116,
        "nauc_recall_at_20_std": 0.163884,
        "nauc_recall_at_3_diff1": 0.434204,
        "nauc_recall_at_3_max": 0.428482,
        "nauc_recall_at_3_std": 0.113646,
        "nauc_recall_at_5_diff1": 0.380797,
        "nauc_recall_at_5_max": 0.417572,
        "nauc_recall_at_5_std": 0.124349,
        "ndcg_at_1": 0.16,
        "ndcg_at_10": 0.24346,
        "ndcg_at_100": 0.29392,
        "ndcg_at_1000": 0.3264,
        "ndcg_at_20": 0.26034,
        "ndcg_at_3": 0.21036,
        "ndcg_at_5": 0.23057,
        "precision_at_1": 0.16,
        "precision_at_10": 0.0335,
        "precision_at_100": 0.0058,
        "precision_at_1000": 0.00085,
        "precision_at_20": 0.02,
        "precision_at_3": 0.08167,
        "precision_at_5": 0.059,
        "recall_at_1": 0.16,
        "recall_at_10": 0.335,
        "recall_at_100": 0.58,
        "recall_at_1000": 0.845,
        "recall_at_20": 0.4,
        "recall_at_3": 0.245,
        "recall_at_5": 0.295
      }
    ],
    "test": [
      {
        "hf_subset": "ko",
        "languages": [
          "kor-Hang"
        ],
        "main_score": 0.26801,
        "map_at_1": 0.2,
        "map_at_10": 0.24508,
        "map_at_100": 0.24995,
        "map_at_1000": 0.25111,
        "map_at_20": 0.24643,
        "map_at_3": 0.23417,
        "map_at_5": 0.23917,
        "mrr_at_1": 0.2,
        "mrr_at_10": 0.245083,
        "mrr_at_100": 0.24995,
        "mrr_at_1000": 0.251107,
        "mrr_at_20": 0.246428,
        "mrr_at_3": 0.234167,
        "mrr_at_5": 0.239167,
        "nauc_map_at_1000_diff1": 0.639536,
        "nauc_map_at_1000_max": 0.365187,
        "nauc_map_at_1000_std": 0.019706,
        "nauc_map_at_100_diff1": 0.639168,
        "nauc_map_at_100_max": 0.365039,
        "nauc_map_at_100_std": 0.018678,
        "nauc_map_at_10_diff1": 0.643439,
        "nauc_map_at_10_max": 0.368286,
        "nauc_map_at_10_std": 0.020152,
        "nauc_map_at_1_diff1": 0.713602,
        "nauc_map_at_1_max": 0.370689,
        "nauc_map_at_1_std": -0.027615,
        "nauc_map_at_20_diff1": 0.641844,
        "nauc_map_at_20_max": 0.366572,
        "nauc_map_at_20_std": 0.018595,
        "nauc_map_at_3_diff1": 0.659481,
        "nauc_map_at_3_max": 0.365013,
        "nauc_map_at_3_std": 0.002886,
        "nauc_map_at_5_diff1": 0.650457,
        "nauc_map_at_5_max": 0.36603,
        "nauc_map_at_5_std": 0.013442,
        "nauc_mrr_at_1000_diff1": 0.639536,
        "nauc_mrr_at_1000_max": 0.365187,
        "nauc_mrr_at_1000_std": 0.019706,
        "nauc_mrr_at_100_diff1": 0.639168,
        "nauc_mrr_at_100_max": 0.365039,
        "nauc_mrr_at_100_std": 0.018678,
        "nauc_mrr_at_10_diff1": 0.643439,
        "nauc_mrr_at_10_max": 0.368286,
        "nauc_mrr_at_10_std": 0.020152,
        "nauc_mrr_at_1_diff1": 0.713602,
        "nauc_mrr_at_1_max": 0.370689,
        "nauc_mrr_at_1_std": -0.027615,
        "nauc_mrr_at_20_diff1": 0.641844,
        "nauc_mrr_at_20_max": 0.366572,
        "nauc_mrr_at_20_std": 0.018595,
        "nauc_mrr_at_3_diff1": 0.659481,
        "nauc_mrr_at_3_max": 0.365013,
        "nauc_mrr_at_3_std": 0.002886,