{
  "dataset_revision": "main",
  "task_name": "PublicHealthQA",
  "mteb_version": "1.14.15",
  "scores": {
    "test": [
      {
        "hf_subset": "korean",
        "languages": [
          "kor-Hang"
        ],
        "main_score": 0.8605,
        "map_at_1": 0.72727,
        "map_at_10": 0.82287,
        "map_at_100": 0.8246,
        "map_at_1000": 0.8246,
        "map_at_20": 0.8246,
        "map_at_3": 0.80952,
        "map_at_5": 0.81926,
        "mrr_at_1": 0.727273,
        "mrr_at_10": 0.822872,
        "mrr_at_100": 0.824603,
        "mrr_at_1000": 0.824603,
        "mrr_at_20": 0.824603,
        "mrr_at_3": 0.809524,
        "mrr_at_5": 0.819264,
        "nauc_map_at_1000_diff1": 0.594112,
        "nauc_map_at_1000_max": 0.357742,
        "nauc_map_at_1000_std": -0.035593,
        "nauc_map_at_100_diff1": 0.594112,
        "nauc_map_at_100_max": 0.357742,
        "nauc_map_at_100_std": -0.035593,
        "nauc_map_at_10_diff1": 0.5963,
        "nauc_map_at_10_max": 0.364002,
        "nauc_map_at_10_std": -0.032821,
        "nauc_map_at_1_diff1": 0.62914,
        "nauc_map_at_1_max": 0.351205,
        "nauc_map_at_1_std": -0.027606,
        "nauc_map_at_20_diff1": 0.594112,
        "nauc_map_at_20_max": 0.357742,
        "nauc_map_at_20_std": -0.035593,
        "nauc_map_at_3_diff1": 0.568325,
        "nauc_map_at_3_max": 0.361362,
        "nauc_map_at_3_std": -0.035345,
        "nauc_map_at_5_diff1": 0.575346,
        "nauc_map_at_5_max": 0.359227,
        "nauc_map_at_5_std": -0.030868,
        "nauc_mrr_at_1000_diff1": 0.594112,
        "nauc_mrr_at_1000_max": 0.357742,
        "nauc_mrr_at_1000_std": -0.035593,
        "nauc_mrr_at_100_diff1": 0.594112,
        "nauc_mrr_at_100_max": 0.357742,
        "nauc_mrr_at_100_std": -0.035593,
        "nauc_mrr_at_10_diff1": 0.5963,
        "nauc_mrr_at_10_max": 0.364002,
        "nauc_mrr_at_10_std": -0.032821,
        "nauc_mrr_at_1_diff1": 0.62914,
        "nauc_mrr_at_1_max": 0.351205,
        "nauc_mrr_at_1_std": -0.027606,
        "nauc_mrr_at_20_diff1": 0.594112,
        "nauc_mrr_at_20_max": 0.357742,
        "nauc_mrr_at_20_std": -0.035593,
        "nauc_mrr_at_3_diff1": 0.568325,
        "nauc_mrr_at_3_max": 0.361362,
        "nauc_mrr_at_3_std": -0.035345,
        "nauc_mrr_at_5_diff1": 0.575346,
        "nauc_mrr_at_5_max": 0.359227,
        "nauc_mrr_at_5_std": -0.030868,
        "nauc_ndcg_at_1000_diff1": 0.59232,
        "nauc_ndcg_at_1000_max": 0.361774,
        "nauc_ndcg_at_1000_std": -0.035547,
        "nauc_ndcg_at_100_diff1": 0.59232,
        "nauc_ndcg_at_100_max": 0.361774,
        "nauc_ndcg_at_100_std": -0.035547,
        "nauc_ndcg_at_10_diff1": 0.602763,
        "nauc_ndcg_at_10_max": 0.391178,
        "nauc_ndcg_at_10_std": -0.022435,
        "nauc_ndcg_at_1_diff1": 0.62914,
        "nauc_ndcg_at_1_max": 0.351205,
        "nauc_ndcg_at_1_std": -0.027606,
        "nauc_ndcg_at_20_diff1": 0.59232,
        "nauc_ndcg_at_20_max": 0.361774,
        "nauc_ndcg_at_20_std": -0.035547,
        "nauc_ndcg_at_3_diff1": 0.538941,
        "nauc_ndcg_at_3_max": 0.376452,
        "nauc_ndcg_at_3_std": -0.034404,
        "nauc_ndcg_at_5_diff1": 0.549903,
        "nauc_ndcg_at_5_max": 0.373884,
        "nauc_ndcg_at_5_std": -0.024967,
        "nauc_precision_at_1000_diff1": NaN,
        "nauc_precision_at_1000_max": NaN,
        "nauc_precision_at_1000_std": NaN,
        "nauc_precision_at_100_diff1": 1.0,
        "nauc_precision_at_100_max": 1.0,
        "nauc_precision_at_100_std": 1.0,
        "nauc_precision_at_10_diff1": 0.795658,
        "nauc_precision_at_10_max": 0.934356,
        "nauc_precision_at_10_std": 0.219778,
        "nauc_precision_at_1_diff1": 0.62914,
        "nauc_precision_at_1_max": 0.351205,
        "nauc_precision_at_1_std": -0.027606,
        "nauc_precision_at_20_diff1": 1.0,
        "nauc_precision_at_20_max": 1.0,
        "nauc_precision_at_20_std": 1.0,
        "nauc_precision_at_3_diff1": 0.378276,
        "nauc_precision_at_3_max": 0.464483,
        "nauc_precision_at_3_std": -0.026721,
        "nauc_precision_at_5_diff1": 0.323916,
        "nauc_precision_at_5_max": 0.515012,
        "nauc_precision_at_5_std": 0.035976,
        "nauc_recall_at_1000_diff1": NaN,
        "nauc_recall_at_1000_max": NaN,
        "nauc_recall_at_1000_std": NaN,
        "nauc_recall_at_100_diff1": NaN,
        "nauc_recall_at_100_max": NaN,
        "nauc_recall_at_100_std": NaN,
        "nauc_recall_at_10_diff1": 0.795658,
        "nauc_recall_at_10_max": 0.934356,
        "nauc_recall_at_10_std": 0.219778,
        "nauc_recall_at_1_diff1": 0.62914,
        "nauc_recall_at_1_max": 0.351205,
        "nauc_recall_at_1_std": -0.027606,
        "nauc_recall_at_20_diff1": NaN,
        "nauc_recall_at_20_max": NaN,
        "nauc_recall_at_20_std": NaN,
        "nauc_recall_at_3_diff1": 0.378276,
        "nauc_recall_at_3_max": 0.464483,
        "nauc_recall_at_3_std": -0.026721,
        "nauc_recall_at_5_diff1": 0.323916,
        "nauc_recall_at_5_max": 0.515012,
        "nauc_recall_at_5_std": 0.035976,
        "ndcg_at_1": 0.72727,
        "ndcg_at_10": 0.8605,
        "ndcg_at_100": 0.86699,
        "ndcg_at_1000": 0.86699,
        "ndcg_at_20": 0.86699,
        "ndcg_at_3": 0.83519,
        "ndcg_at_5": 0.85197,
        "precision_at_1": 0.72727,
        "precision_at_10": 0.0974,
        "precision_at_100": 0.01,
        "precision_at_1000": 0.001,
        "precision_at_20": 0.05,
        "precision_at_3": 0.30303,
        "precision_at_5": 0.18961,
        "recall_at_1": 0.72727,
        "recall_at_10": 0.97403,
        "recall_at_100": 1.0,
        "recall_at_1000": 1.0,
        "recall_at_20": 1.0,
        "recall_at_3": 0.90909,
        "recall_at_5": 0.94805
      }
    ]
  },
  "evaluation_time": 88.03840279579163,
  "kg_co2_emissions": null
}