{
  "dataset_revision": "c99d599f0a6ab9b85b065da6f9d94f9cf731679f",
  "task_name": "XPQARetrieval",
  "mteb_version": "1.14.15",
  "scores": {
    "test": [
      {
        "hf_subset": "kor-kor",
        "languages": [
          "kor-Hang",
          "kor-Hang"
        ],
        "main_score": 0.37371,
        "map_at_1": 0.19952,
        "map_at_10": 0.32266,
        "map_at_100": 0.33694,
        "map_at_1000": 0.33813,
        "map_at_20": 0.32958,
        "map_at_3": 0.28349,
        "map_at_5": 0.30785,
        "mrr_at_1": 0.287462,
        "mrr_at_10": 0.362516,
        "mrr_at_100": 0.373591,
        "mrr_at_1000": 0.37437,
        "mrr_at_20": 0.368034,
        "mrr_at_3": 0.339704,
        "mrr_at_5": 0.352013,
        "nauc_map_at_1000_diff1": 0.464442,
        "nauc_map_at_1000_max": 0.114795,
        "nauc_map_at_1000_std": -0.321695,
        "nauc_map_at_100_diff1": 0.463898,
        "nauc_map_at_100_max": 0.115219,
        "nauc_map_at_100_std": -0.320976,
        "nauc_map_at_10_diff1": 0.46506,
        "nauc_map_at_10_max": 0.109647,
        "nauc_map_at_10_std": -0.328964,
        "nauc_map_at_1_diff1": 0.550397,
        "nauc_map_at_1_max": 0.125884,
        "nauc_map_at_1_std": -0.287337,
        "nauc_map_at_20_diff1": 0.464258,
        "nauc_map_at_20_max": 0.110614,
        "nauc_map_at_20_std": -0.327671,
        "nauc_map_at_3_diff1": 0.4709,
        "nauc_map_at_3_max": 0.103384,
        "nauc_map_at_3_std": -0.316943,
        "nauc_map_at_5_diff1": 0.466164,
        "nauc_map_at_5_max": 0.107009,
        "nauc_map_at_5_std": -0.327735,
        "nauc_mrr_at_1000_diff1": 0.495178,
        "nauc_mrr_at_1000_max": 0.115384,
        "nauc_mrr_at_1000_std": -0.332969,
        "nauc_mrr_at_100_diff1": 0.495006,
        "nauc_mrr_at_100_max": 0.115918,
        "nauc_mrr_at_100_std": -0.332226,
        "nauc_mrr_at_10_diff1": 0.494508,
        "nauc_mrr_at_10_max": 0.111255,
        "nauc_mrr_at_10_std": -0.339136,
        "nauc_mrr_at_1_diff1": 0.529583,
        "nauc_mrr_at_1_max": 0.136209,
        "nauc_mrr_at_1_std": -0.330373,
        "nauc_mrr_at_20_diff1": 0.494548,
        "nauc_mrr_at_20_max": 0.112515,
        "nauc_mrr_at_20_std": -0.336689,
        "nauc_mrr_at_3_diff1": 0.493831,
        "nauc_mrr_at_3_max": 0.101493,
        "nauc_mrr_at_3_std": -0.343466,
        "nauc_mrr_at_5_diff1": 0.495945,
        "nauc_mrr_at_5_max": 0.10845,
        "nauc_mrr_at_5_std": -0.341033,
        "nauc_ndcg_at_1000_diff1": 0.467162,
        "nauc_ndcg_at_1000_max": 0.123597,
        "nauc_ndcg_at_1000_std": -0.310239,
        "nauc_ndcg_at_100_diff1": 0.458075,
        "nauc_ndcg_at_100_max": 0.139247,
        "nauc_ndcg_at_100_std": -0.283985,
        "nauc_ndcg_at_10_diff1": 0.458862,
        "nauc_ndcg_at_10_max": 0.103449,
        "nauc_ndcg_at_10_std": -0.336821,
        "nauc_ndcg_at_1_diff1": 0.529583,
        "nauc_ndcg_at_1_max": 0.136799,
        "nauc_ndcg_at_1_std": -0.331132,
        "nauc_ndcg_at_20_diff1": 0.457505,
        "nauc_ndcg_at_20_max": 0.106151,
        "nauc_ndcg_at_20_std": -0.330972,
        "nauc_ndcg_at_3_diff1": 0.460548,
        "nauc_ndcg_at_3_max": 0.085952,
        "nauc_ndcg_at_3_std": -0.331835,
        "nauc_ndcg_at_5_diff1": 0.460654,
        "nauc_ndcg_at_5_max": 0.097541,
        "nauc_ndcg_at_5_std": -0.336342,
        "nauc_precision_at_1000_diff1": 0.033229,
        "nauc_precision_at_1000_max": 0.095354,
        "nauc_precision_at_1000_std": -0.009488,
        "nauc_precision_at_100_diff1": 0.111375,
        "nauc_precision_at_100_max": 0.175714,
        "nauc_precision_at_100_std": 0.003886,
        "nauc_precision_at_10_diff1": 0.25578,
        "nauc_precision_at_10_max": 0.078754,
        "nauc_precision_at_10_std": -0.290046,
        "nauc_precision_at_1_diff1": 0.529583,
        "nauc_precision_at_1_max": 0.136799,
        "nauc_precision_at_1_std": -0.331132,
        "nauc_precision_at_20_diff1": 0.218032,
        "nauc_precision_at_20_max": 0.080112,
        "nauc_precision_at_20_std": -0.24641,
        "nauc_precision_at_3_diff1": 0.312559,
        "nauc_precision_at_3_max": 0.072522,
        "nauc_precision_at_3_std": -0.316476,
        "nauc_precision_at_5_diff1": 0.280765,
        "nauc_precision_at_5_max": 0.077241,
        "nauc_precision_at_5_std": -0.30443,
        "nauc_recall_at_1000_diff1": NaN,
        "nauc_recall_at_1000_max": NaN,
        "nauc_recall_at_1000_std": NaN,
        "nauc_recall_at_100_diff1": 0.357225,
        "nauc_recall_at_100_max": 0.310614,
        "nauc_recall_at_100_std": 0.036335,
        "nauc_recall_at_10_diff1": 0.396496,
        "nauc_recall_at_10_max": 0.081716,
        "nauc_recall_at_10_std": -0.331446,
        "nauc_recall_at_1_diff1": 0.550397,
        "nauc_recall_at_1_max": 0.125884,
        "nauc_recall_at_1_std": -0.287337,
        "nauc_recall_at_20_diff1": 0.388099,
        "nauc_recall_at_20_max": 0.086067,
        "nauc_recall_at_20_std": -0.310758,
        "nauc_recall_at_3_diff1": 0.408502,
        "nauc_recall_at_3_max": 0.049334,
        "nauc_recall_at_3_std": -0.319869,
        "nauc_recall_at_5_diff1": 0.403446,
        "nauc_recall_at_5_max": 0.067404,
        "nauc_recall_at_5_std": -0.332977,
        "ndcg_at_1": 0.28746,
        "ndcg_at_10": 0.37371,
        "ndcg_at_100": 0.44235,
        "ndcg_at_1000": 0.47117,
        "ndcg_at_20": 0.39627,
        "ndcg_at_3": 0.31517,
        "ndcg_at_5": 0.34389,
        "precision_at_1": 0.28746,
        "precision_at_10": 0.07783,
        "precision_at_100": 0.01263,
        "precision_at_1000": 0.00156,
        "precision_at_20": 0.04518,
        "precision_at_3": 0.17737,
        "precision_at_5": 0.13089,
        "recall_at_1": 0.19952,
        "recall_at_10": 0.48591,
        "recall_at_100": 0.78682,
        "recall_at_1000": 1.0,
        "recall_at_20": 0.56636,
        "recall_at_3": 0.33629,
        "recall_at_5": 0.4039
      },
      {
        "hf_subset": "eng-kor",
        "languages": [
          "eng-Latn",
          "kor-Hang"
        ],
        "main_score": 0.33915,
        "map_at_1": 0.16577,
        "map_at_10": 0.28601,
        "map_at_100": 0.30486,
        "map_at_1000": 0.30666,
        "map_at_20": 0.29596,
        "map_at_3": 0.2399,
        "map_at_5": 0.26884,
        "mrr_at_1": 0.282875,
        "mrr_at_10": 0.346217,
        "mrr_at_100": 0.3574,
        "mrr_at_1000": 0.358267,
        "mrr_at_20": 0.352031,
        "mrr_at_3": 0.318298,
        "mrr_at_5": 0.33397,
        "nauc_map_at_1000_diff1": 0.448628,
        "nauc_map_at_1000_max": 0.18686,
        "nauc_map_at_1000_std": -0.23781,
        "nauc_map_at_100_diff1": 0.448569,
        "nauc_map_at_100_max": 0.185652,
        "nauc_map_at_100_std": -0.239149,
        "nauc_map_at_10_diff1": 0.448331,
        "nauc_map_at_10_max": 0.18399,
        "nauc_map_at_10_std": -0.245213,
        "nauc_map_at_1_diff1": 0.466955,
        "nauc_map_at_1_max": 0.163054,
        "nauc_map_at_1_std": -0.197834,
        "nauc_map_at_20_diff1": 0.450435,
        "nauc_map_at_20_max": 0.185552,
        "nauc_map_at_20_std": -0.24064,
        "nauc_map_at_3_diff1": 0.463717,
        "nauc_map_at_3_max": 0.189646,
        "nauc_map_at_3_std": -0.228962,
        "nauc_map_at_5_diff1": 0.449223,
        "nauc_map_at_5_max": 0.190867,
        "nauc_map_at_5_std": -0.233248,
        "nauc_mrr_at_1000_diff1": 0.445923,
        "nauc_mrr_at_1000_max": 0.176503,
        "nauc_mrr_at_1000_std": -0.232626,
        "nauc_mrr_at_100_diff1": 0.445699,
        "nauc_mrr_at_100_max": 0.176375,
        "nauc_mrr_at_100_std": -0.23252,
        "nauc_mrr_at_10_diff1": 0.448182,
        "nauc_mrr_at_10_max": 0.176533,
        "nauc_mrr_at_10_std": -0.236647,
        "nauc_mrr_at_1_diff1": 0.46369,
        "nauc_mrr_at_1_max": 0.189031,
        "nauc_mrr_at_1_std": -0.234624,
        "nauc_mrr_at_20_diff1": 0.446922,
        "nauc_mrr_at_20_max": 0.176377,
        "nauc_mrr_at_20_std": -0.234595,