{
  "dataset_revision": "75b399394a9803252cfec289d103de462763db7c",
  "task_name": "BelebeleRetrieval",
  "mteb_version": "1.14.15",
  "scores": {
    "test": [
      {
        "hf_subset": "kor_Hang-kor_Hang",
        "languages": [
          "kor-Hang",
          "kor-Hang"
        ],
        "main_score": 0.81636,
        "map_at_1": 0.71111,
        "map_at_10": 0.78502,
        "map_at_100": 0.78852,
        "map_at_1000": 0.78858,
        "map_at_20": 0.78742,
        "map_at_3": 0.77278,
        "map_at_5": 0.78217,
        "mrr_at_1": 0.711111,
        "mrr_at_10": 0.785019,
        "mrr_at_100": 0.788515,
        "mrr_at_1000": 0.788584,
        "mrr_at_20": 0.787422,
        "mrr_at_3": 0.772778,
        "mrr_at_5": 0.782167,
        "nauc_map_at_1000_diff1": 0.74601,
        "nauc_map_at_1000_max": 0.669181,
        "nauc_map_at_1000_std": 0.125511,
        "nauc_map_at_100_diff1": 0.745954,
        "nauc_map_at_100_max": 0.669189,
        "nauc_map_at_100_std": 0.12558,
        "nauc_map_at_10_diff1": 0.74306,
        "nauc_map_at_10_max": 0.668437,
        "nauc_map_at_10_std": 0.126743,
        "nauc_map_at_1_diff1": 0.783492,
        "nauc_map_at_1_max": 0.661543,
        "nauc_map_at_1_std": 0.099696,
        "nauc_map_at_20_diff1": 0.74564,
        "nauc_map_at_20_max": 0.669952,
        "nauc_map_at_20_std": 0.126869,
        "nauc_map_at_3_diff1": 0.741216,
        "nauc_map_at_3_max": 0.667317,
        "nauc_map_at_3_std": 0.127686,
        "nauc_map_at_5_diff1": 0.741573,
        "nauc_map_at_5_max": 0.66623,
        "nauc_map_at_5_std": 0.125596,
        "nauc_mrr_at_1000_diff1": 0.74601,
        "nauc_mrr_at_1000_max": 0.669181,
        "nauc_mrr_at_1000_std": 0.125511,
        "nauc_mrr_at_100_diff1": 0.745954,
        "nauc_mrr_at_100_max": 0.669189,
        "nauc_mrr_at_100_std": 0.12558,
        "nauc_mrr_at_10_diff1": 0.74306,
        "nauc_mrr_at_10_max": 0.668437,
        "nauc_mrr_at_10_std": 0.126743,
        "nauc_mrr_at_1_diff1": 0.783492,
        "nauc_mrr_at_1_max": 0.661543,
        "nauc_mrr_at_1_std": 0.099696,
        "nauc_mrr_at_20_diff1": 0.74564,
        "nauc_mrr_at_20_max": 0.669952,
        "nauc_mrr_at_20_std": 0.126869,
        "nauc_mrr_at_3_diff1": 0.741216,
        "nauc_mrr_at_3_max": 0.667317,
        "nauc_mrr_at_3_std": 0.127686,
        "nauc_mrr_at_5_diff1": 0.741573,
        "nauc_mrr_at_5_max": 0.66623,
        "nauc_mrr_at_5_std": 0.125596,
        "nauc_ndcg_at_1000_diff1": 0.740388,
        "nauc_ndcg_at_1000_max": 0.67115,
        "nauc_ndcg_at_1000_std": 0.131475,
        "nauc_ndcg_at_100_diff1": 0.738528,
        "nauc_ndcg_at_100_max": 0.671244,
        "nauc_ndcg_at_100_std": 0.132241,
        "nauc_ndcg_at_10_diff1": 0.727322,
        "nauc_ndcg_at_10_max": 0.671793,
        "nauc_ndcg_at_10_std": 0.142057,
        "nauc_ndcg_at_1_diff1": 0.783492,
        "nauc_ndcg_at_1_max": 0.661543,
        "nauc_ndcg_at_1_std": 0.099696,
        "nauc_ndcg_at_20_diff1": 0.737035,
        "nauc_ndcg_at_20_max": 0.677963,
        "nauc_ndcg_at_20_std": 0.144199,
        "nauc_ndcg_at_3_diff1": 0.724247,
        "nauc_ndcg_at_3_max": 0.667543,
        "nauc_ndcg_at_3_std": 0.140528,
        "nauc_ndcg_at_5_diff1": 0.723805,
        "nauc_ndcg_at_5_max": 0.665008,
        "nauc_ndcg_at_5_std": 0.136864,
        "nauc_precision_at_1000_diff1": NaN,
        "nauc_precision_at_1000_max": NaN,
        "nauc_precision_at_1000_std": NaN,
        "nauc_precision_at_100_diff1": 0.572946,
        "nauc_precision_at_100_max": 0.676937,
        "nauc_precision_at_100_std": 0.16939,
        "nauc_precision_at_10_diff1": 0.631186,
        "nauc_precision_at_10_max": 0.697095,
        "nauc_precision_at_10_std": 0.245388,
        "nauc_precision_at_1_diff1": 0.783492,
        "nauc_precision_at_1_max": 0.661543,
        "nauc_precision_at_1_std": 0.099696,
        "nauc_precision_at_20_diff1": 0.681232,
        "nauc_precision_at_20_max": 0.777927,
        "nauc_precision_at_20_std": 0.334099,
        "nauc_precision_at_3_diff1": 0.65542,
        "nauc_precision_at_3_max": 0.66756,
        "nauc_precision_at_3_std": 0.193311,
        "nauc_precision_at_5_diff1": 0.632057,
        "nauc_precision_at_5_max": 0.656425,
        "nauc_precision_at_5_std": 0.194547,
        "nauc_recall_at_1000_diff1": NaN,
        "nauc_recall_at_1000_max": NaN,
        "nauc_recall_at_1000_std": NaN,
        "nauc_recall_at_100_diff1": 0.572946,
        "nauc_recall_at_100_max": 0.676937,
        "nauc_recall_at_100_std": 0.16939,
        "nauc_recall_at_10_diff1": 0.631186,
        "nauc_recall_at_10_max": 0.697095,
        "nauc_recall_at_10_std": 0.245388,
        "nauc_recall_at_1_diff1": 0.783492,
        "nauc_recall_at_1_max": 0.661543,
        "nauc_recall_at_1_std": 0.099696,
        "nauc_recall_at_20_diff1": 0.681232,
        "nauc_recall_at_20_max": 0.777927,
        "nauc_recall_at_20_std": 0.334099,
        "nauc_recall_at_3_diff1": 0.65542,
        "nauc_recall_at_3_max": 0.66756,
        "nauc_recall_at_3_std": 0.193311,
        "nauc_recall_at_5_diff1": 0.632057,
        "nauc_recall_at_5_max": 0.656425,
        "nauc_recall_at_5_std": 0.194547,
        "ndcg_at_1": 0.71111,
        "ndcg_at_10": 0.81636,
        "ndcg_at_100": 0.83256,
        "ndcg_at_1000": 0.83428,
        "ndcg_at_20": 0.82472,
        "ndcg_at_3": 0.79237,
        "ndcg_at_5": 0.80929,
        "precision_at_1": 0.71111,
        "precision_at_10": 0.09122,
        "precision_at_100": 0.00987,
        "precision_at_1000": 0.001,
        "precision_at_20": 0.04722,
        "precision_at_3": 0.28296,
        "precision_at_5": 0.178,
        "recall_at_1": 0.71111,
        "recall_at_10": 0.91222,
        "recall_at_100": 0.98667,
        "recall_at_1000": 1.0,
        "recall_at_20": 0.94444,
        "recall_at_3": 0.84889,
        "recall_at_5": 0.89
      },
      {
        "hf_subset": "kor_Hang-eng_Latn",
        "languages": [
          "kor-Hang",
          "eng-Latn"
        ],
        "main_score": 0.38503,
        "map_at_1": 0.25111,
        "map_at_10": 0.33623,
        "map_at_100": 0.34861,
        "map_at_1000": 0.34944,
        "map_at_20": 0.34335,
        "map_at_3": 0.3087,
        "map_at_5": 0.32426,
        "mrr_at_1": 0.251111,
        "mrr_at_10": 0.336234,
        "mrr_at_100": 0.348607,
        "mrr_at_1000": 0.349435,
        "mrr_at_20": 0.343353,
        "mrr_at_3": 0.308704,
        "mrr_at_5": 0.324259,
        "nauc_map_at_1000_diff1": 0.415457,
        "nauc_map_at_1000_max": 0.415831,
        "nauc_map_at_1000_std": 0.178885,
        "nauc_map_at_100_diff1": 0.415233,
        "nauc_map_at_100_max": 0.416006,
        "nauc_map_at_100_std": 0.179352,
        "nauc_map_at_10_diff1": 0.415104,
        "nauc_map_at_10_max": 0.41571,
        "nauc_map_at_10_std": 0.176536,
        "nauc_map_at_1_diff1": 0.455421,
        "nauc_map_at_1_max": 0.421547,
        "nauc_map_at_1_std": 0.160453,
        "nauc_map_at_20_diff1": 0.414007,
        "nauc_map_at_20_max": 0.415925,
        "nauc_map_at_20_std": 0.180588,
        "nauc_map_at_3_diff1": 0.425624,
        "nauc_map_at_3_max": 0.414713,
        "nauc_map_at_3_std": 0.163813,
        "nauc_map_at_5_diff1": 0.421233,
        "nauc_map_at_5_max": 0.415868,
        "nauc_map_at_5_std": 0.172577,
        "nauc_mrr_at_1000_diff1": 0.415457,
        "nauc_mrr_at_1000_max": 0.415831,
        "nauc_mrr_at_1000_std": 0.178885,
        "nauc_mrr_at_100_diff1": 0.415233,
        "nauc_mrr_at_100_max": 0.416006,
        "nauc_mrr_at_100_std": 0.179352,
        "nauc_mrr_at_10_diff1": 0.415104,
        "nauc_mrr_at_10_max": 0.41571,
        "nauc_mrr_at_10_std": 0.176536,
        "nauc_mrr_at_1_diff1": 0.455421,
        "nauc_mrr_at_1_max": 0.421547,
        "nauc_mrr_at_1_std": 0.160453,
        "nauc_mrr_at_20_diff1": 0.414007,
        "nauc_mrr_at_20_max": 0.415925,
        "nauc_mrr_at_20_std": 0.180588,
        "nauc_mrr_at_3_diff1": 0.425624,