{
  "dataset_revision": "main",
  "task_name": "MIRACLRetrieval",
  "mteb_version": "1.14.15",
  "scores": {
    "dev": [
      {
        "hf_subset": "ko",
        "languages": [
          "kor-Kore"
        ],
        "main_score": 0.36698,
        "map_at_1": 0.19445,
        "map_at_10": 0.28928,
        "map_at_100": 0.30966,
        "map_at_1000": 0.31195,
        "map_at_20": 0.29975,
        "map_at_3": 0.24441,
        "map_at_5": 0.27145,
        "mrr_at_1": 0.28169,
        "mrr_at_10": 0.396026,
        "mrr_at_100": 0.40427,
        "mrr_at_1000": 0.40452,
        "mrr_at_20": 0.401738,
        "mrr_at_3": 0.3482,
        "mrr_at_5": 0.380595,
        "nauc_map_at_1000_diff1": 0.408481,
        "nauc_map_at_1000_max": 0.291402,
        "nauc_map_at_1000_std": -0.106308,
        "nauc_map_at_100_diff1": 0.407427,
        "nauc_map_at_100_max": 0.289754,
        "nauc_map_at_100_std": -0.110635,
        "nauc_map_at_10_diff1": 0.412112,
        "nauc_map_at_10_max": 0.289427,
        "nauc_map_at_10_std": -0.122851,
        "nauc_map_at_1_diff1": 0.476105,
        "nauc_map_at_1_max": 0.311957,
        "nauc_map_at_1_std": -0.145225,
        "nauc_map_at_20_diff1": 0.405908,
        "nauc_map_at_20_max": 0.282012,
        "nauc_map_at_20_std": -0.120511,
        "nauc_map_at_3_diff1": 0.440838,
        "nauc_map_at_3_max": 0.304942,
        "nauc_map_at_3_std": -0.138215,
        "nauc_map_at_5_diff1": 0.418017,
        "nauc_map_at_5_max": 0.302567,
        "nauc_map_at_5_std": -0.133019,
        "nauc_mrr_at_1000_diff1": 0.411341,
        "nauc_mrr_at_1000_max": 0.31255,
        "nauc_mrr_at_1000_std": 0.044175,
        "nauc_mrr_at_100_diff1": 0.411199,
        "nauc_mrr_at_100_max": 0.312583,
        "nauc_mrr_at_100_std": 0.044483,
        "nauc_mrr_at_10_diff1": 0.412126,
        "nauc_mrr_at_10_max": 0.312088,
        "nauc_mrr_at_10_std": 0.04564,
        "nauc_mrr_at_1_diff1": 0.455277,
        "nauc_mrr_at_1_max": 0.322125,
        "nauc_mrr_at_1_std": -0.031824,
        "nauc_mrr_at_20_diff1": 0.411364,
        "nauc_mrr_at_20_max": 0.313429,
        "nauc_mrr_at_20_std": 0.046721,
        "nauc_mrr_at_3_diff1": 0.444805,
        "nauc_mrr_at_3_max": 0.298191,
        "nauc_mrr_at_3_std": 0.008714,
        "nauc_mrr_at_5_diff1": 0.416377,
        "nauc_mrr_at_5_max": 0.312693,
        "nauc_mrr_at_5_std": 0.026265,
        "nauc_ndcg_at_1000_diff1": 0.38205,
        "nauc_ndcg_at_1000_max": 0.3092,
        "nauc_ndcg_at_1000_std": 0.016782,
        "nauc_ndcg_at_100_diff1": 0.368664,
        "nauc_ndcg_at_100_max": 0.285377,
        "nauc_ndcg_at_100_std": -0.021194,
        "nauc_ndcg_at_10_diff1": 0.380572,
        "nauc_ndcg_at_10_max": 0.272095,
        "nauc_ndcg_at_10_std": -0.070594,
        "nauc_ndcg_at_1_diff1": 0.455277,
        "nauc_ndcg_at_1_max": 0.322125,
        "nauc_ndcg_at_1_std": -0.031824,
        "nauc_ndcg_at_20_diff1": 0.361756,
        "nauc_ndcg_at_20_max": 0.254542,
        "nauc_ndcg_at_20_std": -0.063497,
        "nauc_ndcg_at_3_diff1": 0.432041,
        "nauc_ndcg_at_3_max": 0.286772,
        "nauc_ndcg_at_3_std": -0.071585,
        "nauc_ndcg_at_5_diff1": 0.397488,
        "nauc_ndcg_at_5_max": 0.296775,
        "nauc_ndcg_at_5_std": -0.077797,
        "nauc_precision_at_1000_diff1": 0.021861,
        "nauc_precision_at_1000_max": 0.170026,
        "nauc_precision_at_1000_std": 0.507716,
        "nauc_precision_at_100_diff1": 0.002616,
        "nauc_precision_at_100_max": 0.132057,
        "nauc_precision_at_100_std": 0.423621,
        "nauc_precision_at_10_diff1": 0.15965,
        "nauc_precision_at_10_max": 0.147333,
        "nauc_precision_at_10_std": 0.215651,
        "nauc_precision_at_1_diff1": 0.455277,
        "nauc_precision_at_1_max": 0.322125,
        "nauc_precision_at_1_std": -0.031824,
        "nauc_precision_at_20_diff1": 0.070174,
        "nauc_precision_at_20_max": 0.059337,
        "nauc_precision_at_20_std": 0.265478,
        "nauc_precision_at_3_diff1": 0.377242,
        "nauc_precision_at_3_max": 0.247362,
        "nauc_precision_at_3_std": 0.033444,
        "nauc_precision_at_5_diff1": 0.229768,
        "nauc_precision_at_5_max": 0.218895,
        "nauc_precision_at_5_std": 0.106904,
        "nauc_recall_at_1000_diff1": 0.049802,
        "nauc_recall_at_1000_max": 0.290363,
        "nauc_recall_at_1000_std": 0.481766,
        "nauc_recall_at_100_diff1": 0.122918,
        "nauc_recall_at_100_max": 0.131684,
        "nauc_recall_at_100_std": 0.037372,
        "nauc_recall_at_10_diff1": 0.260047,
        "nauc_recall_at_10_max": 0.179197,
        "nauc_recall_at_10_std": -0.083463,
        "nauc_recall_at_1_diff1": 0.476105,
        "nauc_recall_at_1_max": 0.311957,
        "nauc_recall_at_1_std": -0.145225,
        "nauc_recall_at_20_diff1": 0.164288,
        "nauc_recall_at_20_max": 0.092928,
        "nauc_recall_at_20_std": -0.082932,
        "nauc_recall_at_3_diff1": 0.376587,
        "nauc_recall_at_3_max": 0.252913,
        "nauc_recall_at_3_std": -0.12342,
        "nauc_recall_at_5_diff1": 0.298946,
        "nauc_recall_at_5_max": 0.252335,
        "nauc_recall_at_5_std": -0.110152,
        "ndcg_at_1": 0.28169,
        "ndcg_at_10": 0.36698,
        "ndcg_at_100": 0.44518,
        "ndcg_at_1000": 0.47453,
        "ndcg_at_20": 0.39691,
        "ndcg_at_3": 0.29756,
        "ndcg_at_5": 0.33325,
        "precision_at_1": 0.28169,
        "precision_at_10": 0.09484,
        "precision_at_100": 0.0184,
        "precision_at_1000": 0.00243,
        "precision_at_20": 0.06009,
        "precision_at_3": 0.16432,
        "precision_at_5": 0.14085,
        "recall_at_1": 0.19445,
        "recall_at_10": 0.48427,
        "recall_at_100": 0.7644,
        "recall_at_1000": 0.92632,
        "recall_at_20": 0.57682,
        "recall_at_3": 0.29714,
        "recall_at_5": 0.39071
      }
    ]
  },
  "evaluation_time": 5007.702170610428,
  "kg_co2_emissions": null
}