{
  "dataset_revision": "fc24a3ce8f09746410daee3d5cd823ff7a0675b7",
  "task_name": "MrTidyRetrieval",
  "mteb_version": "1.14.15",
  "scores": {
    "test": [
      {
        "hf_subset": "korean",
        "languages": [
          "kor-Kore"
        ],
        "main_score": 0.29475,
        "map_at_1": 0.15994,
        "map_at_10": 0.24016,
        "map_at_100": 0.25386,
        "map_at_1000": 0.2545,
        "map_at_20": 0.24889,
        "map_at_3": 0.21002,
        "map_at_5": 0.22369,
        "mrr_at_1": 0.171021,
        "mrr_at_10": 0.2549,
        "mrr_at_100": 0.26794,
        "mrr_at_1000": 0.268473,
        "mrr_at_20": 0.263919,
        "mrr_at_3": 0.225257,
        "mrr_at_5": 0.238678,
        "nauc_map_at_1000_diff1": 0.283274,
        "nauc_map_at_1000_max": 0.301618,
        "nauc_map_at_1000_std": 0.04625,
        "nauc_map_at_100_diff1": 0.283515,
        "nauc_map_at_100_max": 0.301735,
        "nauc_map_at_100_std": 0.046188,
        "nauc_map_at_10_diff1": 0.287367,
        "nauc_map_at_10_max": 0.296188,
        "nauc_map_at_10_std": 0.035222,
        "nauc_map_at_1_diff1": 0.353232,
        "nauc_map_at_1_max": 0.311415,
        "nauc_map_at_1_std": -0.001797,
        "nauc_map_at_20_diff1": 0.283418,
        "nauc_map_at_20_max": 0.302111,
        "nauc_map_at_20_std": 0.043099,
        "nauc_map_at_3_diff1": 0.299651,
        "nauc_map_at_3_max": 0.285768,
        "nauc_map_at_3_std": 0.02136,
        "nauc_map_at_5_diff1": 0.290076,
        "nauc_map_at_5_max": 0.294325,
        "nauc_map_at_5_std": 0.029069,
        "nauc_mrr_at_1000_diff1": 0.282766,
        "nauc_mrr_at_1000_max": 0.291214,
        "nauc_mrr_at_1000_std": 0.038674,
        "nauc_mrr_at_100_diff1": 0.282958,
        "nauc_mrr_at_100_max": 0.291228,
        "nauc_mrr_at_100_std": 0.038493,
        "nauc_mrr_at_10_diff1": 0.285916,
        "nauc_mrr_at_10_max": 0.285927,
        "nauc_mrr_at_10_std": 0.030109,
        "nauc_mrr_at_1_diff1": 0.355407,
        "nauc_mrr_at_1_max": 0.291638,
        "nauc_mrr_at_1_std": 0.000505,
        "nauc_mrr_at_20_diff1": 0.282698,
        "nauc_mrr_at_20_max": 0.291718,
        "nauc_mrr_at_20_std": 0.037131,
        "nauc_mrr_at_3_diff1": 0.297719,
        "nauc_mrr_at_3_max": 0.278429,
        "nauc_mrr_at_3_std": 0.018894,
        "nauc_mrr_at_5_diff1": 0.288363,
        "nauc_mrr_at_5_max": 0.281616,
        "nauc_mrr_at_5_std": 0.024304,
        "nauc_ndcg_at_1000_diff1": 0.243076,
        "nauc_ndcg_at_1000_max": 0.30428,
        "nauc_ndcg_at_1000_std": 0.092567,
        "nauc_ndcg_at_100_diff1": 0.245923,
        "nauc_ndcg_at_100_max": 0.304834,
        "nauc_ndcg_at_100_std": 0.090159,
        "nauc_ndcg_at_10_diff1": 0.261447,
        "nauc_ndcg_at_10_max": 0.293959,
        "nauc_ndcg_at_10_std": 0.050346,
        "nauc_ndcg_at_1_diff1": 0.355407,
        "nauc_ndcg_at_1_max": 0.291638,
        "nauc_ndcg_at_1_std": 0.000505,
        "nauc_ndcg_at_20_diff1": 0.248574,
        "nauc_ndcg_at_20_max": 0.311512,
        "nauc_ndcg_at_20_std": 0.075184,
        "nauc_ndcg_at_3_diff1": 0.283984,
        "nauc_ndcg_at_3_max": 0.276063,
        "nauc_ndcg_at_3_std": 0.0257,
        "nauc_ndcg_at_5_diff1": 0.267809,
        "nauc_ndcg_at_5_max": 0.28663,
        "nauc_ndcg_at_5_std": 0.037161,
        "nauc_precision_at_1000_diff1": -0.077832,
        "nauc_precision_at_1000_max": 0.133583,
        "nauc_precision_at_1000_std": 0.244963,
        "nauc_precision_at_100_diff1": 0.01769,
        "nauc_precision_at_100_max": 0.204034,
        "nauc_precision_at_100_std": 0.231618,
        "nauc_precision_at_10_diff1": 0.171409,
        "nauc_precision_at_10_max": 0.270809,
        "nauc_precision_at_10_std": 0.111121,
        "nauc_precision_at_1_diff1": 0.355407,
        "nauc_precision_at_1_max": 0.291638,
        "nauc_precision_at_1_std": 0.000505,
        "nauc_precision_at_20_diff1": 0.1052,
        "nauc_precision_at_20_max": 0.30075,
        "nauc_precision_at_20_std": 0.178134,
        "nauc_precision_at_3_diff1": 0.241463,
        "nauc_precision_at_3_max": 0.244592,
        "nauc_precision_at_3_std": 0.043258,
        "nauc_precision_at_5_diff1": 0.193155,
        "nauc_precision_at_5_max": 0.258442,
        "nauc_precision_at_5_std": 0.068431,
        "nauc_recall_at_1000_diff1": -0.086901,
        "nauc_recall_at_1000_max": 0.293083,
        "nauc_recall_at_1000_std": 0.513837,
        "nauc_recall_at_100_diff1": 0.080611,
        "nauc_recall_at_100_max": 0.297184,
        "nauc_recall_at_100_std": 0.295958,
        "nauc_recall_at_10_diff1": 0.192108,
        "nauc_recall_at_10_max": 0.287823,
        "nauc_recall_at_10_std": 0.088574,
        "nauc_recall_at_1_diff1": 0.353232,
        "nauc_recall_at_1_max": 0.311415,
        "nauc_recall_at_1_std": -0.001797,
        "nauc_recall_at_20_diff1": 0.14136,
        "nauc_recall_at_20_max": 0.341901,
        "nauc_recall_at_20_std": 0.177487,
        "nauc_recall_at_3_diff1": 0.243674,
        "nauc_recall_at_3_max": 0.251345,
        "nauc_recall_at_3_std": 0.037216,
        "nauc_recall_at_5_diff1": 0.209966,
        "nauc_recall_at_5_max": 0.268442,
        "nauc_recall_at_5_std": 0.058341,
        "ndcg_at_1": 0.17102,
        "ndcg_at_10": 0.29475,
        "ndcg_at_100": 0.35874,
        "ndcg_at_1000": 0.3762,
        "ndcg_at_20": 0.32582,
        "ndcg_at_3": 0.23167,
        "ndcg_at_5": 0.25587,
        "precision_at_1": 0.17102,
        "precision_at_10": 0.05131,
        "precision_at_100": 0.00853,
        "precision_at_1000": 0.00101,
        "precision_at_20": 0.03242,
        "precision_at_3": 0.10214,
        "precision_at_5": 0.07506,
        "recall_at_1": 0.15994,
        "recall_at_10": 0.4521,
        "recall_at_100": 0.73872,
        "recall_at_1000": 0.8749,
        "recall_at_20": 0.56968,
        "recall_at_3": 0.28029,
        "recall_at_5": 0.3369
      }
    ]
  },
  "evaluation_time": 5739.109238862991,
  "kg_co2_emissions": null
}