{
  "dataset_revision": "d67138e705d963e346253a80e59676ddb418810a",
  "task_name": "MultiLongDocRetrieval",
  "mteb_version": "1.14.15",
  "scores": {
    "dev": [
      {
        "hf_subset": "ko",
        "languages": [
          "kor-Hang"
        ],
        "main_score": 0.20416,
        "map_at_1": 0.135,
        "map_at_10": 0.17894,
        "map_at_100": 0.18859,
        "map_at_1000": 0.18957,
        "map_at_20": 0.18362,
        "map_at_3": 0.1625,
        "map_at_5": 0.1735,
        "mrr_at_1": 0.135,
        "mrr_at_10": 0.17894,
        "mrr_at_100": 0.18859,
        "mrr_at_1000": 0.18957,
        "mrr_at_20": 0.183625,
        "mrr_at_3": 0.1625,
        "mrr_at_5": 0.1735,
        "nauc_map_at_1000_diff1": 0.281004,
        "nauc_map_at_1000_max": 0.244886,
        "nauc_map_at_1000_std": 0.022598,
        "nauc_map_at_100_diff1": 0.281868,
        "nauc_map_at_100_max": 0.244137,
        "nauc_map_at_100_std": 0.022166,
        "nauc_map_at_10_diff1": 0.288191,
        "nauc_map_at_10_max": 0.24671,
        "nauc_map_at_10_std": 0.014692,
        "nauc_map_at_1_diff1": 0.320186,
        "nauc_map_at_1_max": 0.254311,
        "nauc_map_at_1_std": 0.008844,
        "nauc_map_at_20_diff1": 0.283117,
        "nauc_map_at_20_max": 0.243453,
        "nauc_map_at_20_std": 0.01809,
        "nauc_map_at_3_diff1": 0.27856,
        "nauc_map_at_3_max": 0.259372,
        "nauc_map_at_3_std": 0.017637,
        "nauc_map_at_5_diff1": 0.288119,
        "nauc_map_at_5_max": 0.259537,
        "nauc_map_at_5_std": 0.024597,
        "nauc_mrr_at_1000_diff1": 0.281004,
        "nauc_mrr_at_1000_max": 0.244886,
        "nauc_mrr_at_1000_std": 0.022598,
        "nauc_mrr_at_100_diff1": 0.281868,
        "nauc_mrr_at_100_max": 0.244137,
        "nauc_mrr_at_100_std": 0.022166,
        "nauc_mrr_at_10_diff1": 0.288191,
        "nauc_mrr_at_10_max": 0.24671,
        "nauc_mrr_at_10_std": 0.014692,
        "nauc_mrr_at_1_diff1": 0.320186,
        "nauc_mrr_at_1_max": 0.254311,
        "nauc_mrr_at_1_std": 0.008844,
        "nauc_mrr_at_20_diff1": 0.283117,
        "nauc_mrr_at_20_max": 0.243453,
        "nauc_mrr_at_20_std": 0.01809,
        "nauc_mrr_at_3_diff1": 0.27856,
        "nauc_mrr_at_3_max": 0.259372,
        "nauc_mrr_at_3_std": 0.017637,
        "nauc_mrr_at_5_diff1": 0.288119,
        "nauc_mrr_at_5_max": 0.259537,
        "nauc_mrr_at_5_std": 0.024597,
        "nauc_ndcg_at_1000_diff1": 0.242433,
        "nauc_ndcg_at_1000_max": 0.260844,
        "nauc_ndcg_at_1000_std": 0.073999,
        "nauc_ndcg_at_100_diff1": 0.261987,
        "nauc_ndcg_at_100_max": 0.233884,
        "nauc_ndcg_at_100_std": 0.060944,
        "nauc_ndcg_at_10_diff1": 0.285729,
        "nauc_ndcg_at_10_max": 0.234371,
        "nauc_ndcg_at_10_std": 0.013418,
        "nauc_ndcg_at_1_diff1": 0.320186,
        "nauc_ndcg_at_1_max": 0.254311,
        "nauc_ndcg_at_1_std": 0.008844,
        "nauc_ndcg_at_20_diff1": 0.27044,
        "nauc_ndcg_at_20_max": 0.224102,
        "nauc_ndcg_at_20_std": 0.02672,
        "nauc_ndcg_at_3_diff1": 0.265467,
        "nauc_ndcg_at_3_max": 0.25922,
        "nauc_ndcg_at_3_std": 0.022612,
        "nauc_ndcg_at_5_diff1": 0.283947,
        "nauc_ndcg_at_5_max": 0.260653,
        "nauc_ndcg_at_5_std": 0.034781,
        "nauc_precision_at_1000_diff1": -0.081507,
        "nauc_precision_at_1000_max": 0.54878,
        "nauc_precision_at_1000_std": 0.51699,
        "nauc_precision_at_100_diff1": 0.201059,
        "nauc_precision_at_100_max": 0.220472,
        "nauc_precision_at_100_std": 0.217316,
        "nauc_precision_at_10_diff1": 0.284635,
        "nauc_precision_at_10_max": 0.201947,
        "nauc_precision_at_10_std": 0.007272,
        "nauc_precision_at_1_diff1": 0.320186,
        "nauc_precision_at_1_max": 0.254311,
        "nauc_precision_at_1_std": 0.008844,
        "nauc_precision_at_20_diff1": 0.239469,
        "nauc_precision_at_20_max": 0.172021,
        "nauc_precision_at_20_std": 0.052276,
        "nauc_precision_at_3_diff1": 0.2321,
        "nauc_precision_at_3_max": 0.258415,
        "nauc_precision_at_3_std": 0.03582,
        "nauc_precision_at_5_diff1": 0.276875,
        "nauc_precision_at_5_max": 0.263709,
        "nauc_precision_at_5_std": 0.060849,
        "nauc_recall_at_1000_diff1": -0.081507,
        "nauc_recall_at_1000_max": 0.54878,
        "nauc_recall_at_1000_std": 0.51699,
        "nauc_recall_at_100_diff1": 0.201059,
        "nauc_recall_at_100_max": 0.220472,
        "nauc_recall_at_100_std": 0.217316,
        "nauc_recall_at_10_diff1": 0.284635,
        "nauc_recall_at_10_max": 0.201947,
        "nauc_recall_at_10_std": 0.007272,
        "nauc_recall_at_1_diff1": 0.320186,
        "nauc_recall_at_1_max": 0.254311,
        "nauc_recall_at_1_std": 0.008844,
        "nauc_recall_at_20_diff1": 0.239469,
        "nauc_recall_at_20_max": 0.172021,
        "nauc_recall_at_20_std": 0.052276,
        "nauc_recall_at_3_diff1": 0.2321,
        "nauc_recall_at_3_max": 0.258415,
        "nauc_recall_at_3_std": 0.03582,
        "nauc_recall_at_5_diff1": 0.276875,
        "nauc_recall_at_5_max": 0.263709,
        "nauc_recall_at_5_std": 0.060849,
        "ndcg_at_1": 0.135,
        "ndcg_at_10": 0.20416,
        "ndcg_at_100": 0.25717,
        "ndcg_at_1000": 0.29012,
        "ndcg_at_20": 0.22164,
        "ndcg_at_3": 0.17089,
        "ndcg_at_5": 0.19111,
        "precision_at_1": 0.135,
        "precision_at_10": 0.0285,
        "precision_at_100": 0.00545,
        "precision_at_1000": 0.00082,
        "precision_at_20": 0.01775,
        "precision_at_3": 0.065,
        "precision_at_5": 0.049,
        "recall_at_1": 0.135,
        "recall_at_10": 0.285,
        "recall_at_100": 0.545,
        "recall_at_1000": 0.82,
        "recall_at_20": 0.355,
        "recall_at_3": 0.195,
        "recall_at_5": 0.245
      }
    ],
    "test": [
      {
        "hf_subset": "ko",
        "languages": [
          "kor-Hang"
        ],
        "main_score": 0.21749,
        "map_at_1": 0.15,
        "map_at_10": 0.19059,
        "map_at_100": 0.19693,
        "map_at_1000": 0.19789,
        "map_at_20": 0.1941,
        "map_at_3": 0.17167,
        "map_at_5": 0.18367,
        "mrr_at_1": 0.15,
        "mrr_at_10": 0.190589,
        "mrr_at_100": 0.196929,
        "mrr_at_1000": 0.197893,
        "mrr_at_20": 0.194103,
        "mrr_at_3": 0.171667,
        "mrr_at_5": 0.183667,
        "nauc_map_at_1000_diff1": 0.521863,
        "nauc_map_at_1000_max": 0.370798,
        "nauc_map_at_1000_std": 0.00933,
        "nauc_map_at_100_diff1": 0.522218,
        "nauc_map_at_100_max": 0.370498,
        "nauc_map_at_100_std": 0.009062,
        "nauc_map_at_10_diff1": 0.532096,
        "nauc_map_at_10_max": 0.368188,
        "nauc_map_at_10_std": 0.003056,
        "nauc_map_at_1_diff1": 0.616087,
        "nauc_map_at_1_max": 0.358694,
        "nauc_map_at_1_std": -0.047001,
        "nauc_map_at_20_diff1": 0.524629,
        "nauc_map_at_20_max": 0.370741,
        "nauc_map_at_20_std": 0.003677,
        "nauc_map_at_3_diff1": 0.550065,
        "nauc_map_at_3_max": 0.371253,
        "nauc_map_at_3_std": -0.02759,
        "nauc_map_at_5_diff1": 0.533231,
        "nauc_map_at_5_max": 0.366979,
        "nauc_map_at_5_std": -0.01691,
        "nauc_mrr_at_1000_diff1": 0.521863,
        "nauc_mrr_at_1000_max": 0.370798,
        "nauc_mrr_at_1000_std": 0.00933,
        "nauc_mrr_at_100_diff1": 0.522218,
        "nauc_mrr_at_100_max": 0.370498,
        "nauc_mrr_at_100_std": 0.009062,
        "nauc_mrr_at_10_diff1": 0.532096,
        "nauc_mrr_at_10_max": 0.368188,
        "nauc_mrr_at_10_std": 0.003056,
        "nauc_mrr_at_1_diff1": 0.616087,
        "nauc_mrr_at_1_max": 0.358694,
        "nauc_mrr_at_1_std": -0.047001,
        "nauc_mrr_at_20_diff1": 0.524629,
        "nauc_mrr_at_20_max": 0.370741,
        "nauc_mrr_at_20_std": 0.003677,
        "nauc_mrr_at_3_diff1": 0.550065,
        "nauc_mrr_at_3_max": 0.371253,
        "nauc_mrr_at_3_std": -0.02759,