{
  "dataset_revision": "main",
  "task_name": "PublicHealthQA",
  "mteb_version": "1.14.15",
  "scores": {
    "test": [
      {
        "hf_subset": "korean",
        "languages": [
          "kor-Hang"
        ],
        "main_score": 0.69212,
        "map_at_1": 0.51948,
        "map_at_10": 0.62536,
        "map_at_100": 0.63083,
        "map_at_1000": 0.63083,
        "map_at_20": 0.6294,
        "map_at_3": 0.58658,
        "map_at_5": 0.60087,
        "mrr_at_1": 0.519481,
        "mrr_at_10": 0.625356,
        "mrr_at_100": 0.630831,
        "mrr_at_1000": 0.630831,
        "mrr_at_20": 0.6294,
        "mrr_at_3": 0.58658,
        "mrr_at_5": 0.600866,
        "nauc_map_at_1000_diff1": 0.590454,
        "nauc_map_at_1000_max": 0.1706,
        "nauc_map_at_1000_std": -0.076325,
        "nauc_map_at_100_diff1": 0.590454,
        "nauc_map_at_100_max": 0.1706,
        "nauc_map_at_100_std": -0.076325,
        "nauc_map_at_10_diff1": 0.581061,
        "nauc_map_at_10_max": 0.165288,
        "nauc_map_at_10_std": -0.07756,
        "nauc_map_at_1_diff1": 0.619158,
        "nauc_map_at_1_max": 0.178332,
        "nauc_map_at_1_std": -0.091076,
        "nauc_map_at_20_diff1": 0.588456,
        "nauc_map_at_20_max": 0.170542,
        "nauc_map_at_20_std": -0.073435,
        "nauc_map_at_3_diff1": 0.609009,
        "nauc_map_at_3_max": 0.194539,
        "nauc_map_at_3_std": -0.067954,
        "nauc_map_at_5_diff1": 0.595744,
        "nauc_map_at_5_max": 0.170213,
        "nauc_map_at_5_std": -0.088372,
        "nauc_mrr_at_1000_diff1": 0.590454,
        "nauc_mrr_at_1000_max": 0.1706,
        "nauc_mrr_at_1000_std": -0.076325,
        "nauc_mrr_at_100_diff1": 0.590454,
        "nauc_mrr_at_100_max": 0.1706,
        "nauc_mrr_at_100_std": -0.076325,
        "nauc_mrr_at_10_diff1": 0.581061,
        "nauc_mrr_at_10_max": 0.165288,
        "nauc_mrr_at_10_std": -0.07756,
        "nauc_mrr_at_1_diff1": 0.619158,
        "nauc_mrr_at_1_max": 0.178332,
        "nauc_mrr_at_1_std": -0.091076,
        "nauc_mrr_at_20_diff1": 0.588456,
        "nauc_mrr_at_20_max": 0.170542,
        "nauc_mrr_at_20_std": -0.073435,
        "nauc_mrr_at_3_diff1": 0.609009,
        "nauc_mrr_at_3_max": 0.194539,
        "nauc_mrr_at_3_std": -0.067954,
        "nauc_mrr_at_5_diff1": 0.595744,
        "nauc_mrr_at_5_max": 0.170213,
        "nauc_mrr_at_5_std": -0.088372,
        "nauc_ndcg_at_1000_diff1": 0.583271,
        "nauc_ndcg_at_1000_max": 0.165379,
        "nauc_ndcg_at_1000_std": -0.074079,
        "nauc_ndcg_at_100_diff1": 0.583271,
        "nauc_ndcg_at_100_max": 0.165379,
        "nauc_ndcg_at_100_std": -0.074079,
        "nauc_ndcg_at_10_diff1": 0.541429,
        "nauc_ndcg_at_10_max": 0.14165,
        "nauc_ndcg_at_10_std": -0.071141,
        "nauc_ndcg_at_1_diff1": 0.619158,
        "nauc_ndcg_at_1_max": 0.178332,
        "nauc_ndcg_at_1_std": -0.091076,
        "nauc_ndcg_at_20_diff1": 0.570131,
        "nauc_ndcg_at_20_max": 0.164416,
        "nauc_ndcg_at_20_std": -0.054616,
        "nauc_ndcg_at_3_diff1": 0.606961,
        "nauc_ndcg_at_3_max": 0.198459,
        "nauc_ndcg_at_3_std": -0.061572,
        "nauc_ndcg_at_5_diff1": 0.582074,
        "nauc_ndcg_at_5_max": 0.151905,
        "nauc_ndcg_at_5_std": -0.101892,
        "nauc_precision_at_1000_diff1": NaN,
        "nauc_precision_at_1000_max": NaN,
        "nauc_precision_at_1000_std": NaN,
        "nauc_precision_at_100_diff1": 1.0,
        "nauc_precision_at_100_max": 1.0,
        "nauc_precision_at_100_std": 1.0,
        "nauc_precision_at_10_diff1": 0.133764,
        "nauc_precision_at_10_max": -0.089008,
        "nauc_precision_at_10_std": 0.007389,
        "nauc_precision_at_1_diff1": 0.619158,
        "nauc_precision_at_1_max": 0.178332,
        "nauc_precision_at_1_std": -0.091076,
        "nauc_precision_at_20_diff1": 0.222279,
        "nauc_precision_at_20_max": 0.13016,
        "nauc_precision_at_20_std": 0.462755,
        "nauc_precision_at_3_diff1": 0.600708,
        "nauc_precision_at_3_max": 0.210833,
        "nauc_precision_at_3_std": -0.041012,
        "nauc_precision_at_5_diff1": 0.52623,
        "nauc_precision_at_5_max": 0.07201,
        "nauc_precision_at_5_std": -0.163493,
        "nauc_recall_at_1000_diff1": NaN,
        "nauc_recall_at_1000_max": NaN,
        "nauc_recall_at_1000_std": NaN,
        "nauc_recall_at_100_diff1": NaN,
        "nauc_recall_at_100_max": NaN,
        "nauc_recall_at_100_std": NaN,
        "nauc_recall_at_10_diff1": 0.133764,
        "nauc_recall_at_10_max": -0.089008,
        "nauc_recall_at_10_std": 0.007389,
        "nauc_recall_at_1_diff1": 0.619158,
        "nauc_recall_at_1_max": 0.178332,
        "nauc_recall_at_1_std": -0.091076,
        "nauc_recall_at_20_diff1": 0.222279,
        "nauc_recall_at_20_max": 0.13016,
        "nauc_recall_at_20_std": 0.462755,
        "nauc_recall_at_3_diff1": 0.600708,
        "nauc_recall_at_3_max": 0.210833,
        "nauc_recall_at_3_std": -0.041012,
        "nauc_recall_at_5_diff1": 0.52623,
        "nauc_recall_at_5_max": 0.07201,
        "nauc_recall_at_5_std": -0.163493,
        "ndcg_at_1": 0.51948,
        "ndcg_at_10": 0.69212,
        "ndcg_at_100": 0.71389,
        "ndcg_at_1000": 0.71389,
        "ndcg_at_20": 0.70581,
        "ndcg_at_3": 0.60931,
        "ndcg_at_5": 0.63556,
        "precision_at_1": 0.51948,
        "precision_at_10": 0.09091,
        "precision_at_100": 0.01,
        "precision_at_1000": 0.001,
        "precision_at_20": 0.04805,
        "precision_at_3": 0.22511,
        "precision_at_5": 0.14805,
        "recall_at_1": 0.51948,
        "recall_at_10": 0.90909,
        "recall_at_100": 1.0,
        "recall_at_1000": 1.0,
        "recall_at_20": 0.96104,
        "recall_at_3": 0.67532,
        "recall_at_5": 0.74026
      }
    ]
  },
  "evaluation_time": 0.5968325138092041,
  "kg_co2_emissions": null
}