{
  "dataset_revision": "c99d599f0a6ab9b85b065da6f9d94f9cf731679f",
  "task_name": "XPQARetrieval",
  "mteb_version": "1.14.15",
  "scores": {
    "test": [
      {
        "hf_subset": "kor-kor",
        "languages": [
          "kor-Hang",
          "kor-Hang"
        ],
        "main_score": 0.27961,
        "map_at_1": 0.16284,
        "map_at_10": 0.23808,
        "map_at_100": 0.25039,
        "map_at_1000": 0.25208,
        "map_at_20": 0.24277,
        "map_at_3": 0.21111,
        "map_at_5": 0.22575,
        "mrr_at_1": 0.229358,
        "mrr_at_10": 0.280002,
        "mrr_at_100": 0.289968,
        "mrr_at_1000": 0.290883,
        "mrr_at_20": 0.284101,
        "mrr_at_3": 0.259939,
        "mrr_at_5": 0.270107,
        "nauc_map_at_1000_diff1": 0.421416,
        "nauc_map_at_1000_max": 0.235504,
        "nauc_map_at_1000_std": -0.19083,
        "nauc_map_at_100_diff1": 0.421183,
        "nauc_map_at_100_max": 0.23511,
        "nauc_map_at_100_std": -0.191127,
        "nauc_map_at_10_diff1": 0.424918,
        "nauc_map_at_10_max": 0.233779,
        "nauc_map_at_10_std": -0.192151,
        "nauc_map_at_1_diff1": 0.495089,
        "nauc_map_at_1_max": 0.212001,
        "nauc_map_at_1_std": -0.168443,
        "nauc_map_at_20_diff1": 0.422932,
        "nauc_map_at_20_max": 0.232766,
        "nauc_map_at_20_std": -0.193727,
        "nauc_map_at_3_diff1": 0.439134,
        "nauc_map_at_3_max": 0.241785,
        "nauc_map_at_3_std": -0.181257,
        "nauc_map_at_5_diff1": 0.429026,
        "nauc_map_at_5_max": 0.238423,
        "nauc_map_at_5_std": -0.185961,
        "nauc_mrr_at_1000_diff1": 0.433931,
        "nauc_mrr_at_1000_max": 0.230525,
        "nauc_mrr_at_1000_std": -0.212732,
        "nauc_mrr_at_100_diff1": 0.43366,
        "nauc_mrr_at_100_max": 0.230654,
        "nauc_mrr_at_100_std": -0.212549,
        "nauc_mrr_at_10_diff1": 0.436513,
        "nauc_mrr_at_10_max": 0.227822,
        "nauc_mrr_at_10_std": -0.215714,
        "nauc_mrr_at_1_diff1": 0.477962,
        "nauc_mrr_at_1_max": 0.251649,
        "nauc_mrr_at_1_std": -0.204835,
        "nauc_mrr_at_20_diff1": 0.434583,
        "nauc_mrr_at_20_max": 0.227107,
        "nauc_mrr_at_20_std": -0.21598,
        "nauc_mrr_at_3_diff1": 0.443203,
        "nauc_mrr_at_3_max": 0.234787,
        "nauc_mrr_at_3_std": -0.210903,
        "nauc_mrr_at_5_diff1": 0.437729,
        "nauc_mrr_at_5_max": 0.231409,
        "nauc_mrr_at_5_std": -0.21288,
        "nauc_ndcg_at_1000_diff1": 0.406862,
        "nauc_ndcg_at_1000_max": 0.236235,
        "nauc_ndcg_at_1000_std": -0.192965,
        "nauc_ndcg_at_100_diff1": 0.395424,
        "nauc_ndcg_at_100_max": 0.237844,
        "nauc_ndcg_at_100_std": -0.189064,
        "nauc_ndcg_at_10_diff1": 0.410148,
        "nauc_ndcg_at_10_max": 0.219886,
        "nauc_ndcg_at_10_std": -0.207088,
        "nauc_ndcg_at_1_diff1": 0.471631,
        "nauc_ndcg_at_1_max": 0.24734,
        "nauc_ndcg_at_1_std": -0.207861,
        "nauc_ndcg_at_20_diff1": 0.404315,
        "nauc_ndcg_at_20_max": 0.215295,
        "nauc_ndcg_at_20_std": -0.211326,
        "nauc_ndcg_at_3_diff1": 0.430301,
        "nauc_ndcg_at_3_max": 0.234372,
        "nauc_ndcg_at_3_std": -0.190301,
        "nauc_ndcg_at_5_diff1": 0.418738,
        "nauc_ndcg_at_5_max": 0.229401,
        "nauc_ndcg_at_5_std": -0.196939,
        "nauc_precision_at_1000_diff1": -0.001251,
        "nauc_precision_at_1000_max": 0.140897,
        "nauc_precision_at_1000_std": 0.00652,
        "nauc_precision_at_100_diff1": 0.11768,
        "nauc_precision_at_100_max": 0.218879,
        "nauc_precision_at_100_std": -0.064633,
        "nauc_precision_at_10_diff1": 0.256662,
        "nauc_precision_at_10_max": 0.194845,
        "nauc_precision_at_10_std": -0.208664,
        "nauc_precision_at_1_diff1": 0.471631,
        "nauc_precision_at_1_max": 0.24734,
        "nauc_precision_at_1_std": -0.207861,
        "nauc_precision_at_20_diff1": 0.223333,
        "nauc_precision_at_20_max": 0.166818,
        "nauc_precision_at_20_std": -0.208027,
        "nauc_precision_at_3_diff1": 0.322291,
        "nauc_precision_at_3_max": 0.25677,
        "nauc_precision_at_3_std": -0.197158,
        "nauc_precision_at_5_diff1": 0.293483,
        "nauc_precision_at_5_max": 0.228296,
        "nauc_precision_at_5_std": -0.202413,
        "nauc_recall_at_1000_diff1": NaN,
        "nauc_recall_at_1000_max": NaN,
        "nauc_recall_at_1000_std": NaN,
        "nauc_recall_at_100_diff1": 0.260808,
        "nauc_recall_at_100_max": 0.254484,
        "nauc_recall_at_100_std": -0.122338,
        "nauc_recall_at_10_diff1": 0.348642,
        "nauc_recall_at_10_max": 0.17933,
        "nauc_recall_at_10_std": -0.214286,
        "nauc_recall_at_1_diff1": 0.495089,
        "nauc_recall_at_1_max": 0.212001,
        "nauc_recall_at_1_std": -0.168443,
        "nauc_recall_at_20_diff1": 0.330172,
        "nauc_recall_at_20_max": 0.16384,
        "nauc_recall_at_20_std": -0.226092,
        "nauc_recall_at_3_diff1": 0.404346,
        "nauc_recall_at_3_max": 0.219209,
        "nauc_recall_at_3_std": -0.182063,
        "nauc_recall_at_5_diff1": 0.375623,
        "nauc_recall_at_5_max": 0.205836,
        "nauc_recall_at_5_std": -0.193281,
        "ndcg_at_1": 0.23089,
        "ndcg_at_10": 0.27961,
        "ndcg_at_100": 0.34801,
        "ndcg_at_1000": 0.39067,
        "ndcg_at_20": 0.2953,
        "ndcg_at_3": 0.23296,
        "ndcg_at_5": 0.25242,
        "precision_at_1": 0.23089,
        "precision_at_10": 0.05749,
        "precision_at_100": 0.01095,
        "precision_at_1000": 0.00156,
        "precision_at_20": 0.03364,
        "precision_at_3": 0.12538,
        "precision_at_5": 0.09113,
        "recall_at_1": 0.16284,
        "recall_at_10": 0.36318,
        "recall_at_100": 0.67806,
        "recall_at_1000": 1.0,
        "recall_at_20": 0.41723,
        "recall_at_3": 0.2395,
        "recall_at_5": 0.28619
      },
      {
        "hf_subset": "eng-kor",
        "languages": [
          "eng-Latn",
          "kor-Hang"
        ],
        "main_score": 0.1836,
        "map_at_1": 0.08759,
        "map_at_10": 0.14392,
        "map_at_100": 0.15878,
        "map_at_1000": 0.16133,
        "map_at_20": 0.15078,
        "map_at_3": 0.12174,
        "map_at_5": 0.13335,
        "mrr_at_1": 0.151376,
        "mrr_at_10": 0.206008,
        "mrr_at_100": 0.215749,
        "mrr_at_1000": 0.217086,
        "mrr_at_20": 0.210686,
        "mrr_at_3": 0.186035,
        "mrr_at_5": 0.195897,
        "nauc_map_at_1000_diff1": 0.332384,
        "nauc_map_at_1000_max": 0.143034,
        "nauc_map_at_1000_std": -0.019451,
        "nauc_map_at_100_diff1": 0.332385,
        "nauc_map_at_100_max": 0.142033,
        "nauc_map_at_100_std": -0.020606,
        "nauc_map_at_10_diff1": 0.338951,
        "nauc_map_at_10_max": 0.140646,
        "nauc_map_at_10_std": -0.032105,
        "nauc_map_at_1_diff1": 0.419019,
        "nauc_map_at_1_max": 0.151348,
        "nauc_map_at_1_std": -0.046972,
        "nauc_map_at_20_diff1": 0.333834,
        "nauc_map_at_20_max": 0.139205,
        "nauc_map_at_20_std": -0.027632,
        "nauc_map_at_3_diff1": 0.362951,
        "nauc_map_at_3_max": 0.161262,
        "nauc_map_at_3_std": -0.026818,
        "nauc_map_at_5_diff1": 0.346508,
        "nauc_map_at_5_max": 0.141916,
        "nauc_map_at_5_std": -0.035139,
        "nauc_mrr_at_1000_diff1": 0.316566,
        "nauc_mrr_at_1000_max": 0.104404,
        "nauc_mrr_at_1000_std": -0.036509,
        "nauc_mrr_at_100_diff1": 0.316224,
        "nauc_mrr_at_100_max": 0.104512,
        "nauc_mrr_at_100_std": -0.036249,
        "nauc_mrr_at_10_diff1": 0.318166,
        "nauc_mrr_at_10_max": 0.095955,
        "nauc_mrr_at_10_std": -0.046656,
        "nauc_mrr_at_1_diff1": 0.401585,
        "nauc_mrr_at_1_max": 0.132697,
        "nauc_mrr_at_1_std": -0.052073,
        "nauc_mrr_at_20_diff1": 0.316333,
        "nauc_mrr_at_20_max": 0.10161,
        "nauc_mrr_at_20_std": -0.040021,