{
  "dataset_revision": "main",
  "task_name": "MIRACLRetrieval",
  "mteb_version": "1.14.15",
  "scores": {
    "dev": [
      {
        "hf_subset": "ko",
        "languages": [
          "kor-Kore"
        ],
        "main_score": 0.6227,
        "map_at_1": 0.3612,
        "map_at_10": 0.5315,
        "map_at_100": 0.55512,
        "map_at_1000": 0.55614,
        "map_at_20": 0.54556,
        "map_at_3": 0.47674,
        "map_at_5": 0.504,
        "mrr_at_1": 0.586854,
        "mrr_at_10": 0.697312,
        "mrr_at_100": 0.70021,
        "mrr_at_1000": 0.700291,
        "mrr_at_20": 0.698768,
        "mrr_at_3": 0.678404,
        "mrr_at_5": 0.69061,
        "nauc_map_at_1000_diff1": 0.387649,
        "nauc_map_at_1000_max": 0.311391,
        "nauc_map_at_1000_std": -0.086926,
        "nauc_map_at_100_diff1": 0.387573,
        "nauc_map_at_100_max": 0.310849,
        "nauc_map_at_100_std": -0.08769,
        "nauc_map_at_10_diff1": 0.383388,
        "nauc_map_at_10_max": 0.29763,
        "nauc_map_at_10_std": -0.124078,
        "nauc_map_at_1_diff1": 0.487023,
        "nauc_map_at_1_max": 0.217488,
        "nauc_map_at_1_std": -0.203059,
        "nauc_map_at_20_diff1": 0.382642,
        "nauc_map_at_20_max": 0.304152,
        "nauc_map_at_20_std": -0.099121,
        "nauc_map_at_3_diff1": 0.403709,
        "nauc_map_at_3_max": 0.276428,
        "nauc_map_at_3_std": -0.181008,
        "nauc_map_at_5_diff1": 0.396636,
        "nauc_map_at_5_max": 0.286926,
        "nauc_map_at_5_std": -0.151983,
        "nauc_mrr_at_1000_diff1": 0.412844,
        "nauc_mrr_at_1000_max": 0.42117,
        "nauc_mrr_at_1000_std": 0.188007,
        "nauc_mrr_at_100_diff1": 0.412818,
        "nauc_mrr_at_100_max": 0.421238,
        "nauc_mrr_at_100_std": 0.188146,
        "nauc_mrr_at_10_diff1": 0.412027,
        "nauc_mrr_at_10_max": 0.422987,
        "nauc_mrr_at_10_std": 0.188113,
        "nauc_mrr_at_1_diff1": 0.44876,
        "nauc_mrr_at_1_max": 0.361058,
        "nauc_mrr_at_1_std": 0.132253,
        "nauc_mrr_at_20_diff1": 0.413921,
        "nauc_mrr_at_20_max": 0.423592,
        "nauc_mrr_at_20_std": 0.190975,
        "nauc_mrr_at_3_diff1": 0.397521,
        "nauc_mrr_at_3_max": 0.415553,
        "nauc_mrr_at_3_std": 0.171576,
        "nauc_mrr_at_5_diff1": 0.413536,
        "nauc_mrr_at_5_max": 0.423843,
        "nauc_mrr_at_5_std": 0.183098,
        "nauc_ndcg_at_1000_diff1": 0.385584,
        "nauc_ndcg_at_1000_max": 0.373544,
        "nauc_ndcg_at_1000_std": 0.049978,
        "nauc_ndcg_at_100_diff1": 0.381097,
        "nauc_ndcg_at_100_max": 0.370869,
        "nauc_ndcg_at_100_std": 0.047443,
        "nauc_ndcg_at_10_diff1": 0.365583,
        "nauc_ndcg_at_10_max": 0.338455,
        "nauc_ndcg_at_10_std": -0.039452,
        "nauc_ndcg_at_1_diff1": 0.44876,
        "nauc_ndcg_at_1_max": 0.361058,
        "nauc_ndcg_at_1_std": 0.132253,
        "nauc_ndcg_at_20_diff1": 0.371257,
        "nauc_ndcg_at_20_max": 0.356658,
        "nauc_ndcg_at_20_std": 0.016183,
        "nauc_ndcg_at_3_diff1": 0.374488,
        "nauc_ndcg_at_3_max": 0.361852,
        "nauc_ndcg_at_3_std": -0.022525,
        "nauc_ndcg_at_5_diff1": 0.388977,
        "nauc_ndcg_at_5_max": 0.350668,
        "nauc_ndcg_at_5_std": -0.048992,
        "nauc_precision_at_1000_diff1": -0.136469,
        "nauc_precision_at_1000_max": 0.120662,
        "nauc_precision_at_1000_std": 0.454591,
        "nauc_precision_at_100_diff1": -0.125464,
        "nauc_precision_at_100_max": 0.138525,
        "nauc_precision_at_100_std": 0.465788,
        "nauc_precision_at_10_diff1": -0.142336,
        "nauc_precision_at_10_max": 0.195991,
        "nauc_precision_at_10_std": 0.414484,
        "nauc_precision_at_1_diff1": 0.44876,
        "nauc_precision_at_1_max": 0.361058,
        "nauc_precision_at_1_std": 0.132253,
        "nauc_precision_at_20_diff1": -0.137348,
        "nauc_precision_at_20_max": 0.172687,
        "nauc_precision_at_20_std": 0.465244,
        "nauc_precision_at_3_diff1": -0.013855,
        "nauc_precision_at_3_max": 0.286571,
        "nauc_precision_at_3_std": 0.254081,
        "nauc_precision_at_5_diff1": -0.072589,
        "nauc_precision_at_5_max": 0.249862,
        "nauc_precision_at_5_std": 0.339646,
        "nauc_recall_at_1000_diff1": 0.432815,
        "nauc_recall_at_1000_max": 0.777398,
        "nauc_recall_at_1000_std": 0.703731,
        "nauc_recall_at_100_diff1": 0.246168,
        "nauc_recall_at_100_max": 0.417253,
        "nauc_recall_at_100_std": 0.237246,
        "nauc_recall_at_10_diff1": 0.2601,
        "nauc_recall_at_10_max": 0.286096,
        "nauc_recall_at_10_std": -0.098197,
        "nauc_recall_at_1_diff1": 0.487023,
        "nauc_recall_at_1_max": 0.217488,
        "nauc_recall_at_1_std": -0.203059,
        "nauc_recall_at_20_diff1": 0.268572,
        "nauc_recall_at_20_max": 0.348769,
        "nauc_recall_at_20_std": 0.073425,
        "nauc_recall_at_3_diff1": 0.330468,
        "nauc_recall_at_3_max": 0.292819,
        "nauc_recall_at_3_std": -0.18491,
        "nauc_recall_at_5_diff1": 0.32805,
        "nauc_recall_at_5_max": 0.288798,
        "nauc_recall_at_5_std": -0.162864,
        "ndcg_at_1": 0.58685,
        "ndcg_at_10": 0.6227,
        "ndcg_at_100": 0.68376,
        "ndcg_at_1000": 0.69545,
        "ndcg_at_20": 0.64963,
        "ndcg_at_3": 0.58584,
        "ndcg_at_5": 0.59175,
        "precision_at_1": 0.58685,
        "precision_at_10": 0.1554,
        "precision_at_100": 0.0231,
        "precision_at_1000": 0.00253,
        "precision_at_20": 0.09108,
        "precision_at_3": 0.35055,
        "precision_at_5": 0.24977,
        "recall_at_1": 0.3612,
        "recall_at_10": 0.71449,
        "recall_at_100": 0.91555,
        "recall_at_1000": 0.98075,
        "recall_at_20": 0.78997,
        "recall_at_3": 0.54734,
        "recall_at_5": 0.617
      }
    ]
  },
  "evaluation_time": 10329.318553686142,
  "kg_co2_emissions": null
}