{
  "dataset_revision": "fc24a3ce8f09746410daee3d5cd823ff7a0675b7",
  "task_name": "MrTidyRetrieval",
  "mteb_version": "1.14.15",
  "scores": {
    "test": [
      {
        "hf_subset": "korean",
        "languages": [
          "kor-Kore"
        ],
        "main_score": 0.58082,
        "map_at_1": 0.43191,
        "map_at_10": 0.5278,
        "map_at_100": 0.53635,
        "map_at_1000": 0.53672,
        "map_at_20": 0.53278,
        "map_at_3": 0.49637,
        "map_at_5": 0.51579,
        "mrr_at_1": 0.465558,
        "mrr_at_10": 0.551575,
        "mrr_at_100": 0.558226,
        "mrr_at_1000": 0.558515,
        "mrr_at_20": 0.55559,
        "mrr_at_3": 0.524149,
        "mrr_at_5": 0.539588,
        "nauc_map_at_1000_diff1": 0.418525,
        "nauc_map_at_1000_max": 0.40613,
        "nauc_map_at_1000_std": 0.048795,
        "nauc_map_at_100_diff1": 0.418154,
        "nauc_map_at_100_max": 0.405855,
        "nauc_map_at_100_std": 0.04868,
        "nauc_map_at_10_diff1": 0.417573,
        "nauc_map_at_10_max": 0.403653,
        "nauc_map_at_10_std": 0.045236,
        "nauc_map_at_1_diff1": 0.473043,
        "nauc_map_at_1_max": 0.411604,
        "nauc_map_at_1_std": 0.055903,
        "nauc_map_at_20_diff1": 0.417285,
        "nauc_map_at_20_max": 0.404389,
        "nauc_map_at_20_std": 0.045229,
        "nauc_map_at_3_diff1": 0.427544,
        "nauc_map_at_3_max": 0.412308,
        "nauc_map_at_3_std": 0.056123,
        "nauc_map_at_5_diff1": 0.414617,
        "nauc_map_at_5_max": 0.404878,
        "nauc_map_at_5_std": 0.048761,
        "nauc_mrr_at_1000_diff1": 0.439115,
        "nauc_mrr_at_1000_max": 0.43037,
        "nauc_mrr_at_1000_std": 0.051647,
        "nauc_mrr_at_100_diff1": 0.438939,
        "nauc_mrr_at_100_max": 0.430169,
        "nauc_mrr_at_100_std": 0.05142,
        "nauc_mrr_at_10_diff1": 0.438974,
        "nauc_mrr_at_10_max": 0.430058,
        "nauc_mrr_at_10_std": 0.051275,
        "nauc_mrr_at_1_diff1": 0.497425,
        "nauc_mrr_at_1_max": 0.43989,
        "nauc_mrr_at_1_std": 0.051376,
        "nauc_mrr_at_20_diff1": 0.437612,
        "nauc_mrr_at_20_max": 0.429246,
        "nauc_mrr_at_20_std": 0.049579,
        "nauc_mrr_at_3_diff1": 0.438911,
        "nauc_mrr_at_3_max": 0.433327,
        "nauc_mrr_at_3_std": 0.056294,
        "nauc_mrr_at_5_diff1": 0.4359,
        "nauc_mrr_at_5_max": 0.430338,
        "nauc_mrr_at_5_std": 0.055756,
        "nauc_ndcg_at_1000_diff1": 0.413432,
        "nauc_ndcg_at_1000_max": 0.415639,
        "nauc_ndcg_at_1000_std": 0.058086,
        "nauc_ndcg_at_100_diff1": 0.403597,
        "nauc_ndcg_at_100_max": 0.407601,
        "nauc_ndcg_at_100_std": 0.054894,
        "nauc_ndcg_at_10_diff1": 0.401903,
        "nauc_ndcg_at_10_max": 0.400168,
        "nauc_ndcg_at_10_std": 0.038138,
        "nauc_ndcg_at_1_diff1": 0.497425,
        "nauc_ndcg_at_1_max": 0.43989,
        "nauc_ndcg_at_1_std": 0.051376,
        "nauc_ndcg_at_20_diff1": 0.398596,
        "nauc_ndcg_at_20_max": 0.400648,
        "nauc_ndcg_at_20_std": 0.035963,
        "nauc_ndcg_at_3_diff1": 0.413393,
        "nauc_ndcg_at_3_max": 0.415423,
        "nauc_ndcg_at_3_std": 0.057493,
        "nauc_ndcg_at_5_diff1": 0.394881,
        "nauc_ndcg_at_5_max": 0.402978,
        "nauc_ndcg_at_5_std": 0.048612,
        "nauc_precision_at_1000_diff1": -0.023872,
        "nauc_precision_at_1000_max": 0.08608,
        "nauc_precision_at_1000_std": 0.071843,
        "nauc_precision_at_100_diff1": -0.010291,
        "nauc_precision_at_100_max": 0.112864,
        "nauc_precision_at_100_std": 0.072822,
        "nauc_precision_at_10_diff1": 0.172398,
        "nauc_precision_at_10_max": 0.254914,
        "nauc_precision_at_10_std": -0.011366,
        "nauc_precision_at_1_diff1": 0.497425,
        "nauc_precision_at_1_max": 0.43989,
        "nauc_precision_at_1_std": 0.051376,
        "nauc_precision_at_20_diff1": 0.098075,
        "nauc_precision_at_20_max": 0.202437,
        "nauc_precision_at_20_std": -0.009309,
        "nauc_precision_at_3_diff1": 0.30404,
        "nauc_precision_at_3_max": 0.376504,
        "nauc_precision_at_3_std": 0.054268,
        "nauc_precision_at_5_diff1": 0.203361,
        "nauc_precision_at_5_max": 0.301872,
        "nauc_precision_at_5_std": 0.031833,
        "nauc_recall_at_1000_diff1": 0.474133,
        "nauc_recall_at_1000_max": 0.67628,
        "nauc_recall_at_1000_std": 0.439131,
        "nauc_recall_at_100_diff1": 0.244603,
        "nauc_recall_at_100_max": 0.352002,
        "nauc_recall_at_100_std": 0.137168,
        "nauc_recall_at_10_diff1": 0.310669,
        "nauc_recall_at_10_max": 0.336677,
        "nauc_recall_at_10_std": -0.006124,
        "nauc_recall_at_1_diff1": 0.473043,
        "nauc_recall_at_1_max": 0.411604,
        "nauc_recall_at_1_std": 0.055903,
        "nauc_recall_at_20_diff1": 0.281996,
        "nauc_recall_at_20_max": 0.331322,
        "nauc_recall_at_20_std": -0.029707,
        "nauc_recall_at_3_diff1": 0.358791,
        "nauc_recall_at_3_max": 0.399242,
        "nauc_recall_at_3_std": 0.059696,
        "nauc_recall_at_5_diff1": 0.301752,
        "nauc_recall_at_5_max": 0.357969,
        "nauc_recall_at_5_std": 0.036386,
        "ndcg_at_1": 0.46556,
        "ndcg_at_10": 0.58082,
        "ndcg_at_100": 0.61867,
        "ndcg_at_1000": 0.62788,
        "ndcg_at_20": 0.59634,
        "ndcg_at_3": 0.52094,
        "ndcg_at_5": 0.55244,
        "precision_at_1": 0.46556,
        "precision_at_10": 0.08171,
        "precision_at_100": 0.01036,
        "precision_at_1000": 0.00112,
        "precision_at_20": 0.04466,
        "precision_at_3": 0.20982,
        "precision_at_5": 0.14394,
        "recall_at_1": 0.43191,
        "recall_at_10": 0.72169,
        "recall_at_100": 0.88876,
        "recall_at_1000": 0.95922,
        "recall_at_20": 0.77672,
        "recall_at_3": 0.56532,
        "recall_at_5": 0.63737
      }
    ]
  },
  "evaluation_time": 10726.25200009346,
  "kg_co2_emissions": null
}