{
  "dataset_revision": "c99d599f0a6ab9b85b065da6f9d94f9cf731679f",
  "task_name": "XPQARetrieval",
  "mteb_version": "1.14.15",
  "scores": {
    "test": [
      {
        "hf_subset": "kor-kor",
        "languages": [
          "kor-Hang",
          "kor-Hang"
        ],
        "main_score": 0.3607,
        "map_at_1": 0.21481,
        "map_at_10": 0.3182,
        "map_at_100": 0.33387,
        "map_at_1000": 0.33517,
        "map_at_20": 0.32628,
        "map_at_3": 0.2905,
        "map_at_5": 0.30788,
        "mrr_at_1": 0.302752,
        "mrr_at_10": 0.361396,
        "mrr_at_100": 0.372746,
        "mrr_at_1000": 0.373515,
        "mrr_at_20": 0.366986,
        "mrr_at_3": 0.344037,
        "mrr_at_5": 0.353287,
        "nauc_map_at_1000_diff1": 0.429636,
        "nauc_map_at_1000_max": 0.208921,
        "nauc_map_at_1000_std": -0.243103,
        "nauc_map_at_100_diff1": 0.429379,
        "nauc_map_at_100_max": 0.209035,
        "nauc_map_at_100_std": -0.242872,
        "nauc_map_at_10_diff1": 0.430498,
        "nauc_map_at_10_max": 0.208181,
        "nauc_map_at_10_std": -0.247041,
        "nauc_map_at_1_diff1": 0.485144,
        "nauc_map_at_1_max": 0.159597,
        "nauc_map_at_1_std": -0.207963,
        "nauc_map_at_20_diff1": 0.430576,
        "nauc_map_at_20_max": 0.207301,
        "nauc_map_at_20_std": -0.2476,
        "nauc_map_at_3_diff1": 0.442674,
        "nauc_map_at_3_max": 0.210743,
        "nauc_map_at_3_std": -0.238669,
        "nauc_map_at_5_diff1": 0.433275,
        "nauc_map_at_5_max": 0.213335,
        "nauc_map_at_5_std": -0.242235,
        "nauc_mrr_at_1000_diff1": 0.446257,
        "nauc_mrr_at_1000_max": 0.210657,
        "nauc_mrr_at_1000_std": -0.267709,
        "nauc_mrr_at_100_diff1": 0.446113,
        "nauc_mrr_at_100_max": 0.21078,
        "nauc_mrr_at_100_std": -0.267463,
        "nauc_mrr_at_10_diff1": 0.444988,
        "nauc_mrr_at_10_max": 0.207999,
        "nauc_mrr_at_10_std": -0.272964,
        "nauc_mrr_at_1_diff1": 0.485046,
        "nauc_mrr_at_1_max": 0.223654,
        "nauc_mrr_at_1_std": -0.266456,
        "nauc_mrr_at_20_diff1": 0.446679,
        "nauc_mrr_at_20_max": 0.210033,
        "nauc_mrr_at_20_std": -0.26963,
        "nauc_mrr_at_3_diff1": 0.45048,
        "nauc_mrr_at_3_max": 0.208969,
        "nauc_mrr_at_3_std": -0.27309,
        "nauc_mrr_at_5_diff1": 0.448879,
        "nauc_mrr_at_5_max": 0.209836,
        "nauc_mrr_at_5_std": -0.272906,
        "nauc_ndcg_at_1000_diff1": 0.420534,
        "nauc_ndcg_at_1000_max": 0.210268,
        "nauc_ndcg_at_1000_std": -0.238531,
        "nauc_ndcg_at_100_diff1": 0.412464,
        "nauc_ndcg_at_100_max": 0.21298,
        "nauc_ndcg_at_100_std": -0.227055,
        "nauc_ndcg_at_10_diff1": 0.416309,
        "nauc_ndcg_at_10_max": 0.199976,
        "nauc_ndcg_at_10_std": -0.260131,
        "nauc_ndcg_at_1_diff1": 0.485046,
        "nauc_ndcg_at_1_max": 0.223654,
        "nauc_ndcg_at_1_std": -0.266456,
        "nauc_ndcg_at_20_diff1": 0.418349,
        "nauc_ndcg_at_20_max": 0.200343,
        "nauc_ndcg_at_20_std": -0.256062,
        "nauc_ndcg_at_3_diff1": 0.435531,
        "nauc_ndcg_at_3_max": 0.205499,
        "nauc_ndcg_at_3_std": -0.25336,
        "nauc_ndcg_at_5_diff1": 0.42253,
        "nauc_ndcg_at_5_max": 0.206883,
        "nauc_ndcg_at_5_std": -0.254481,
        "nauc_precision_at_1000_diff1": -0.018914,
        "nauc_precision_at_1000_max": 0.132812,
        "nauc_precision_at_1000_std": 0.037028,
        "nauc_precision_at_100_diff1": 0.08053,
        "nauc_precision_at_100_max": 0.183117,
        "nauc_precision_at_100_std": 0.001525,
        "nauc_precision_at_10_diff1": 0.238366,
        "nauc_precision_at_10_max": 0.179462,
        "nauc_precision_at_10_std": -0.238944,
        "nauc_precision_at_1_diff1": 0.485046,
        "nauc_precision_at_1_max": 0.223654,
        "nauc_precision_at_1_std": -0.266456,
        "nauc_precision_at_20_diff1": 0.208562,
        "nauc_precision_at_20_max": 0.163925,
        "nauc_precision_at_20_std": -0.200287,
        "nauc_precision_at_3_diff1": 0.319728,
        "nauc_precision_at_3_max": 0.230548,
        "nauc_precision_at_3_std": -0.260431,
        "nauc_precision_at_5_diff1": 0.273029,
        "nauc_precision_at_5_max": 0.21126,
        "nauc_precision_at_5_std": -0.242063,
        "nauc_recall_at_1000_diff1": NaN,
        "nauc_recall_at_1000_max": NaN,
        "nauc_recall_at_1000_std": NaN,
        "nauc_recall_at_100_diff1": 0.281687,
        "nauc_recall_at_100_max": 0.228097,
        "nauc_recall_at_100_std": -0.063969,
        "nauc_recall_at_10_diff1": 0.349357,
        "nauc_recall_at_10_max": 0.171325,
        "nauc_recall_at_10_std": -0.26453,
        "nauc_recall_at_1_diff1": 0.485144,
        "nauc_recall_at_1_max": 0.159597,
        "nauc_recall_at_1_std": -0.207963,
        "nauc_recall_at_20_diff1": 0.355124,
        "nauc_recall_at_20_max": 0.170731,
        "nauc_recall_at_20_std": -0.251104,
        "nauc_recall_at_3_diff1": 0.393631,
        "nauc_recall_at_3_max": 0.184987,
        "nauc_recall_at_3_std": -0.248623,
        "nauc_recall_at_5_diff1": 0.367756,
        "nauc_recall_at_5_max": 0.187663,
        "nauc_recall_at_5_std": -0.252569,
        "ndcg_at_1": 0.30275,
        "ndcg_at_10": 0.3607,
        "ndcg_at_100": 0.43626,
        "ndcg_at_1000": 0.46606,
        "ndcg_at_20": 0.38572,
        "ndcg_at_3": 0.31866,
        "ndcg_at_5": 0.33908,
        "precision_at_1": 0.30275,
        "precision_at_10": 0.07141,
        "precision_at_100": 0.01248,
        "precision_at_1000": 0.00156,
        "precision_at_20": 0.04297,
        "precision_at_3": 0.17482,
        "precision_at_5": 0.12263,
        "recall_at_1": 0.21481,
        "recall_at_10": 0.44429,
        "recall_at_100": 0.78193,
        "recall_at_1000": 1.0,
        "recall_at_20": 0.53168,
        "recall_at_3": 0.33372,
        "recall_at_5": 0.38509
      },
      {
        "hf_subset": "eng-kor",
        "languages": [
          "eng-Latn",
          "kor-Hang"
        ],
        "main_score": 0.20148,
        "map_at_1": 0.09414,
        "map_at_10": 0.15803,
        "map_at_100": 0.1757,
        "map_at_1000": 0.17866,
        "map_at_20": 0.16692,
        "map_at_3": 0.13541,
        "map_at_5": 0.14789,
        "mrr_at_1": 0.178899,
        "mrr_at_10": 0.22867,
        "mrr_at_100": 0.241429,
        "mrr_at_1000": 0.242772,
        "mrr_at_20": 0.2351,
        "mrr_at_3": 0.20999,
        "mrr_at_5": 0.218476,
        "nauc_map_at_1000_diff1": 0.305394,
        "nauc_map_at_1000_max": 0.240342,
        "nauc_map_at_1000_std": -0.081033,
        "nauc_map_at_100_diff1": 0.304891,
        "nauc_map_at_100_max": 0.241194,
        "nauc_map_at_100_std": -0.080836,
        "nauc_map_at_10_diff1": 0.305651,
        "nauc_map_at_10_max": 0.225967,
        "nauc_map_at_10_std": -0.102416,
        "nauc_map_at_1_diff1": 0.423838,
        "nauc_map_at_1_max": 0.250405,
        "nauc_map_at_1_std": -0.135203,
        "nauc_map_at_20_diff1": 0.305778,
        "nauc_map_at_20_max": 0.236417,
        "nauc_map_at_20_std": -0.090518,
        "nauc_map_at_3_diff1": 0.330885,
        "nauc_map_at_3_max": 0.228542,
        "nauc_map_at_3_std": -0.10839,
        "nauc_map_at_5_diff1": 0.314571,
        "nauc_map_at_5_max": 0.224383,
        "nauc_map_at_5_std": -0.110134,
        "nauc_mrr_at_1000_diff1": 0.318898,
        "nauc_mrr_at_1000_max": 0.224366,
        "nauc_mrr_at_1000_std": -0.078259,
        "nauc_mrr_at_100_diff1": 0.318554,
        "nauc_mrr_at_100_max": 0.224802,
        "nauc_mrr_at_100_std": -0.077269,
        "nauc_mrr_at_10_diff1": 0.317741,
        "nauc_mrr_at_10_max": 0.219073,
        "nauc_mrr_at_10_std": -0.085613,
        "nauc_mrr_at_1_diff1": 0.394879,
        "nauc_mrr_at_1_max": 0.25043,
        "nauc_mrr_at_1_std": -0.105738,
        "nauc_mrr_at_20_diff1": 0.318542,
        "nauc_mrr_at_20_max": 0.223347,
        "nauc_mrr_at_20_std": -0.079965,