{
  "dataset_revision": "fd7df84ac089bbec763b1c6bb1b56e985df5cc5c",
  "task_name": "AutoRAGRetrieval",
  "mteb_version": "1.29.16",
  "scores": {
    "test": [
      {
        "ndcg_at_1": 0.65789,
        "ndcg_at_3": 0.78801,
        "ndcg_at_5": 0.79556,
        "ndcg_at_10": 0.80682,
        "ndcg_at_20": 0.81613,
        "ndcg_at_100": 0.82083,
        "ndcg_at_1000": 0.82083,
        "map_at_1": 0.65789,
        "map_at_3": 0.75439,
        "map_at_5": 0.75877,
        "map_at_10": 0.76335,
        "map_at_20": 0.76614,
        "map_at_100": 0.76671,
        "map_at_1000": 0.76671,
        "recall_at_1": 0.65789,
        "recall_at_3": 0.88596,
        "recall_at_5": 0.90351,
        "recall_at_10": 0.9386,
        "recall_at_20": 0.97368,
        "recall_at_100": 1.0,
        "recall_at_1000": 1.0,
        "precision_at_1": 0.65789,
        "precision_at_3": 0.29532,
        "precision_at_5": 0.1807,
        "precision_at_10": 0.09386,
        "precision_at_20": 0.04868,
        "precision_at_100": 0.01,
        "precision_at_1000": 0.001,
        "mrr_at_1": 0.657895,
        "mrr_at_3": 0.754386,
        "mrr_at_5": 0.758772,
        "mrr_at_10": 0.763349,
        "mrr_at_20": 0.766137,
        "mrr_at_100": 0.766708,
        "mrr_at_1000": 0.766708,
        "nauc_ndcg_at_1_max": 0.144952,
        "nauc_ndcg_at_1_std": -0.468953,
        "nauc_ndcg_at_1_diff1": 0.703742,
        "nauc_ndcg_at_3_max": 0.174457,
        "nauc_ndcg_at_3_std": -0.609373,
        "nauc_ndcg_at_3_diff1": 0.661707,
        "nauc_ndcg_at_5_max": 0.14815,
        "nauc_ndcg_at_5_std": -0.652516,
        "nauc_ndcg_at_5_diff1": 0.671674,
        "nauc_ndcg_at_10_max": 0.19037,
        "nauc_ndcg_at_10_std": -0.639461,
        "nauc_ndcg_at_10_diff1": 0.681606,
        "nauc_ndcg_at_20_max": 0.177141,
        "nauc_ndcg_at_20_std": -0.629436,
        "nauc_ndcg_at_20_diff1": 0.684969,
        "nauc_ndcg_at_100_max": 0.161606,
        "nauc_ndcg_at_100_std": -0.601734,
        "nauc_ndcg_at_100_diff1": 0.684327,
        "nauc_ndcg_at_1000_max": 0.161606,
        "nauc_ndcg_at_1000_std": -0.601734,
        "nauc_ndcg_at_1000_diff1": 0.684327,
        "nauc_map_at_1_max": 0.144952,
        "nauc_map_at_1_std": -0.468953,
        "nauc_map_at_1_diff1": 0.703742,
        "nauc_map_at_3_max": 0.15807,
        "nauc_map_at_3_std": -0.570541,
        "nauc_map_at_3_diff1": 0.675715,
        "nauc_map_at_5_max": 0.144572,
        "nauc_map_at_5_std": -0.591471,
        "nauc_map_at_5_diff1": 0.680973,
        "nauc_map_at_10_max": 0.158889,
        "nauc_map_at_10_std": -0.586532,
        "nauc_map_at_10_diff1": 0.68437,
        "nauc_map_at_20_max": 0.155476,
        "nauc_map_at_20_std": -0.583429,
        "nauc_map_at_20_diff1": 0.685566,
        "nauc_map_at_100_max": 0.154046,
        "nauc_map_at_100_std": -0.580807,
        "nauc_map_at_100_diff1": 0.68558,
        "nauc_map_at_1000_max": 0.154046,
        "nauc_map_at_1000_std": -0.580807,
        "nauc_map_at_1000_diff1": 0.68558,
        "nauc_recall_at_1_max": 0.144952,
        "nauc_recall_at_1_std": -0.468953,
        "nauc_recall_at_1_diff1": 0.703742,
        "nauc_recall_at_3_max": 0.269469,
        "nauc_recall_at_3_std": -0.816798,
        "nauc_recall_at_3_diff1": 0.584712,
        "nauc_recall_at_5_max": 0.170742,
        "nauc_recall_at_5_std": -1.036153,
        "nauc_recall_at_5_diff1": 0.615636,
        "nauc_recall_at_10_max": 0.54137,
        "nauc_recall_at_10_std": -1.128869,
        "nauc_recall_at_10_diff1": 0.671434,
        "nauc_recall_at_20_max": 0.699035,
        "nauc_recall_at_20_std": -1.553327,
        "nauc_recall_at_20_diff1": 0.715652,
        "nauc_recall_at_100_max": NaN,
        "nauc_recall_at_100_std": NaN,
        "nauc_recall_at_100_diff1": NaN,
        "nauc_recall_at_1000_max": NaN,
        "nauc_recall_at_1000_std": NaN,
        "nauc_recall_at_1000_diff1": NaN,
        "nauc_precision_at_1_max": 0.144952,
        "nauc_precision_at_1_std": -0.468953,
        "nauc_precision_at_1_diff1": 0.703742,
        "nauc_precision_at_3_max": 0.269469,
        "nauc_precision_at_3_std": -0.816798,
        "nauc_precision_at_3_diff1": 0.584712,
        "nauc_precision_at_5_max": 0.170742,
        "nauc_precision_at_5_std": -1.036153,
        "nauc_precision_at_5_diff1": 0.615636,
        "nauc_precision_at_10_max": 0.54137,
        "nauc_precision_at_10_std": -1.128869,
        "nauc_precision_at_10_diff1": 0.671434,
        "nauc_precision_at_20_max": 0.699035,
        "nauc_precision_at_20_std": -1.553327,
        "nauc_precision_at_20_diff1": 0.715652,
        "nauc_precision_at_100_max": 1.0,
        "nauc_precision_at_100_std": 1.0,
        "nauc_precision_at_100_diff1": 1.0,
        "nauc_precision_at_1000_max": 1.0,
        "nauc_precision_at_1000_std": 1.0,
        "nauc_precision_at_1000_diff1": 1.0,
        "nauc_mrr_at_1_max": 0.144952,
        "nauc_mrr_at_1_std": -0.468953,
        "nauc_mrr_at_1_diff1": 0.703742,
        "nauc_mrr_at_3_max": 0.15807,
        "nauc_mrr_at_3_std": -0.570541,
        "nauc_mrr_at_3_diff1": 0.675715,
        "nauc_mrr_at_5_max": 0.144572,
        "nauc_mrr_at_5_std": -0.591471,
        "nauc_mrr_at_5_diff1": 0.680973,
        "nauc_mrr_at_10_max": 0.158889,
        "nauc_mrr_at_10_std": -0.586532,
        "nauc_mrr_at_10_diff1": 0.68437,
        "nauc_mrr_at_20_max": 0.155476,
        "nauc_mrr_at_20_std": -0.583429,
        "nauc_mrr_at_20_diff1": 0.685566,
        "nauc_mrr_at_100_max": 0.154046,
        "nauc_mrr_at_100_std": -0.580807,
        "nauc_mrr_at_100_diff1": 0.68558,
        "nauc_mrr_at_1000_max": 0.154046,
        "nauc_mrr_at_1000_std": -0.580807,
        "nauc_mrr_at_1000_diff1": 0.68558,
        "main_score": 0.80682,
        "hf_subset": "default",
        "languages": [
          "kor-Hang"
        ]
      }
    ]
  },
  "evaluation_time": 10.152276277542114,
  "kg_co2_emissions": null
}