{
  "dataset_revision": "75b399394a9803252cfec289d103de462763db7c",
  "task_name": "BelebeleRetrieval",
  "mteb_version": "1.29.16",
  "scores": {
    "test": [
      {
        "ndcg_at_1": 0.9,
        "ndcg_at_3": 0.92729,
        "ndcg_at_5": 0.93236,
        "ndcg_at_10": 0.93636,
        "ndcg_at_20": 0.93941,
        "ndcg_at_100": 0.94156,
        "ndcg_at_1000": 0.94246,
        "map_at_1": 0.9,
        "map_at_3": 0.92093,
        "map_at_5": 0.92376,
        "map_at_10": 0.92544,
        "map_at_20": 0.92625,
        "map_at_100": 0.92659,
        "map_at_1000": 0.92663,
        "recall_at_1": 0.9,
        "recall_at_3": 0.94556,
        "recall_at_5": 0.95778,
        "recall_at_10": 0.97,
        "recall_at_20": 0.98222,
        "recall_at_100": 0.99333,
        "recall_at_1000": 1.0,
        "precision_at_1": 0.9,
        "precision_at_3": 0.31519,
        "precision_at_5": 0.19156,
        "precision_at_10": 0.097,
        "precision_at_20": 0.04911,
        "precision_at_100": 0.00993,
        "precision_at_1000": 0.001,
        "mrr_at_1": 0.9,
        "mrr_at_3": 0.920926,
        "mrr_at_5": 0.923759,
        "mrr_at_10": 0.925442,
        "mrr_at_20": 0.926254,
        "mrr_at_100": 0.926592,
        "mrr_at_1000": 0.926632,
        "nauc_ndcg_at_1_max": 0.849813,
        "nauc_ndcg_at_1_std": 0.119157,
        "nauc_ndcg_at_1_diff1": 0.900093,
        "nauc_ndcg_at_3_max": 0.872149,
        "nauc_ndcg_at_3_std": 0.075853,
        "nauc_ndcg_at_3_diff1": 0.912054,
        "nauc_ndcg_at_5_max": 0.870113,
        "nauc_ndcg_at_5_std": 0.096455,
        "nauc_ndcg_at_5_diff1": 0.907313,
        "nauc_ndcg_at_10_max": 0.865967,
        "nauc_ndcg_at_10_std": 0.086424,
        "nauc_ndcg_at_10_diff1": 0.908127,
        "nauc_ndcg_at_20_max": 0.865356,
        "nauc_ndcg_at_20_std": 0.083029,
        "nauc_ndcg_at_20_diff1": 0.910442,
        "nauc_ndcg_at_100_max": 0.86684,
        "nauc_ndcg_at_100_std": 0.105116,
        "nauc_ndcg_at_100_diff1": 0.909392,
        "nauc_ndcg_at_1000_max": 0.86514,
        "nauc_ndcg_at_1000_std": 0.099406,
        "nauc_ndcg_at_1000_diff1": 0.908351,
        "nauc_map_at_1_max": 0.849813,
        "nauc_map_at_1_std": 0.119157,
        "nauc_map_at_1_diff1": 0.900093,
        "nauc_map_at_3_max": 0.866128,
        "nauc_map_at_3_std": 0.090474,
        "nauc_map_at_3_diff1": 0.908821,
        "nauc_map_at_5_max": 0.864939,
        "nauc_map_at_5_std": 0.101507,
        "nauc_map_at_5_diff1": 0.906386,
        "nauc_map_at_10_max": 0.863324,
        "nauc_map_at_10_std": 0.097936,
        "nauc_map_at_10_diff1": 0.906683,
        "nauc_map_at_20_max": 0.863212,
        "nauc_map_at_20_std": 0.097465,
        "nauc_map_at_20_diff1": 0.907289,
        "nauc_map_at_100_max": 0.863306,
        "nauc_map_at_100_std": 0.100578,
        "nauc_map_at_100_diff1": 0.907099,
        "nauc_map_at_1000_max": 0.863247,
        "nauc_map_at_1000_std": 0.100452,
        "nauc_map_at_1000_diff1": 0.907064,
        "nauc_recall_at_1_max": 0.849813,
        "nauc_recall_at_1_std": 0.119157,
        "nauc_recall_at_1_diff1": 0.900093,
        "nauc_recall_at_3_max": 0.896911,
        "nauc_recall_at_3_std": 0.01372,
        "nauc_recall_at_3_diff1": 0.925351,
        "nauc_recall_at_5_max": 0.895879,
        "nauc_recall_at_5_std": 0.073284,
        "nauc_recall_at_5_diff1": 0.910622,
        "nauc_recall_at_10_max": 0.879656,
        "nauc_recall_at_10_std": -5.2e-05,
        "nauc_recall_at_10_diff1": 0.916917,
        "nauc_recall_at_20_max": 0.87891,
        "nauc_recall_at_20_std": -0.111578,
        "nauc_recall_at_20_diff1": 0.95098,
        "nauc_recall_at_100_max": 0.978214,
        "nauc_recall_at_100_std": 0.512605,
        "nauc_recall_at_100_diff1": 0.978214,
        "nauc_recall_at_1000_max": NaN,
        "nauc_recall_at_1000_std": NaN,
        "nauc_recall_at_1000_diff1": NaN,
        "nauc_precision_at_1_max": 0.849813,
        "nauc_precision_at_1_std": 0.119157,
        "nauc_precision_at_1_diff1": 0.900093,
        "nauc_precision_at_3_max": 0.896911,
        "nauc_precision_at_3_std": 0.01372,
        "nauc_precision_at_3_diff1": 0.925351,
        "nauc_precision_at_5_max": 0.895879,
        "nauc_precision_at_5_std": 0.073284,
        "nauc_precision_at_5_diff1": 0.910622,
        "nauc_precision_at_10_max": 0.879656,
        "nauc_precision_at_10_std": -5.2e-05,
        "nauc_precision_at_10_diff1": 0.916917,
        "nauc_precision_at_20_max": 0.87891,
        "nauc_precision_at_20_std": -0.111578,
        "nauc_precision_at_20_diff1": 0.95098,
        "nauc_precision_at_100_max": 0.978214,
        "nauc_precision_at_100_std": 0.512605,
        "nauc_precision_at_100_diff1": 0.978214,
        "nauc_precision_at_1000_max": NaN,
        "nauc_precision_at_1000_std": NaN,
        "nauc_precision_at_1000_diff1": NaN,
        "nauc_mrr_at_1_max": 0.849813,
        "nauc_mrr_at_1_std": 0.119157,
        "nauc_mrr_at_1_diff1": 0.900093,
        "nauc_mrr_at_3_max": 0.866128,
        "nauc_mrr_at_3_std": 0.090474,
        "nauc_mrr_at_3_diff1": 0.908821,
        "nauc_mrr_at_5_max": 0.864939,
        "nauc_mrr_at_5_std": 0.101507,
        "nauc_mrr_at_5_diff1": 0.906386,
        "nauc_mrr_at_10_max": 0.863324,
        "nauc_mrr_at_10_std": 0.097936,
        "nauc_mrr_at_10_diff1": 0.906683,
        "nauc_mrr_at_20_max": 0.863212,
        "nauc_mrr_at_20_std": 0.097465,
        "nauc_mrr_at_20_diff1": 0.907289,
        "nauc_mrr_at_100_max": 0.863306,
        "nauc_mrr_at_100_std": 0.100578,
        "nauc_mrr_at_100_diff1": 0.907099,
        "nauc_mrr_at_1000_max": 0.863247,
        "nauc_mrr_at_1000_std": 0.100452,
        "nauc_mrr_at_1000_diff1": 0.907064,
        "main_score": 0.93636,
        "hf_subset": "kor_Hang-kor_Hang",
        "languages": [
          "kor-Hang",
          "kor-Hang"
        ]
      },
      {
        "ndcg_at_1": 0.77444,
        "ndcg_at_3": 0.83469,
        "ndcg_at_5": 0.84971,
        "ndcg_at_10": 0.8598,
        "ndcg_at_20": 0.8654,
        "ndcg_at_100": 0.87031,
        "ndcg_at_1000": 0.87122,
        "map_at_1": 0.77444,
        "map_at_3": 0.81981,
        "map_at_5": 0.82809,
        "map_at_10": 0.83228,
        "map_at_20": 0.83381,
        "map_at_100": 0.83454,
        "map_at_1000": 0.83459,
        "recall_at_1": 0.77444,
        "recall_at_3": 0.87778,
        "recall_at_5": 0.91444,
        "recall_at_10": 0.94556,
        "recall_at_20": 0.96778,
        "recall_at_100": 0.99333,
        "recall_at_1000": 1.0,
        "precision_at_1": 0.77444,
        "precision_at_3": 0.29259,
        "precision_at_5": 0.18289,
        "precision_at_10": 0.09456,
        "precision_at_20": 0.04839,
        "precision_at_100": 0.00993,
        "precision_at_1000": 0.001,
        "mrr_at_1": 0.774444,
        "mrr_at_3": 0.819815,
        "mrr_at_5": 0.828093,
        "mrr_at_10": 0.832275,
        "mrr_at_20": 0.833805,
        "mrr_at_100": 0.834541,
        "mrr_at_1000": 0.834586,
        "nauc_ndcg_at_1_max": 0.709926,
        "nauc_ndcg_at_1_std": -0.063143,
        "nauc_ndcg_at_1_diff1": 0.863108,
        "nauc_ndcg_at_3_max": 0.720473,
        "nauc_ndcg_at_3_std": -0.080147,
        "nauc_ndcg_at_3_diff1": 0.841613,
        "nauc_ndcg_at_5_max": 0.723408,
        "nauc_ndcg_at_5_std": -0.062139,
        "nauc_ndcg_at_5_diff1": 0.842072,
        "nauc_ndcg_at_10_max": 0.730953,
        "nauc_ndcg_at_10_std": -0.019305,
        "nauc_ndcg_at_10_diff1": 0.845659,
        "nauc_ndcg_at_20_max": 0.7317,
        "nauc_ndcg_at_20_std": -0.026528,
        "nauc_ndcg_at_20_diff1": 0.847865,
        "nauc_ndcg_at_100_max": 0.726646,
        "nauc_ndcg_at_100_std": -0.040923,
        "nauc_ndcg_at_100_diff1": 0.847999,
        "nauc_ndcg_at_1000_max": 0.725425,
        "nauc_ndcg_at_1000_std": -0.045003,
        "nauc_ndcg_at_1000_diff1": 0.848429,
        "nauc_map_at_1_max": 0.709926,
        "nauc_map_at_1_std": -0.063143,
        "nauc_map_at_1_diff1": 0.863108,