{
  "dataset_revision": "d243889a3eb6654029dbd7e7f9319ae31d58f97c",
  "task_name": "Ko-StrategyQA",
  "mteb_version": "1.29.16",
  "scores": {
    "dev": [
      {
        "ndcg_at_1": 0.71453,
        "ndcg_at_3": 0.7184,
        "ndcg_at_5": 0.74457,
        "ndcg_at_10": 0.76325,
        "ndcg_at_20": 0.77435,
        "ndcg_at_100": 0.78386,
        "ndcg_at_1000": 0.79186,
        "map_at_1": 0.46761,
        "map_at_3": 0.67454,
        "map_at_5": 0.70272,
        "map_at_10": 0.71519,
        "map_at_20": 0.71987,
        "map_at_100": 0.72181,
        "map_at_1000": 0.72217,
        "recall_at_1": 0.46761,
        "recall_at_3": 0.72928,
        "recall_at_5": 0.78289,
        "recall_at_10": 0.82686,
        "recall_at_20": 0.86076,
        "recall_at_100": 0.90259,
        "recall_at_1000": 0.9544,
        "precision_at_1": 0.71453,
        "precision_at_3": 0.42736,
        "precision_at_5": 0.28378,
        "precision_at_10": 0.15253,
        "precision_at_20": 0.08015,
        "precision_at_100": 0.01691,
        "precision_at_1000": 0.00181,
        "mrr_at_1": 0.714527,
        "mrr_at_3": 0.774775,
        "mrr_at_5": 0.777477,
        "mrr_at_10": 0.780593,
        "mrr_at_20": 0.782165,
        "mrr_at_100": 0.782891,
        "mrr_at_1000": 0.783037,
        "nauc_ndcg_at_1_max": 0.657745,
        "nauc_ndcg_at_1_std": 0.24173,
        "nauc_ndcg_at_1_diff1": 0.689846,
        "nauc_ndcg_at_3_max": 0.639985,
        "nauc_ndcg_at_3_std": 0.223257,
        "nauc_ndcg_at_3_diff1": 0.576491,
        "nauc_ndcg_at_5_max": 0.677781,
        "nauc_ndcg_at_5_std": 0.266772,
        "nauc_ndcg_at_5_diff1": 0.564678,
        "nauc_ndcg_at_10_max": 0.68748,
        "nauc_ndcg_at_10_std": 0.301639,
        "nauc_ndcg_at_10_diff1": 0.571674,
        "nauc_ndcg_at_20_max": 0.705281,
        "nauc_ndcg_at_20_std": 0.324945,
        "nauc_ndcg_at_20_diff1": 0.580892,
        "nauc_ndcg_at_100_max": 0.704981,
        "nauc_ndcg_at_100_std": 0.342294,
        "nauc_ndcg_at_100_diff1": 0.578293,
        "nauc_ndcg_at_1000_max": 0.699871,
        "nauc_ndcg_at_1000_std": 0.326877,
        "nauc_ndcg_at_1000_diff1": 0.582325,
        "nauc_map_at_1_max": 0.321776,
        "nauc_map_at_1_std": 0.051511,
        "nauc_map_at_1_diff1": 0.615717,
        "nauc_map_at_3_max": 0.591045,
        "nauc_map_at_3_std": 0.169109,
        "nauc_map_at_3_diff1": 0.566227,
        "nauc_map_at_5_max": 0.628691,
        "nauc_map_at_5_std": 0.209505,
        "nauc_map_at_5_diff1": 0.554182,
        "nauc_map_at_10_max": 0.634033,
        "nauc_map_at_10_std": 0.228864,
        "nauc_map_at_10_diff1": 0.558702,
        "nauc_map_at_20_max": 0.641918,
        "nauc_map_at_20_std": 0.237956,
        "nauc_map_at_20_diff1": 0.561968,
        "nauc_map_at_100_max": 0.642257,
        "nauc_map_at_100_std": 0.241074,
        "nauc_map_at_100_diff1": 0.561667,
        "nauc_map_at_1000_max": 0.642144,
        "nauc_map_at_1000_std": 0.240601,
        "nauc_map_at_1000_diff1": 0.561874,
        "nauc_recall_at_1_max": 0.321776,
        "nauc_recall_at_1_std": 0.051511,
        "nauc_recall_at_1_diff1": 0.615717,
        "nauc_recall_at_3_max": 0.61726,
        "nauc_recall_at_3_std": 0.21254,
        "nauc_recall_at_3_diff1": 0.513592,
        "nauc_recall_at_5_max": 0.700999,
        "nauc_recall_at_5_std": 0.30856,
        "nauc_recall_at_5_diff1": 0.484074,
        "nauc_recall_at_10_max": 0.736903,
        "nauc_recall_at_10_std": 0.419002,
        "nauc_recall_at_10_diff1": 0.498531,
        "nauc_recall_at_20_max": 0.822719,
        "nauc_recall_at_20_std": 0.540586,
        "nauc_recall_at_20_diff1": 0.529592,
        "nauc_recall_at_100_max": 0.862766,
        "nauc_recall_at_100_std": 0.775853,
        "nauc_recall_at_100_diff1": 0.482599,
        "nauc_recall_at_1000_max": 0.918329,
        "nauc_recall_at_1000_std": 0.846873,
        "nauc_recall_at_1000_diff1": 0.480587,
        "nauc_precision_at_1_max": 0.657745,
        "nauc_precision_at_1_std": 0.24173,
        "nauc_precision_at_1_diff1": 0.689846,
        "nauc_precision_at_3_max": 0.482042,
        "nauc_precision_at_3_std": 0.267328,
        "nauc_precision_at_3_diff1": 0.057941,
        "nauc_precision_at_5_max": 0.405916,
        "nauc_precision_at_5_std": 0.275096,
        "nauc_precision_at_5_diff1": -0.036951,
        "nauc_precision_at_10_max": 0.33671,
        "nauc_precision_at_10_std": 0.294959,
        "nauc_precision_at_10_diff1": -0.091127,
        "nauc_precision_at_20_max": 0.314331,
        "nauc_precision_at_20_std": 0.316038,
        "nauc_precision_at_20_diff1": -0.124284,
        "nauc_precision_at_100_max": 0.23692,
        "nauc_precision_at_100_std": 0.318947,
        "nauc_precision_at_100_diff1": -0.191179,
        "nauc_precision_at_1000_max": 0.107935,
        "nauc_precision_at_1000_std": 0.212494,
        "nauc_precision_at_1000_diff1": -0.265746,
        "nauc_mrr_at_1_max": 0.657745,
        "nauc_mrr_at_1_std": 0.24173,
        "nauc_mrr_at_1_diff1": 0.689846,
        "nauc_mrr_at_3_max": 0.729292,
        "nauc_mrr_at_3_std": 0.334929,
        "nauc_mrr_at_3_diff1": 0.661563,
        "nauc_mrr_at_5_max": 0.731308,
        "nauc_mrr_at_5_std": 0.337845,
        "nauc_mrr_at_5_diff1": 0.661708,
        "nauc_mrr_at_10_max": 0.731278,
        "nauc_mrr_at_10_std": 0.339699,
        "nauc_mrr_at_10_diff1": 0.663405,
        "nauc_mrr_at_20_max": 0.73118,
        "nauc_mrr_at_20_std": 0.340714,
        "nauc_mrr_at_20_diff1": 0.664546,
        "nauc_mrr_at_100_max": 0.730669,
        "nauc_mrr_at_100_std": 0.340809,
        "nauc_mrr_at_100_diff1": 0.664665,
        "nauc_mrr_at_1000_max": 0.730492,
        "nauc_mrr_at_1000_std": 0.340435,
        "nauc_mrr_at_1000_diff1": 0.664655,
        "main_score": 0.76325,
        "hf_subset": "default",
        "languages": [
          "kor-Hang"
        ]
      }
    ]
  },
  "evaluation_time": 57.423654556274414,
  "kg_co2_emissions": null
}