{
  "dataset_revision": "main",
  "task_name": "MIRACLRetrieval",
  "mteb_version": "1.29.16",
  "scores": {
    "dev": [
      {
        "ndcg_at_1": 0.61033,
        "ndcg_at_3": 0.6176,
        "ndcg_at_5": 0.6276,
        "ndcg_at_10": 0.65913,
        "ndcg_at_20": 0.69053,
        "ndcg_at_100": 0.72143,
        "ndcg_at_1000": 0.72654,
        "map_at_1": 0.38197,
        "map_at_3": 0.50465,
        "map_at_5": 0.53735,
        "map_at_10": 0.56822,
        "map_at_20": 0.58548,
        "map_at_100": 0.59466,
        "map_at_1000": 0.59528,
        "recall_at_1": 0.38197,
        "recall_at_3": 0.58499,
        "recall_at_5": 0.65526,
        "recall_at_10": 0.75056,
        "recall_at_20": 0.83774,
        "recall_at_100": 0.95188,
        "recall_at_1000": 0.97786,
        "precision_at_1": 0.61033,
        "precision_at_3": 0.36776,
        "precision_at_5": 0.26854,
        "precision_at_10": 0.16901,
        "precision_at_20": 0.1,
        "precision_at_100": 0.02423,
        "precision_at_1000": 0.00252,
        "mrr_at_1": 0.610329,
        "mrr_at_3": 0.711268,
        "mrr_at_5": 0.718545,
        "mrr_at_10": 0.72552,
        "mrr_at_20": 0.727103,
        "mrr_at_100": 0.727978,
        "mrr_at_1000": 0.727988,
        "nauc_ndcg_at_1_max": 0.363021,
        "nauc_ndcg_at_1_std": -0.042296,
        "nauc_ndcg_at_1_diff1": 0.492822,
        "nauc_ndcg_at_3_max": 0.358674,
        "nauc_ndcg_at_3_std": -0.048445,
        "nauc_ndcg_at_3_diff1": 0.480832,
        "nauc_ndcg_at_5_max": 0.369315,
        "nauc_ndcg_at_5_std": -0.019819,
        "nauc_ndcg_at_5_diff1": 0.475952,
        "nauc_ndcg_at_10_max": 0.398008,
        "nauc_ndcg_at_10_std": -0.008035,
        "nauc_ndcg_at_10_diff1": 0.487936,
        "nauc_ndcg_at_20_max": 0.412476,
        "nauc_ndcg_at_20_std": 0.024583,
        "nauc_ndcg_at_20_diff1": 0.489312,
        "nauc_ndcg_at_100_max": 0.412105,
        "nauc_ndcg_at_100_std": 0.023433,
        "nauc_ndcg_at_100_diff1": 0.49975,
        "nauc_ndcg_at_1000_max": 0.413061,
        "nauc_ndcg_at_1000_std": 0.023001,
        "nauc_ndcg_at_1000_diff1": 0.497511,
        "nauc_map_at_1_max": 0.214492,
        "nauc_map_at_1_std": -0.122707,
        "nauc_map_at_1_diff1": 0.520518,
        "nauc_map_at_3_max": 0.296177,
        "nauc_map_at_3_std": -0.090703,
        "nauc_map_at_3_diff1": 0.47893,
        "nauc_map_at_5_max": 0.321156,
        "nauc_map_at_5_std": -0.053627,
        "nauc_map_at_5_diff1": 0.470241,
        "nauc_map_at_10_max": 0.354251,
        "nauc_map_at_10_std": -0.043471,
        "nauc_map_at_10_diff1": 0.487821,
        "nauc_map_at_20_max": 0.364801,
        "nauc_map_at_20_std": -0.029409,
        "nauc_map_at_20_diff1": 0.489186,
        "nauc_map_at_100_max": 0.366346,
        "nauc_map_at_100_std": -0.028111,
        "nauc_map_at_100_diff1": 0.491536,
        "nauc_map_at_1000_max": 0.366562,
        "nauc_map_at_1000_std": -0.028481,
        "nauc_map_at_1000_diff1": 0.491601,
        "nauc_recall_at_1_max": 0.214492,
        "nauc_recall_at_1_std": -0.122707,
        "nauc_recall_at_1_diff1": 0.520518,
        "nauc_recall_at_3_max": 0.26531,
        "nauc_recall_at_3_std": -0.068894,
        "nauc_recall_at_3_diff1": 0.409745,
        "nauc_recall_at_5_max": 0.297952,
        "nauc_recall_at_5_std": 0.001566,
        "nauc_recall_at_5_diff1": 0.370023,
        "nauc_recall_at_10_max": 0.388384,
        "nauc_recall_at_10_std": 0.0103,
        "nauc_recall_at_10_diff1": 0.407716,
        "nauc_recall_at_20_max": 0.440723,
        "nauc_recall_at_20_std": 0.171722,
        "nauc_recall_at_20_diff1": 0.378589,
        "nauc_recall_at_100_max": 0.545394,
        "nauc_recall_at_100_std": 0.322864,
        "nauc_recall_at_100_diff1": 0.512669,
        "nauc_recall_at_1000_max": 0.857152,
        "nauc_recall_at_1000_std": 0.743431,
        "nauc_recall_at_1000_diff1": 0.52794,
        "nauc_precision_at_1_max": 0.363021,
        "nauc_precision_at_1_std": -0.042296,
        "nauc_precision_at_1_diff1": 0.492822,
        "nauc_precision_at_3_max": 0.316402,
        "nauc_precision_at_3_std": 0.113752,
        "nauc_precision_at_3_diff1": 0.081769,
        "nauc_precision_at_5_max": 0.267986,
        "nauc_precision_at_5_std": 0.178829,
        "nauc_precision_at_5_diff1": -0.004231,
        "nauc_precision_at_10_max": 0.241916,
        "nauc_precision_at_10_std": 0.180147,
        "nauc_precision_at_10_diff1": -0.030231,
        "nauc_precision_at_20_max": 0.173029,
        "nauc_precision_at_20_std": 0.182248,
        "nauc_precision_at_20_diff1": -0.082592,
        "nauc_precision_at_100_max": 0.098192,
        "nauc_precision_at_100_std": 0.14408,
        "nauc_precision_at_100_diff1": -0.108657,
        "nauc_precision_at_1000_max": 0.087758,
        "nauc_precision_at_1000_std": 0.132117,
        "nauc_precision_at_1000_diff1": -0.116775,
        "nauc_mrr_at_1_max": 0.363021,
        "nauc_mrr_at_1_std": -0.042296,
        "nauc_mrr_at_1_diff1": 0.492822,
        "nauc_mrr_at_3_max": 0.40441,
        "nauc_mrr_at_3_std": 0.011383,
        "nauc_mrr_at_3_diff1": 0.46785,
        "nauc_mrr_at_5_max": 0.411774,
        "nauc_mrr_at_5_std": 0.015938,
        "nauc_mrr_at_5_diff1": 0.47189,
        "nauc_mrr_at_10_max": 0.407763,
        "nauc_mrr_at_10_std": 0.012721,
        "nauc_mrr_at_10_diff1": 0.477408,
        "nauc_mrr_at_20_max": 0.408228,
        "nauc_mrr_at_20_std": 0.015341,
        "nauc_mrr_at_20_diff1": 0.476169,
        "nauc_mrr_at_100_max": 0.407503,
        "nauc_mrr_at_100_std": 0.013473,
        "nauc_mrr_at_100_diff1": 0.47738,
        "nauc_mrr_at_1000_max": 0.407515,
        "nauc_mrr_at_1000_std": 0.013498,
        "nauc_mrr_at_1000_diff1": 0.477357,
        "main_score": 0.65913,
        "hf_subset": "ko",
        "languages": [
          "kor-Kore"
        ]
      }
    ]
  },
  "evaluation_time": 5944.149179697037,
  "kg_co2_emissions": null
}