{
  "dataset_revision": "fc24a3ce8f09746410daee3d5cd823ff7a0675b7",
  "task_name": "MrTidyRetrieval",
  "mteb_version": "1.29.16",
  "scores": {
    "test": [
      {
        "ndcg_at_1": 0.41568,
        "ndcg_at_3": 0.48461,
        "ndcg_at_5": 0.51236,
        "ndcg_at_10": 0.53766,
        "ndcg_at_20": 0.55826,
        "ndcg_at_100": 0.58428,
        "ndcg_at_1000": 0.5934,
        "map_at_1": 0.38717,
        "map_at_3": 0.45691,
        "map_at_5": 0.47439,
        "map_at_10": 0.48529,
        "map_at_20": 0.49112,
        "map_at_100": 0.49529,
        "map_at_1000": 0.49568,
        "recall_at_1": 0.38717,
        "recall_at_3": 0.53761,
        "recall_at_5": 0.60016,
        "recall_at_10": 0.67379,
        "recall_at_20": 0.75218,
        "recall_at_100": 0.88361,
        "recall_at_1000": 0.95131,
        "precision_at_1": 0.41568,
        "precision_at_3": 0.19477,
        "precision_at_5": 0.13302,
        "precision_at_10": 0.07577,
        "precision_at_20": 0.04276,
        "precision_at_100": 0.01024,
        "precision_at_1000": 0.00111,
        "mrr_at_1": 0.415677,
        "mrr_at_3": 0.485748,
        "mrr_at_5": 0.498931,
        "mrr_at_10": 0.509528,
        "mrr_at_20": 0.514774,
        "mrr_at_100": 0.517754,
        "mrr_at_1000": 0.518063,
        "nauc_ndcg_at_1_max": 0.36563,
        "nauc_ndcg_at_1_std": 0.021405,
        "nauc_ndcg_at_1_diff1": 0.545735,
        "nauc_ndcg_at_3_max": 0.363778,
        "nauc_ndcg_at_3_std": 0.075458,
        "nauc_ndcg_at_3_diff1": 0.467389,
        "nauc_ndcg_at_5_max": 0.35744,
        "nauc_ndcg_at_5_std": 0.064434,
        "nauc_ndcg_at_5_diff1": 0.46136,
        "nauc_ndcg_at_10_max": 0.359559,
        "nauc_ndcg_at_10_std": 0.069018,
        "nauc_ndcg_at_10_diff1": 0.464143,
        "nauc_ndcg_at_20_max": 0.352116,
        "nauc_ndcg_at_20_std": 0.063247,
        "nauc_ndcg_at_20_diff1": 0.457219,
        "nauc_ndcg_at_100_max": 0.364589,
        "nauc_ndcg_at_100_std": 0.066101,
        "nauc_ndcg_at_100_diff1": 0.465926,
        "nauc_ndcg_at_1000_max": 0.366221,
        "nauc_ndcg_at_1000_std": 0.065985,
        "nauc_ndcg_at_1000_diff1": 0.465447,
        "nauc_map_at_1_max": 0.341404,
        "nauc_map_at_1_std": 0.003898,
        "nauc_map_at_1_diff1": 0.528226,
        "nauc_map_at_3_max": 0.354432,
        "nauc_map_at_3_std": 0.055171,
        "nauc_map_at_3_diff1": 0.477927,
        "nauc_map_at_5_max": 0.351993,
        "nauc_map_at_5_std": 0.049569,
        "nauc_map_at_5_diff1": 0.476226,
        "nauc_map_at_10_max": 0.352941,
        "nauc_map_at_10_std": 0.050982,
        "nauc_map_at_10_diff1": 0.477124,
        "nauc_map_at_20_max": 0.35123,
        "nauc_map_at_20_std": 0.050284,
        "nauc_map_at_20_diff1": 0.475396,
        "nauc_map_at_100_max": 0.353237,
        "nauc_map_at_100_std": 0.050806,
        "nauc_map_at_100_diff1": 0.477174,
        "nauc_map_at_1000_max": 0.353336,
        "nauc_map_at_1000_std": 0.050726,
        "nauc_map_at_1000_diff1": 0.47718,
        "nauc_recall_at_1_max": 0.341404,
        "nauc_recall_at_1_std": 0.003898,
        "nauc_recall_at_1_diff1": 0.528226,
        "nauc_recall_at_3_max": 0.361431,
        "nauc_recall_at_3_std": 0.121148,
        "nauc_recall_at_3_diff1": 0.410598,
        "nauc_recall_at_5_max": 0.346582,
        "nauc_recall_at_5_std": 0.098528,
        "nauc_recall_at_5_diff1": 0.396035,
        "nauc_recall_at_10_max": 0.347597,
        "nauc_recall_at_10_std": 0.116493,
        "nauc_recall_at_10_diff1": 0.393829,
        "nauc_recall_at_20_max": 0.307695,
        "nauc_recall_at_20_std": 0.089611,
        "nauc_recall_at_20_diff1": 0.348414,
        "nauc_recall_at_100_max": 0.438337,
        "nauc_recall_at_100_std": 0.154177,
        "nauc_recall_at_100_diff1": 0.372848,
        "nauc_recall_at_1000_max": 0.618793,
        "nauc_recall_at_1000_std": 0.310567,
        "nauc_recall_at_1000_diff1": 0.254789,
        "nauc_precision_at_1_max": 0.36563,
        "nauc_precision_at_1_std": 0.021405,
        "nauc_precision_at_1_diff1": 0.545735,
        "nauc_precision_at_3_max": 0.368948,
        "nauc_precision_at_3_std": 0.13057,
        "nauc_precision_at_3_diff1": 0.392224,
        "nauc_precision_at_5_max": 0.316819,
        "nauc_precision_at_5_std": 0.093421,
        "nauc_precision_at_5_diff1": 0.326096,
        "nauc_precision_at_10_max": 0.292185,
        "nauc_precision_at_10_std": 0.111568,
        "nauc_precision_at_10_diff1": 0.280641,
        "nauc_precision_at_20_max": 0.210837,
        "nauc_precision_at_20_std": 0.077051,
        "nauc_precision_at_20_diff1": 0.177257,
        "nauc_precision_at_100_max": 0.142966,
        "nauc_precision_at_100_std": 0.079245,
        "nauc_precision_at_100_diff1": 0.034753,
        "nauc_precision_at_1000_max": 0.069815,
        "nauc_precision_at_1000_std": 0.064027,
        "nauc_precision_at_1000_diff1": -0.110983,
        "nauc_mrr_at_1_max": 0.36563,
        "nauc_mrr_at_1_std": 0.021405,
        "nauc_mrr_at_1_diff1": 0.545735,
        "nauc_mrr_at_3_max": 0.377567,
        "nauc_mrr_at_3_std": 0.069935,
        "nauc_mrr_at_3_diff1": 0.494994,
        "nauc_mrr_at_5_max": 0.372936,
        "nauc_mrr_at_5_std": 0.06194,
        "nauc_mrr_at_5_diff1": 0.489104,
        "nauc_mrr_at_10_max": 0.37477,
        "nauc_mrr_at_10_std": 0.064485,
        "nauc_mrr_at_10_diff1": 0.492345,
        "nauc_mrr_at_20_max": 0.372642,
        "nauc_mrr_at_20_std": 0.063059,
        "nauc_mrr_at_20_diff1": 0.490381,
        "nauc_mrr_at_100_max": 0.373562,
        "nauc_mrr_at_100_std": 0.062576,
        "nauc_mrr_at_100_diff1": 0.491209,
        "nauc_mrr_at_1000_max": 0.373513,
        "nauc_mrr_at_1000_std": 0.06247,
        "nauc_mrr_at_1000_diff1": 0.49126,
        "main_score": 0.53766,
        "hf_subset": "korean",
        "languages": [
          "kor-Kore"
        ]
      }
    ]
  },
  "evaluation_time": 5873.947786092758,
  "kg_co2_emissions": null
}