{
  "dataset_revision": "d67138e705d963e346253a80e59676ddb418810a",
  "task_name": "MultiLongDocRetrieval",
  "mteb_version": "1.29.16",
  "scores": {
    "dev": [
      {
        "ndcg_at_1": 0.185,
        "ndcg_at_3": 0.24601,
        "ndcg_at_5": 0.26021,
        "ndcg_at_10": 0.27135,
        "ndcg_at_20": 0.28472,
        "ndcg_at_100": 0.31724,
        "ndcg_at_1000": 0.34325,
        "map_at_1": 0.185,
        "map_at_3": 0.23083,
        "map_at_5": 0.23858,
        "map_at_10": 0.24308,
        "map_at_20": 0.24646,
        "map_at_100": 0.25034,
        "map_at_1000": 0.25104,
        "recall_at_1": 0.185,
        "recall_at_3": 0.29,
        "recall_at_5": 0.325,
        "recall_at_10": 0.36,
        "recall_at_20": 0.415,
        "recall_at_100": 0.6,
        "recall_at_1000": 0.82,
        "precision_at_1": 0.185,
        "precision_at_3": 0.09667,
        "precision_at_5": 0.065,
        "precision_at_10": 0.036,
        "precision_at_20": 0.02075,
        "precision_at_100": 0.006,
        "precision_at_1000": 0.00082,
        "mrr_at_1": 0.185,
        "mrr_at_3": 0.230833,
        "mrr_at_5": 0.238583,
        "mrr_at_10": 0.243081,
        "mrr_at_20": 0.246464,
        "mrr_at_100": 0.250338,
        "mrr_at_1000": 0.251036,
        "nauc_ndcg_at_1_max": 0.527168,
        "nauc_ndcg_at_1_std": 0.014784,
        "nauc_ndcg_at_1_diff1": 0.559594,
        "nauc_ndcg_at_3_max": 0.48434,
        "nauc_ndcg_at_3_std": 0.091035,
        "nauc_ndcg_at_3_diff1": 0.472706,
        "nauc_ndcg_at_5_max": 0.449814,
        "nauc_ndcg_at_5_std": 0.076969,
        "nauc_ndcg_at_5_diff1": 0.443832,
        "nauc_ndcg_at_10_max": 0.447785,
        "nauc_ndcg_at_10_std": 0.08679,
        "nauc_ndcg_at_10_diff1": 0.44382,
        "nauc_ndcg_at_20_max": 0.448409,
        "nauc_ndcg_at_20_std": 0.091679,
        "nauc_ndcg_at_20_diff1": 0.440796,
        "nauc_ndcg_at_100_max": 0.462103,
        "nauc_ndcg_at_100_std": 0.121956,
        "nauc_ndcg_at_100_diff1": 0.44629,
        "nauc_ndcg_at_1000_max": 0.462386,
        "nauc_ndcg_at_1000_std": 0.118884,
        "nauc_ndcg_at_1000_diff1": 0.443739,
        "nauc_map_at_1_max": 0.527168,
        "nauc_map_at_1_std": 0.014784,
        "nauc_map_at_1_diff1": 0.559594,
        "nauc_map_at_3_max": 0.493459,
        "nauc_map_at_3_std": 0.071993,
        "nauc_map_at_3_diff1": 0.491309,
        "nauc_map_at_5_max": 0.473685,
        "nauc_map_at_5_std": 0.063892,
        "nauc_map_at_5_diff1": 0.475104,
        "nauc_map_at_10_max": 0.47256,
        "nauc_map_at_10_std": 0.067593,
        "nauc_map_at_10_diff1": 0.474762,
        "nauc_map_at_20_max": 0.472079,
        "nauc_map_at_20_std": 0.06829,
        "nauc_map_at_20_diff1": 0.473401,
        "nauc_map_at_100_max": 0.473787,
        "nauc_map_at_100_std": 0.07125,
        "nauc_map_at_100_diff1": 0.473491,
        "nauc_map_at_1000_max": 0.473862,
        "nauc_map_at_1000_std": 0.071282,
        "nauc_map_at_1000_diff1": 0.473528,
        "nauc_recall_at_1_max": 0.527168,
        "nauc_recall_at_1_std": 0.014784,
        "nauc_recall_at_1_diff1": 0.559594,
        "nauc_recall_at_3_max": 0.461011,
        "nauc_recall_at_3_std": 0.140798,
        "nauc_recall_at_3_diff1": 0.425079,
        "nauc_recall_at_5_max": 0.385312,
        "nauc_recall_at_5_std": 0.109065,
        "nauc_recall_at_5_diff1": 0.361069,
        "nauc_recall_at_10_max": 0.38162,
        "nauc_recall_at_10_std": 0.138134,
        "nauc_recall_at_10_diff1": 0.363486,
        "nauc_recall_at_20_max": 0.389019,
        "nauc_recall_at_20_std": 0.159428,
        "nauc_recall_at_20_diff1": 0.357227,
        "nauc_recall_at_100_max": 0.45797,
        "nauc_recall_at_100_std": 0.349295,
        "nauc_recall_at_100_diff1": 0.384298,
        "nauc_recall_at_1000_max": 0.455144,
        "nauc_recall_at_1000_std": 0.481083,
        "nauc_recall_at_1000_diff1": 0.291524,
        "nauc_precision_at_1_max": 0.527168,
        "nauc_precision_at_1_std": 0.014784,
        "nauc_precision_at_1_diff1": 0.559594,
        "nauc_precision_at_3_max": 0.461011,
        "nauc_precision_at_3_std": 0.140798,
        "nauc_precision_at_3_diff1": 0.425079,
        "nauc_precision_at_5_max": 0.385312,
        "nauc_precision_at_5_std": 0.109065,
        "nauc_precision_at_5_diff1": 0.361069,
        "nauc_precision_at_10_max": 0.38162,
        "nauc_precision_at_10_std": 0.138134,
        "nauc_precision_at_10_diff1": 0.363486,
        "nauc_precision_at_20_max": 0.389019,
        "nauc_precision_at_20_std": 0.159428,
        "nauc_precision_at_20_diff1": 0.357227,
        "nauc_precision_at_100_max": 0.45797,
        "nauc_precision_at_100_std": 0.349295,
        "nauc_precision_at_100_diff1": 0.384298,
        "nauc_precision_at_1000_max": 0.455144,
        "nauc_precision_at_1000_std": 0.481083,
        "nauc_precision_at_1000_diff1": 0.291524,
        "nauc_mrr_at_1_max": 0.527168,
        "nauc_mrr_at_1_std": 0.014784,
        "nauc_mrr_at_1_diff1": 0.559594,
        "nauc_mrr_at_3_max": 0.493459,
        "nauc_mrr_at_3_std": 0.071993,
        "nauc_mrr_at_3_diff1": 0.491309,
        "nauc_mrr_at_5_max": 0.473685,
        "nauc_mrr_at_5_std": 0.063892,
        "nauc_mrr_at_5_diff1": 0.475104,
        "nauc_mrr_at_10_max": 0.47256,
        "nauc_mrr_at_10_std": 0.067593,
        "nauc_mrr_at_10_diff1": 0.474762,
        "nauc_mrr_at_20_max": 0.472079,
        "nauc_mrr_at_20_std": 0.06829,
        "nauc_mrr_at_20_diff1": 0.473401,
        "nauc_mrr_at_100_max": 0.473787,
        "nauc_mrr_at_100_std": 0.07125,
        "nauc_mrr_at_100_diff1": 0.473491,
        "nauc_mrr_at_1000_max": 0.473862,
        "nauc_mrr_at_1000_std": 0.071282,
        "nauc_mrr_at_1000_diff1": 0.473528,
        "main_score": 0.27135,
        "hf_subset": "ko",
        "languages": [
          "kor-Hang"
        ]
      }
    ],
    "test": [
      {
        "ndcg_at_1": 0.215,
        "ndcg_at_3": 0.24327,
        "ndcg_at_5": 0.25813,
        "ndcg_at_10": 0.27145,
        "ndcg_at_20": 0.2863,
        "ndcg_at_100": 0.31275,
        "ndcg_at_1000": 0.34383,
        "map_at_1": 0.215,
        "map_at_3": 0.23583,
        "map_at_5": 0.24433,
        "map_at_10": 0.25006,
        "map_at_20": 0.25398,
        "map_at_100": 0.25714,
        "map_at_1000": 0.25812,
        "recall_at_1": 0.215,
        "recall_at_3": 0.265,
        "recall_at_5": 0.3,
        "recall_at_10": 0.34,
        "recall_at_20": 0.4,
        "recall_at_100": 0.55,
        "recall_at_1000": 0.805,
        "precision_at_1": 0.215,
        "precision_at_3": 0.08833,
        "precision_at_5": 0.06,
        "precision_at_10": 0.034,
        "precision_at_20": 0.02,
        "precision_at_100": 0.0055,
        "precision_at_1000": 0.00081,
        "mrr_at_1": 0.215,
        "mrr_at_3": 0.235833,
        "mrr_at_5": 0.244333,
        "mrr_at_10": 0.250062,
        "mrr_at_20": 0.253979,
        "mrr_at_100": 0.257143,
        "mrr_at_1000": 0.258122,
        "nauc_ndcg_at_1_max": 0.549596,
        "nauc_ndcg_at_1_std": -0.036517,
        "nauc_ndcg_at_1_diff1": 0.62056,
        "nauc_ndcg_at_3_max": 0.549458,
        "nauc_ndcg_at_3_std": -0.004973,
        "nauc_ndcg_at_3_diff1": 0.606656,
        "nauc_ndcg_at_5_max": 0.523696,
        "nauc_ndcg_at_5_std": 0.009265,
        "nauc_ndcg_at_5_diff1": 0.585378,
        "nauc_ndcg_at_10_max": 0.517249,
        "nauc_ndcg_at_10_std": 0.020401,
        "nauc_ndcg_at_10_diff1": 0.572666,
        "nauc_ndcg_at_20_max": 0.501538,
        "nauc_ndcg_at_20_std": 0.021863,
        "nauc_ndcg_at_20_diff1": 0.547941,
        "nauc_ndcg_at_100_max": 0.50442,
        "nauc_ndcg_at_100_std": 0.035896,
        "nauc_ndcg_at_100_diff1": 0.54428,
        "nauc_ndcg_at_1000_max": 0.516494,
        "nauc_ndcg_at_1000_std": 0.056268,
        "nauc_ndcg_at_1000_diff1": 0.54551,
        "nauc_map_at_1_max": 0.549596,
        "nauc_map_at_1_std": -0.036517,
        "nauc_map_at_1_diff1": 0.62056,
        "nauc_map_at_3_max": 0.549431,