{
  "dataset_revision": "main",
  "task_name": "PublicHealthQA",
  "mteb_version": "1.29.16",
  "scores": {
    "test": [
      {
        "ndcg_at_1": 0.62338,
        "ndcg_at_3": 0.74629,
        "ndcg_at_5": 0.76752,
        "ndcg_at_10": 0.78448,
        "ndcg_at_20": 0.79802,
        "ndcg_at_100": 0.80336,
        "ndcg_at_1000": 0.80336,
        "map_at_1": 0.62338,
        "map_at_3": 0.72078,
        "map_at_5": 0.73247,
        "map_at_10": 0.73955,
        "map_at_20": 0.74349,
        "map_at_100": 0.74443,
        "map_at_1000": 0.74443,
        "recall_at_1": 0.62338,
        "recall_at_3": 0.81818,
        "recall_at_5": 0.87013,
        "recall_at_10": 0.92208,
        "recall_at_20": 0.97403,
        "recall_at_100": 1.0,
        "recall_at_1000": 1.0,
        "precision_at_1": 0.62338,
        "precision_at_3": 0.27273,
        "precision_at_5": 0.17403,
        "precision_at_10": 0.09221,
        "precision_at_20": 0.0487,
        "precision_at_100": 0.01,
        "precision_at_1000": 0.001,
        "mrr_at_1": 0.623377,
        "mrr_at_3": 0.720779,
        "mrr_at_5": 0.732468,
        "mrr_at_10": 0.739554,
        "mrr_at_20": 0.743491,
        "mrr_at_100": 0.744426,
        "mrr_at_1000": 0.744426,
        "nauc_ndcg_at_1_max": 0.320914,
        "nauc_ndcg_at_1_std": 0.06798,
        "nauc_ndcg_at_1_diff1": 0.545833,
        "nauc_ndcg_at_3_max": 0.304722,
        "nauc_ndcg_at_3_std": 0.1048,
        "nauc_ndcg_at_3_diff1": 0.504437,
        "nauc_ndcg_at_5_max": 0.28857,
        "nauc_ndcg_at_5_std": 0.063545,
        "nauc_ndcg_at_5_diff1": 0.51012,
        "nauc_ndcg_at_10_max": 0.296526,
        "nauc_ndcg_at_10_std": 0.114659,
        "nauc_ndcg_at_10_diff1": 0.483728,
        "nauc_ndcg_at_20_max": 0.317526,
        "nauc_ndcg_at_20_std": 0.112382,
        "nauc_ndcg_at_20_diff1": 0.515798,
        "nauc_ndcg_at_100_max": 0.306529,
        "nauc_ndcg_at_100_std": 0.094793,
        "nauc_ndcg_at_100_diff1": 0.513444,
        "nauc_ndcg_at_1000_max": 0.306529,
        "nauc_ndcg_at_1000_std": 0.094793,
        "nauc_ndcg_at_1000_diff1": 0.513444,
        "nauc_map_at_1_max": 0.320914,
        "nauc_map_at_1_std": 0.06798,
        "nauc_map_at_1_diff1": 0.545833,
        "nauc_map_at_3_max": 0.309003,
        "nauc_map_at_3_std": 0.095065,
        "nauc_map_at_3_diff1": 0.515382,
        "nauc_map_at_5_max": 0.301849,
        "nauc_map_at_5_std": 0.074899,
        "nauc_map_at_5_diff1": 0.518527,
        "nauc_map_at_10_max": 0.305767,
        "nauc_map_at_10_std": 0.094267,
        "nauc_map_at_10_diff1": 0.50991,
        "nauc_map_at_20_max": 0.309326,
        "nauc_map_at_20_std": 0.09249,
        "nauc_map_at_20_diff1": 0.518194,
        "nauc_map_at_100_max": 0.308006,
        "nauc_map_at_100_std": 0.090224,
        "nauc_map_at_100_diff1": 0.517606,
        "nauc_map_at_1000_max": 0.308006,
        "nauc_map_at_1000_std": 0.090224,
        "nauc_map_at_1000_diff1": 0.517606,
        "nauc_recall_at_1_max": 0.320914,
        "nauc_recall_at_1_std": 0.06798,
        "nauc_recall_at_1_diff1": 0.545833,
        "nauc_recall_at_3_max": 0.288097,
        "nauc_recall_at_3_std": 0.142604,
        "nauc_recall_at_3_diff1": 0.461934,
        "nauc_recall_at_5_max": 0.215277,
        "nauc_recall_at_5_std": -0.00758,
        "nauc_recall_at_5_diff1": 0.469782,
        "nauc_recall_at_10_max": 0.217403,
        "nauc_recall_at_10_std": 0.304819,
        "nauc_recall_at_10_diff1": 0.246522,
        "nauc_recall_at_20_max": 0.678958,
        "nauc_recall_at_20_std": 0.678958,
        "nauc_recall_at_20_diff1": 0.562819,
        "nauc_recall_at_100_max": NaN,
        "nauc_recall_at_100_std": NaN,
        "nauc_recall_at_100_diff1": NaN,
        "nauc_recall_at_1000_max": NaN,
        "nauc_recall_at_1000_std": NaN,
        "nauc_recall_at_1000_diff1": NaN,
        "nauc_precision_at_1_max": 0.320914,
        "nauc_precision_at_1_std": 0.06798,
        "nauc_precision_at_1_diff1": 0.545833,
        "nauc_precision_at_3_max": 0.288097,
        "nauc_precision_at_3_std": 0.142604,
        "nauc_precision_at_3_diff1": 0.461934,
        "nauc_precision_at_5_max": 0.215277,
        "nauc_precision_at_5_std": -0.00758,
        "nauc_precision_at_5_diff1": 0.469782,
        "nauc_precision_at_10_max": 0.217403,
        "nauc_precision_at_10_std": 0.304819,
        "nauc_precision_at_10_diff1": 0.246522,
        "nauc_precision_at_20_max": 0.678958,
        "nauc_precision_at_20_std": 0.678958,
        "nauc_precision_at_20_diff1": 0.562819,
        "nauc_precision_at_100_max": 1.0,
        "nauc_precision_at_100_std": 1.0,
        "nauc_precision_at_100_diff1": 1.0,
        "nauc_precision_at_1000_max": NaN,
        "nauc_precision_at_1000_std": NaN,
        "nauc_precision_at_1000_diff1": NaN,
        "nauc_mrr_at_1_max": 0.320914,
        "nauc_mrr_at_1_std": 0.06798,
        "nauc_mrr_at_1_diff1": 0.545833,
        "nauc_mrr_at_3_max": 0.309003,
        "nauc_mrr_at_3_std": 0.095065,
        "nauc_mrr_at_3_diff1": 0.515382,
        "nauc_mrr_at_5_max": 0.301849,
        "nauc_mrr_at_5_std": 0.074899,
        "nauc_mrr_at_5_diff1": 0.518527,
        "nauc_mrr_at_10_max": 0.305767,
        "nauc_mrr_at_10_std": 0.094267,
        "nauc_mrr_at_10_diff1": 0.50991,
        "nauc_mrr_at_20_max": 0.309326,
        "nauc_mrr_at_20_std": 0.09249,
        "nauc_mrr_at_20_diff1": 0.518194,
        "nauc_mrr_at_100_max": 0.308006,
        "nauc_mrr_at_100_std": 0.090224,
        "nauc_mrr_at_100_diff1": 0.517606,
        "nauc_mrr_at_1000_max": 0.308006,
        "nauc_mrr_at_1000_std": 0.090224,
        "nauc_mrr_at_1000_diff1": 0.517606,
        "main_score": 0.78448,
        "hf_subset": "korean",
        "languages": [
          "kor-Hang"
        ]
      }
    ]
  },
  "evaluation_time": 1.3850245475769043,
  "kg_co2_emissions": null
}