{
  "dataset_revision": "c99d599f0a6ab9b85b065da6f9d94f9cf731679f",
  "task_name": "XPQARetrieval",
  "mteb_version": "1.29.16",
  "scores": {
    "test": [
      {
        "ndcg_at_1": 0.30581,
        "ndcg_at_3": 0.32337,
        "ndcg_at_5": 0.34775,
        "ndcg_at_10": 0.36871,
        "ndcg_at_20": 0.39062,
        "ndcg_at_100": 0.43898,
        "ndcg_at_1000": 0.47042,
        "map_at_1": 0.21654,
        "map_at_3": 0.2965,
        "map_at_5": 0.31775,
        "map_at_10": 0.3276,
        "map_at_20": 0.33433,
        "map_at_100": 0.34197,
        "map_at_1000": 0.34329,
        "recall_at_1": 0.21654,
        "recall_at_3": 0.33871,
        "recall_at_5": 0.39748,
        "recall_at_10": 0.45464,
        "recall_at_20": 0.53305,
        "recall_at_100": 0.76542,
        "recall_at_1000": 1.0,
        "precision_at_1": 0.30581,
        "precision_at_3": 0.18094,
        "precision_at_5": 0.12936,
        "precision_at_10": 0.07446,
        "precision_at_20": 0.0432,
        "precision_at_100": 0.01252,
        "precision_at_1000": 0.00156,
        "mrr_at_1": 0.30581,
        "mrr_at_3": 0.344801,
        "mrr_at_5": 0.355275,
        "mrr_at_10": 0.363192,
        "mrr_at_20": 0.368504,
        "mrr_at_100": 0.373922,
        "mrr_at_1000": 0.374789,
        "nauc_ndcg_at_1_max": 0.311288,
        "nauc_ndcg_at_1_std": -0.283077,
        "nauc_ndcg_at_1_diff1": 0.505347,
        "nauc_ndcg_at_3_max": 0.31655,
        "nauc_ndcg_at_3_std": -0.270178,
        "nauc_ndcg_at_3_diff1": 0.453532,
        "nauc_ndcg_at_5_max": 0.305679,
        "nauc_ndcg_at_5_std": -0.275801,
        "nauc_ndcg_at_5_diff1": 0.436661,
        "nauc_ndcg_at_10_max": 0.3056,
        "nauc_ndcg_at_10_std": -0.270147,
        "nauc_ndcg_at_10_diff1": 0.435218,
        "nauc_ndcg_at_20_max": 0.306377,
        "nauc_ndcg_at_20_std": -0.255502,
        "nauc_ndcg_at_20_diff1": 0.426827,
        "nauc_ndcg_at_100_max": 0.316141,
        "nauc_ndcg_at_100_std": -0.224757,
        "nauc_ndcg_at_100_diff1": 0.414833,
        "nauc_ndcg_at_1000_max": 0.313036,
        "nauc_ndcg_at_1000_std": -0.246118,
        "nauc_ndcg_at_1000_diff1": 0.43138,
        "nauc_map_at_1_max": 0.235078,
        "nauc_map_at_1_std": -0.271015,
        "nauc_map_at_1_diff1": 0.532184,
        "nauc_map_at_3_max": 0.311095,
        "nauc_map_at_3_std": -0.269109,
        "nauc_map_at_3_diff1": 0.457754,
        "nauc_map_at_5_max": 0.303814,
        "nauc_map_at_5_std": -0.277169,
        "nauc_map_at_5_diff1": 0.435833,
        "nauc_map_at_10_max": 0.304025,
        "nauc_map_at_10_std": -0.275743,
        "nauc_map_at_10_diff1": 0.436994,
        "nauc_map_at_20_max": 0.304141,
        "nauc_map_at_20_std": -0.271632,
        "nauc_map_at_20_diff1": 0.433932,
        "nauc_map_at_100_max": 0.305175,
        "nauc_map_at_100_std": -0.266555,
        "nauc_map_at_100_diff1": 0.432242,
        "nauc_map_at_1000_max": 0.3051,
        "nauc_map_at_1000_std": -0.267058,
        "nauc_map_at_1000_diff1": 0.432696,
        "nauc_recall_at_1_max": 0.235078,
        "nauc_recall_at_1_std": -0.271015,
        "nauc_recall_at_1_diff1": 0.532184,
        "nauc_recall_at_3_max": 0.313823,
        "nauc_recall_at_3_std": -0.249996,
        "nauc_recall_at_3_diff1": 0.427477,
        "nauc_recall_at_5_max": 0.28534,
        "nauc_recall_at_5_std": -0.268175,
        "nauc_recall_at_5_diff1": 0.388201,
        "nauc_recall_at_10_max": 0.286909,
        "nauc_recall_at_10_std": -0.248995,
        "nauc_recall_at_10_diff1": 0.379877,
        "nauc_recall_at_20_max": 0.286162,
        "nauc_recall_at_20_std": -0.189555,
        "nauc_recall_at_20_diff1": 0.34246,
        "nauc_recall_at_100_max": 0.345446,
        "nauc_recall_at_100_std": 0.039232,
        "nauc_recall_at_100_diff1": 0.22118,
        "nauc_recall_at_1000_max": NaN,
        "nauc_recall_at_1000_std": NaN,
        "nauc_recall_at_1000_diff1": NaN,
        "nauc_precision_at_1_max": 0.311288,
        "nauc_precision_at_1_std": -0.283077,
        "nauc_precision_at_1_diff1": 0.505347,
        "nauc_precision_at_3_max": 0.335789,
        "nauc_precision_at_3_std": -0.21226,
        "nauc_precision_at_3_diff1": 0.27896,
        "nauc_precision_at_5_max": 0.286018,
        "nauc_precision_at_5_std": -0.211069,
        "nauc_precision_at_5_diff1": 0.2114,
        "nauc_precision_at_10_max": 0.267447,
        "nauc_precision_at_10_std": -0.188898,
        "nauc_precision_at_10_diff1": 0.206173,
        "nauc_precision_at_20_max": 0.243744,
        "nauc_precision_at_20_std": -0.144214,
        "nauc_precision_at_20_diff1": 0.163522,
        "nauc_precision_at_100_max": 0.214885,
        "nauc_precision_at_100_std": 0.027884,
        "nauc_precision_at_100_diff1": 0.03346,
        "nauc_precision_at_1000_max": 0.140024,
        "nauc_precision_at_1000_std": 0.039212,
        "nauc_precision_at_1000_diff1": -0.029463,
        "nauc_mrr_at_1_max": 0.311288,
        "nauc_mrr_at_1_std": -0.283077,
        "nauc_mrr_at_1_diff1": 0.505347,
        "nauc_mrr_at_3_max": 0.325613,
        "nauc_mrr_at_3_std": -0.272578,
        "nauc_mrr_at_3_diff1": 0.485305,
        "nauc_mrr_at_5_max": 0.319542,
        "nauc_mrr_at_5_std": -0.273768,
        "nauc_mrr_at_5_diff1": 0.480104,
        "nauc_mrr_at_10_max": 0.317487,
        "nauc_mrr_at_10_std": -0.271725,
        "nauc_mrr_at_10_diff1": 0.476175,
        "nauc_mrr_at_20_max": 0.31808,
        "nauc_mrr_at_20_std": -0.267332,
        "nauc_mrr_at_20_diff1": 0.474981,
        "nauc_mrr_at_100_max": 0.319132,
        "nauc_mrr_at_100_std": -0.264791,
        "nauc_mrr_at_100_diff1": 0.474002,
        "nauc_mrr_at_1000_max": 0.319001,
        "nauc_mrr_at_1000_std": -0.265319,
        "nauc_mrr_at_1000_diff1": 0.474376,
        "main_score": 0.36871,
        "hf_subset": "kor-kor",
        "languages": [
          "kor-Hang",
          "kor-Hang"
        ]
      },
      {
        "ndcg_at_1": 0.28746,
        "ndcg_at_3": 0.2976,
        "ndcg_at_5": 0.31584,
        "ndcg_at_10": 0.34545,
        "ndcg_at_20": 0.37121,
        "ndcg_at_100": 0.42469,
        "ndcg_at_1000": 0.45866,
        "map_at_1": 0.1656,
        "map_at_3": 0.24906,
        "map_at_5": 0.27422,
        "map_at_10": 0.28984,
        "map_at_20": 0.29906,
        "map_at_100": 0.30812,
        "map_at_1000": 0.30997,
        "recall_at_1": 0.1656,
        "recall_at_3": 0.2936,
        "recall_at_5": 0.35798,
        "recall_at_10": 0.43349,
        "recall_at_20": 0.51575,
        "recall_at_100": 0.76636,
        "recall_at_1000": 0.99809,
        "precision_at_1": 0.28746,
        "precision_at_3": 0.1947,
        "precision_at_5": 0.14771,
        "precision_at_10": 0.09021,
        "precision_at_20": 0.05413,
        "precision_at_100": 0.01554,
        "precision_at_1000": 0.00195,
        "mrr_at_1": 0.287462,
        "mrr_at_3": 0.335372,
        "mrr_at_5": 0.35158,
        "mrr_at_10": 0.360888,
        "mrr_at_20": 0.36642,
        "mrr_at_100": 0.371447,
        "mrr_at_1000": 0.372251,
        "nauc_ndcg_at_1_max": 0.201657,
        "nauc_ndcg_at_1_std": -0.2879,
        "nauc_ndcg_at_1_diff1": 0.442656,
        "nauc_ndcg_at_3_max": 0.192234,
        "nauc_ndcg_at_3_std": -0.290577,
        "nauc_ndcg_at_3_diff1": 0.402866,
        "nauc_ndcg_at_5_max": 0.19155,
        "nauc_ndcg_at_5_std": -0.286866,
        "nauc_ndcg_at_5_diff1": 0.400679,
        "nauc_ndcg_at_10_max": 0.177678,
        "nauc_ndcg_at_10_std": -0.291851,
        "nauc_ndcg_at_10_diff1": 0.395469,
        "nauc_ndcg_at_20_max": 0.165234,
        "nauc_ndcg_at_20_std": -0.291409,
        "nauc_ndcg_at_20_diff1": 0.378526,
        "nauc_ndcg_at_100_max": 0.179826,
        "nauc_ndcg_at_100_std": -0.260967,
        "nauc_ndcg_at_100_diff1": 0.376394,
        "nauc_ndcg_at_1000_max": 0.187783,
        "nauc_ndcg_at_1000_std": -0.267931,
        "nauc_ndcg_at_1000_diff1": 0.388467,
        "nauc_map_at_1_max": 0.174807,
        "nauc_map_at_1_std": -0.245718,