{
  "dataset_revision": "main",
  "task_name": "MIRACLRetrieval",
  "mteb_version": "1.14.15",
  "scores": {
    "dev": [
      {
        "hf_subset": "ko",
        "languages": [
          "kor-Kore"
        ],
        "main_score": 0.62347,
        "map_at_1": 0.35651,
        "map_at_10": 0.53094,
        "map_at_100": 0.55538,
        "map_at_1000": 0.55625,
        "map_at_20": 0.5454,
        "map_at_3": 0.47163,
        "map_at_5": 0.50753,
        "mrr_at_1": 0.586854,
        "mrr_at_10": 0.700199,
        "mrr_at_100": 0.70421,
        "mrr_at_1000": 0.704246,
        "mrr_at_20": 0.702837,
        "mrr_at_3": 0.676839,
        "mrr_at_5": 0.693036,
        "nauc_map_at_1000_diff1": 0.380227,
        "nauc_map_at_1000_max": 0.190486,
        "nauc_map_at_1000_std": -0.014178,
        "nauc_map_at_100_diff1": 0.3798,
        "nauc_map_at_100_max": 0.18909,
        "nauc_map_at_100_std": -0.015448,
        "nauc_map_at_10_diff1": 0.383236,
        "nauc_map_at_10_max": 0.175065,
        "nauc_map_at_10_std": -0.035756,
        "nauc_map_at_1_diff1": 0.446256,
        "nauc_map_at_1_max": 0.106714,
        "nauc_map_at_1_std": -0.121901,
        "nauc_map_at_20_diff1": 0.379686,
        "nauc_map_at_20_max": 0.180781,
        "nauc_map_at_20_std": -0.020758,
        "nauc_map_at_3_diff1": 0.404747,
        "nauc_map_at_3_max": 0.143571,
        "nauc_map_at_3_std": -0.091011,
        "nauc_map_at_5_diff1": 0.384336,
        "nauc_map_at_5_max": 0.153388,
        "nauc_map_at_5_std": -0.057317,
        "nauc_mrr_at_1000_diff1": 0.370971,
        "nauc_mrr_at_1000_max": 0.344759,
        "nauc_mrr_at_1000_std": 0.183608,
        "nauc_mrr_at_100_diff1": 0.371064,
        "nauc_mrr_at_100_max": 0.344836,
        "nauc_mrr_at_100_std": 0.183661,
        "nauc_mrr_at_10_diff1": 0.371556,
        "nauc_mrr_at_10_max": 0.349459,
        "nauc_mrr_at_10_std": 0.188779,
        "nauc_mrr_at_1_diff1": 0.377602,
        "nauc_mrr_at_1_max": 0.281919,
        "nauc_mrr_at_1_std": 0.122681,
        "nauc_mrr_at_20_diff1": 0.371309,
        "nauc_mrr_at_20_max": 0.347912,
        "nauc_mrr_at_20_std": 0.18697,
        "nauc_mrr_at_3_diff1": 0.379694,
        "nauc_mrr_at_3_max": 0.348964,
        "nauc_mrr_at_3_std": 0.162577,
        "nauc_mrr_at_5_diff1": 0.362153,
        "nauc_mrr_at_5_max": 0.335558,
        "nauc_mrr_at_5_std": 0.18241,
        "nauc_ndcg_at_1000_diff1": 0.375158,
        "nauc_ndcg_at_1000_max": 0.271175,
        "nauc_ndcg_at_1000_std": 0.089753,
        "nauc_ndcg_at_100_diff1": 0.376161,
        "nauc_ndcg_at_100_max": 0.259337,
        "nauc_ndcg_at_100_std": 0.075304,
        "nauc_ndcg_at_10_diff1": 0.374641,
        "nauc_ndcg_at_10_max": 0.231743,
        "nauc_ndcg_at_10_std": 0.038621,
        "nauc_ndcg_at_1_diff1": 0.377602,
        "nauc_ndcg_at_1_max": 0.281919,
        "nauc_ndcg_at_1_std": 0.122681,
        "nauc_ndcg_at_20_diff1": 0.370083,
        "nauc_ndcg_at_20_max": 0.238336,
        "nauc_ndcg_at_20_std": 0.064391,
        "nauc_ndcg_at_3_diff1": 0.390602,
        "nauc_ndcg_at_3_max": 0.259424,
        "nauc_ndcg_at_3_std": 0.017344,
        "nauc_ndcg_at_5_diff1": 0.367204,
        "nauc_ndcg_at_5_max": 0.228828,
        "nauc_ndcg_at_5_std": 0.017805,
        "nauc_precision_at_1000_diff1": -0.163457,
        "nauc_precision_at_1000_max": 0.269445,
        "nauc_precision_at_1000_std": 0.324317,
        "nauc_precision_at_100_diff1": -0.162683,
        "nauc_precision_at_100_max": 0.257037,
        "nauc_precision_at_100_std": 0.315776,
        "nauc_precision_at_10_diff1": -0.111653,
        "nauc_precision_at_10_max": 0.295961,
        "nauc_precision_at_10_std": 0.340353,
        "nauc_precision_at_1_diff1": 0.377602,
        "nauc_precision_at_1_max": 0.281919,
        "nauc_precision_at_1_std": 0.122681,
        "nauc_precision_at_20_diff1": -0.153156,
        "nauc_precision_at_20_max": 0.25594,
        "nauc_precision_at_20_std": 0.346995,
        "nauc_precision_at_3_diff1": 0.05941,
        "nauc_precision_at_3_max": 0.295326,
        "nauc_precision_at_3_std": 0.242701,
        "nauc_precision_at_5_diff1": -0.058609,
        "nauc_precision_at_5_max": 0.277949,
        "nauc_precision_at_5_std": 0.299119,
        "nauc_recall_at_1000_diff1": 0.314777,
        "nauc_recall_at_1000_max": 0.510006,
        "nauc_recall_at_1000_std": 0.754403,
        "nauc_recall_at_100_diff1": 0.351247,
        "nauc_recall_at_100_max": 0.204698,
        "nauc_recall_at_100_std": 0.094636,
        "nauc_recall_at_10_diff1": 0.309551,
        "nauc_recall_at_10_max": 0.182831,
        "nauc_recall_at_10_std": 0.033121,
        "nauc_recall_at_1_diff1": 0.446256,
        "nauc_recall_at_1_max": 0.106714,
        "nauc_recall_at_1_std": -0.121901,
        "nauc_recall_at_20_diff1": 0.298258,
        "nauc_recall_at_20_max": 0.193235,
        "nauc_recall_at_20_std": 0.10413,
        "nauc_recall_at_3_diff1": 0.38451,
        "nauc_recall_at_3_max": 0.139868,
        "nauc_recall_at_3_std": -0.110433,
        "nauc_recall_at_5_diff1": 0.309474,
        "nauc_recall_at_5_max": 0.113208,
        "nauc_recall_at_5_std": -0.047961,
        "ndcg_at_1": 0.58685,
        "ndcg_at_10": 0.62347,
        "ndcg_at_100": 0.68754,
        "ndcg_at_1000": 0.69732,
        "ndcg_at_20": 0.65146,
        "ndcg_at_3": 0.58375,
        "ndcg_at_5": 0.59917,
        "precision_at_1": 0.58685,
        "precision_at_10": 0.15493,
        "precision_at_100": 0.023,
        "precision_at_1000": 0.00253,
        "precision_at_20": 0.09085,
        "precision_at_3": 0.35211,
        "precision_at_5": 0.26197,
        "recall_at_1": 0.35651,
        "recall_at_10": 0.71945,
        "recall_at_100": 0.93058,
        "recall_at_1000": 0.98059,
        "recall_at_20": 0.79728,
        "recall_at_3": 0.54423,
        "recall_at_5": 0.63246
      }
    ]
  },
  "evaluation_time": 10921.968696117401,
  "kg_co2_emissions": null
}