{
  "dataset_revision": "c99d599f0a6ab9b85b065da6f9d94f9cf731679f",
  "task_name": "XPQARetrieval",
  "mteb_version": "1.14.15",
  "scores": {
    "test": [
      {
        "hf_subset": "kor-kor",
        "languages": [
          "kor-Hang",
          "kor-Hang"
        ],
        "main_score": 0.35086,
        "map_at_1": 0.19131,
        "map_at_10": 0.30434,
        "map_at_100": 0.32044,
        "map_at_1000": 0.3217,
        "map_at_20": 0.31239,
        "map_at_3": 0.27181,
        "map_at_5": 0.29452,
        "mrr_at_1": 0.275229,
        "mrr_at_10": 0.345708,
        "mrr_at_100": 0.357276,
        "mrr_at_1000": 0.358128,
        "mrr_at_20": 0.351333,
        "mrr_at_3": 0.322375,
        "mrr_at_5": 0.339118,
        "nauc_map_at_1000_diff1": 0.409891,
        "nauc_map_at_1000_max": 0.16454,
        "nauc_map_at_1000_std": -0.313978,
        "nauc_map_at_100_diff1": 0.409495,
        "nauc_map_at_100_max": 0.165086,
        "nauc_map_at_100_std": -0.312709,
        "nauc_map_at_10_diff1": 0.412255,
        "nauc_map_at_10_max": 0.160446,
        "nauc_map_at_10_std": -0.32486,
        "nauc_map_at_1_diff1": 0.477706,
        "nauc_map_at_1_max": 0.140124,
        "nauc_map_at_1_std": -0.293345,
        "nauc_map_at_20_diff1": 0.409666,
        "nauc_map_at_20_max": 0.159601,
        "nauc_map_at_20_std": -0.321366,
        "nauc_map_at_3_diff1": 0.41508,
        "nauc_map_at_3_max": 0.16115,
        "nauc_map_at_3_std": -0.315201,
        "nauc_map_at_5_diff1": 0.415604,
        "nauc_map_at_5_max": 0.164822,
        "nauc_map_at_5_std": -0.32531,
        "nauc_mrr_at_1000_diff1": 0.431608,
        "nauc_mrr_at_1000_max": 0.163864,
        "nauc_mrr_at_1000_std": -0.314897,
        "nauc_mrr_at_100_diff1": 0.431428,
        "nauc_mrr_at_100_max": 0.164506,
        "nauc_mrr_at_100_std": -0.313728,
        "nauc_mrr_at_10_diff1": 0.433098,
        "nauc_mrr_at_10_max": 0.160436,
        "nauc_mrr_at_10_std": -0.322904,
        "nauc_mrr_at_1_diff1": 0.454817,
        "nauc_mrr_at_1_max": 0.180972,
        "nauc_mrr_at_1_std": -0.320578,
        "nauc_mrr_at_20_diff1": 0.430673,
        "nauc_mrr_at_20_max": 0.160374,
        "nauc_mrr_at_20_std": -0.319157,
        "nauc_mrr_at_3_diff1": 0.435812,
        "nauc_mrr_at_3_max": 0.152534,
        "nauc_mrr_at_3_std": -0.329629,
        "nauc_mrr_at_5_diff1": 0.435672,
        "nauc_mrr_at_5_max": 0.159219,
        "nauc_mrr_at_5_std": -0.32828,
        "nauc_ndcg_at_1000_diff1": 0.408705,
        "nauc_ndcg_at_1000_max": 0.172542,
        "nauc_ndcg_at_1000_std": -0.292515,
        "nauc_ndcg_at_100_diff1": 0.400265,
        "nauc_ndcg_at_100_max": 0.187607,
        "nauc_ndcg_at_100_std": -0.25818,
        "nauc_ndcg_at_10_diff1": 0.407458,
        "nauc_ndcg_at_10_max": 0.153821,
        "nauc_ndcg_at_10_std": -0.325815,
        "nauc_ndcg_at_1_diff1": 0.460626,
        "nauc_ndcg_at_1_max": 0.184783,
        "nauc_ndcg_at_1_std": -0.318073,
        "nauc_ndcg_at_20_diff1": 0.398793,
        "nauc_ndcg_at_20_max": 0.151673,
        "nauc_ndcg_at_20_std": -0.312307,
        "nauc_ndcg_at_3_diff1": 0.413138,
        "nauc_ndcg_at_3_max": 0.149682,
        "nauc_ndcg_at_3_std": -0.323569,
        "nauc_ndcg_at_5_diff1": 0.415595,
        "nauc_ndcg_at_5_max": 0.160584,
        "nauc_ndcg_at_5_std": -0.330681,
        "nauc_precision_at_1000_diff1": 0.005599,
        "nauc_precision_at_1000_max": 0.122016,
        "nauc_precision_at_1000_std": 0.042359,
        "nauc_precision_at_100_diff1": 0.095733,
        "nauc_precision_at_100_max": 0.21966,
        "nauc_precision_at_100_std": 0.084927,
        "nauc_precision_at_10_diff1": 0.234152,
        "nauc_precision_at_10_max": 0.121062,
        "nauc_precision_at_10_std": -0.27549,
        "nauc_precision_at_1_diff1": 0.460626,
        "nauc_precision_at_1_max": 0.184783,
        "nauc_precision_at_1_std": -0.318073,
        "nauc_precision_at_20_diff1": 0.192111,
        "nauc_precision_at_20_max": 0.110989,
        "nauc_precision_at_20_std": -0.215147,
        "nauc_precision_at_3_diff1": 0.285456,
        "nauc_precision_at_3_max": 0.152585,
        "nauc_precision_at_3_std": -0.298514,
        "nauc_precision_at_5_diff1": 0.266922,
        "nauc_precision_at_5_max": 0.150065,
        "nauc_precision_at_5_std": -0.301439,
        "nauc_recall_at_1000_diff1": NaN,
        "nauc_recall_at_1000_max": NaN,
        "nauc_recall_at_1000_std": NaN,
        "nauc_recall_at_100_diff1": 0.286241,
        "nauc_recall_at_100_max": 0.33386,
        "nauc_recall_at_100_std": 0.123836,
        "nauc_recall_at_10_diff1": 0.359171,
        "nauc_recall_at_10_max": 0.13294,
        "nauc_recall_at_10_std": -0.312821,
        "nauc_recall_at_1_diff1": 0.477706,
        "nauc_recall_at_1_max": 0.140124,
        "nauc_recall_at_1_std": -0.293345,
        "nauc_recall_at_20_diff1": 0.324225,
        "nauc_recall_at_20_max": 0.120061,
        "nauc_recall_at_20_std": -0.263779,
        "nauc_recall_at_3_diff1": 0.384936,
        "nauc_recall_at_3_max": 0.135917,
        "nauc_recall_at_3_std": -0.311944,
        "nauc_recall_at_5_diff1": 0.384463,
        "nauc_recall_at_5_max": 0.153861,
        "nauc_recall_at_5_std": -0.324931,
        "ndcg_at_1": 0.2737,
        "ndcg_at_10": 0.35086,
        "ndcg_at_100": 0.42802,
        "ndcg_at_1000": 0.45685,
        "ndcg_at_20": 0.37512,
        "ndcg_at_3": 0.29972,
        "ndcg_at_5": 0.33117,
        "precision_at_1": 0.2737,
        "precision_at_10": 0.07125,
        "precision_at_100": 0.01257,
        "precision_at_1000": 0.00156,
        "precision_at_20": 0.04228,
        "precision_at_3": 0.16718,
        "precision_at_5": 0.12416,
        "recall_at_1": 0.19131,
        "recall_at_10": 0.4476,
        "recall_at_100": 0.7923,
        "recall_at_1000": 1.0,
        "recall_at_20": 0.53259,
        "recall_at_3": 0.31814,
        "recall_at_5": 0.39422
      },
      {
        "hf_subset": "eng-kor",
        "languages": [
          "eng-Latn",
          "kor-Hang"
        ],
        "main_score": 0.36377,
        "map_at_1": 0.17026,
        "map_at_10": 0.30586,
        "map_at_100": 0.32484,
        "map_at_1000": 0.32634,
        "map_at_20": 0.31556,
        "map_at_3": 0.26655,
        "map_at_5": 0.28822,
        "mrr_at_1": 0.301223,
        "mrr_at_10": 0.380365,
        "mrr_at_100": 0.391343,
        "mrr_at_1000": 0.392042,
        "mrr_at_20": 0.38581,
        "mrr_at_3": 0.360092,
        "mrr_at_5": 0.371636,
        "nauc_map_at_1000_diff1": 0.390513,
        "nauc_map_at_1000_max": 0.091515,
        "nauc_map_at_1000_std": -0.389754,
        "nauc_map_at_100_diff1": 0.390704,
        "nauc_map_at_100_max": 0.090739,
        "nauc_map_at_100_std": -0.390655,
        "nauc_map_at_10_diff1": 0.389954,
        "nauc_map_at_10_max": 0.087183,
        "nauc_map_at_10_std": -0.395816,
        "nauc_map_at_1_diff1": 0.460493,
        "nauc_map_at_1_max": 0.063013,
        "nauc_map_at_1_std": -0.349774,
        "nauc_map_at_20_diff1": 0.390505,
        "nauc_map_at_20_max": 0.091627,
        "nauc_map_at_20_std": -0.392267,
        "nauc_map_at_3_diff1": 0.409061,
        "nauc_map_at_3_max": 0.075618,
        "nauc_map_at_3_std": -0.391809,
        "nauc_map_at_5_diff1": 0.399319,
        "nauc_map_at_5_max": 0.084234,
        "nauc_map_at_5_std": -0.39103,
        "nauc_mrr_at_1000_diff1": 0.352497,
        "nauc_mrr_at_1000_max": 0.064647,
        "nauc_mrr_at_1000_std": -0.395879,
        "nauc_mrr_at_100_diff1": 0.352418,
        "nauc_mrr_at_100_max": 0.06472,
        "nauc_mrr_at_100_std": -0.395653,
        "nauc_mrr_at_10_diff1": 0.350298,
        "nauc_mrr_at_10_max": 0.060858,
        "nauc_mrr_at_10_std": -0.402544,
        "nauc_mrr_at_1_diff1": 0.410396,
        "nauc_mrr_at_1_max": 0.091223,
        "nauc_mrr_at_1_std": -0.397301,
        "nauc_mrr_at_20_diff1": 0.35087,
        "nauc_mrr_at_20_max": 0.064663,
        "nauc_mrr_at_20_std": -0.39697,