{
  "dataset_revision": "75b399394a9803252cfec289d103de462763db7c",
  "task_name": "BelebeleRetrieval",
  "mteb_version": "1.14.15",
  "scores": {
    "test": [
      {
        "hf_subset": "kor_Hang-kor_Hang",
        "languages": [
          "kor-Hang",
          "kor-Hang"
        ],
        "main_score": 0.95001,
        "map_at_1": 0.90778,
        "map_at_10": 0.93791,
        "map_at_100": 0.93841,
        "map_at_1000": 0.93842,
        "map_at_20": 0.93826,
        "map_at_3": 0.93259,
        "map_at_5": 0.93676,
        "mrr_at_1": 0.907778,
        "mrr_at_10": 0.93791,
        "mrr_at_100": 0.938406,
        "mrr_at_1000": 0.938419,
        "mrr_at_20": 0.938257,
        "mrr_at_3": 0.932593,
        "mrr_at_5": 0.936759,
        "nauc_map_at_1000_diff1": 0.914267,
        "nauc_map_at_1000_max": 0.74172,
        "nauc_map_at_1000_std": -0.022857,
        "nauc_map_at_100_diff1": 0.914285,
        "nauc_map_at_100_max": 0.741776,
        "nauc_map_at_100_std": -0.022635,
        "nauc_map_at_10_diff1": 0.913495,
        "nauc_map_at_10_max": 0.741494,
        "nauc_map_at_10_std": -0.024851,
        "nauc_map_at_1_diff1": 0.91276,
        "nauc_map_at_1_max": 0.720653,
        "nauc_map_at_1_std": -0.050173,
        "nauc_map_at_20_diff1": 0.914412,
        "nauc_map_at_20_max": 0.742126,
        "nauc_map_at_20_std": -0.021968,
        "nauc_map_at_3_diff1": 0.912285,
        "nauc_map_at_3_max": 0.742228,
        "nauc_map_at_3_std": -0.023631,
        "nauc_map_at_5_diff1": 0.914112,
        "nauc_map_at_5_max": 0.743745,
        "nauc_map_at_5_std": -0.020492,
        "nauc_mrr_at_1000_diff1": 0.914267,
        "nauc_mrr_at_1000_max": 0.74172,
        "nauc_mrr_at_1000_std": -0.022857,
        "nauc_mrr_at_100_diff1": 0.914285,
        "nauc_mrr_at_100_max": 0.741776,
        "nauc_mrr_at_100_std": -0.022635,
        "nauc_mrr_at_10_diff1": 0.913495,
        "nauc_mrr_at_10_max": 0.741494,
        "nauc_mrr_at_10_std": -0.024851,
        "nauc_mrr_at_1_diff1": 0.91276,
        "nauc_mrr_at_1_max": 0.720653,
        "nauc_mrr_at_1_std": -0.050173,
        "nauc_mrr_at_20_diff1": 0.914412,
        "nauc_mrr_at_20_max": 0.742126,
        "nauc_mrr_at_20_std": -0.021968,
        "nauc_mrr_at_3_diff1": 0.912285,
        "nauc_mrr_at_3_max": 0.742228,
        "nauc_mrr_at_3_std": -0.023631,
        "nauc_mrr_at_5_diff1": 0.914112,
        "nauc_mrr_at_5_max": 0.743745,
        "nauc_mrr_at_5_std": -0.020492,
        "nauc_ndcg_at_1000_diff1": 0.914844,
        "nauc_ndcg_at_1000_max": 0.745287,
        "nauc_ndcg_at_1000_std": -0.017786,
        "nauc_ndcg_at_100_diff1": 0.915378,
        "nauc_ndcg_at_100_max": 0.746883,
        "nauc_ndcg_at_100_std": -0.011409,
        "nauc_ndcg_at_10_diff1": 0.912916,
        "nauc_ndcg_at_10_max": 0.747442,
        "nauc_ndcg_at_10_std": -0.021545,
        "nauc_ndcg_at_1_diff1": 0.91276,
        "nauc_ndcg_at_1_max": 0.720653,
        "nauc_ndcg_at_1_std": -0.050173,
        "nauc_ndcg_at_20_diff1": 0.916448,
        "nauc_ndcg_at_20_max": 0.749575,
        "nauc_ndcg_at_20_std": -0.008984,
        "nauc_ndcg_at_3_diff1": 0.91119,
        "nauc_ndcg_at_3_max": 0.749688,
        "nauc_ndcg_at_3_std": -0.017244,
        "nauc_ndcg_at_5_diff1": 0.914542,
        "nauc_ndcg_at_5_max": 0.753492,
        "nauc_ndcg_at_5_std": -0.00865,
        "nauc_precision_at_1000_diff1": NaN,
        "nauc_precision_at_1000_max": NaN,
        "nauc_precision_at_1000_std": NaN,
        "nauc_precision_at_100_diff1": 1.0,
        "nauc_precision_at_100_max": 1.0,
        "nauc_precision_at_100_std": 1.0,
        "nauc_precision_at_10_diff1": 0.902933,
        "nauc_precision_at_10_max": 0.814854,
        "nauc_precision_at_10_std": -0.000428,
        "nauc_precision_at_1_diff1": 0.91276,
        "nauc_precision_at_1_max": 0.720653,
        "nauc_precision_at_1_std": -0.050173,
        "nauc_precision_at_20_diff1": 0.96732,
        "nauc_precision_at_20_max": 0.885037,
        "nauc_precision_at_20_std": 0.273576,
        "nauc_precision_at_3_diff1": 0.905295,
        "nauc_precision_at_3_max": 0.785488,
        "nauc_precision_at_3_std": 0.011498,
        "nauc_precision_at_5_diff1": 0.918055,
        "nauc_precision_at_5_max": 0.83552,
        "nauc_precision_at_5_std": 0.092756,
        "nauc_recall_at_1000_diff1": NaN,
        "nauc_recall_at_1000_max": NaN,
        "nauc_recall_at_1000_std": NaN,
        "nauc_recall_at_100_diff1": 1.0,
        "nauc_recall_at_100_max": 1.0,
        "nauc_recall_at_100_std": 1.0,
        "nauc_recall_at_10_diff1": 0.902933,
        "nauc_recall_at_10_max": 0.814854,
        "nauc_recall_at_10_std": -0.000428,
        "nauc_recall_at_1_diff1": 0.91276,
        "nauc_recall_at_1_max": 0.720653,
        "nauc_recall_at_1_std": -0.050173,
        "nauc_recall_at_20_diff1": 0.96732,
        "nauc_recall_at_20_max": 0.885037,
        "nauc_recall_at_20_std": 0.273576,
        "nauc_recall_at_3_diff1": 0.905295,
        "nauc_recall_at_3_max": 0.785488,
        "nauc_recall_at_3_std": 0.011498,
        "nauc_recall_at_5_diff1": 0.918055,
        "nauc_recall_at_5_max": 0.83552,
        "nauc_recall_at_5_std": 0.092756,
        "ndcg_at_1": 0.90778,
        "ndcg_at_10": 0.95001,
        "ndcg_at_100": 0.95238,
        "ndcg_at_1000": 0.95268,
        "ndcg_at_20": 0.95119,
        "ndcg_at_3": 0.93997,
        "ndcg_at_5": 0.94739,
        "precision_at_1": 0.90778,
        "precision_at_10": 0.09867,
        "precision_at_100": 0.00998,
        "precision_at_1000": 0.001,
        "precision_at_20": 0.04956,
        "precision_at_3": 0.32037,
        "precision_at_5": 0.19578,
        "recall_at_1": 0.90778,
        "recall_at_10": 0.98667,
        "recall_at_100": 0.99778,
        "recall_at_1000": 1.0,
        "recall_at_20": 0.99111,
        "recall_at_3": 0.96111,
        "recall_at_5": 0.97889
      },
      {
        "hf_subset": "kor_Hang-eng_Latn",
        "languages": [
          "kor-Hang",
          "eng-Latn"
        ],
        "main_score": 0.9533,
        "map_at_1": 0.90778,
        "map_at_10": 0.94111,
        "map_at_100": 0.94148,
        "map_at_1000": 0.94149,
        "map_at_20": 0.94134,
        "map_at_3": 0.93833,
        "map_at_5": 0.93944,
        "mrr_at_1": 0.907778,
        "mrr_at_10": 0.941109,
        "mrr_at_100": 0.941482,
        "mrr_at_1000": 0.941493,
        "mrr_at_20": 0.941341,
        "mrr_at_3": 0.938333,
        "mrr_at_5": 0.939444,
        "nauc_map_at_1000_diff1": 0.913239,
        "nauc_map_at_1000_max": 0.703485,
        "nauc_map_at_1000_std": -0.085339,
        "nauc_map_at_100_diff1": 0.913255,
        "nauc_map_at_100_max": 0.703539,
        "nauc_map_at_100_std": -0.085143,
        "nauc_map_at_10_diff1": 0.913179,
        "nauc_map_at_10_max": 0.703696,
        "nauc_map_at_10_std": -0.087419,
        "nauc_map_at_1_diff1": 0.91276,
        "nauc_map_at_1_max": 0.680577,
        "nauc_map_at_1_std": -0.089715,
        "nauc_map_at_20_diff1": 0.913363,
        "nauc_map_at_20_max": 0.70391,
        "nauc_map_at_20_std": -0.084637,
        "nauc_map_at_3_diff1": 0.913022,
        "nauc_map_at_3_max": 0.70488,
        "nauc_map_at_3_std": -0.08528,
        "nauc_map_at_5_diff1": 0.9139,
        "nauc_map_at_5_max": 0.708436,
        "nauc_map_at_5_std": -0.082712,
        "nauc_mrr_at_1000_diff1": 0.913239,
        "nauc_mrr_at_1000_max": 0.703485,
        "nauc_mrr_at_1000_std": -0.085339,
        "nauc_mrr_at_100_diff1": 0.913255,
        "nauc_mrr_at_100_max": 0.703539,
        "nauc_mrr_at_100_std": -0.085143,
        "nauc_mrr_at_10_diff1": 0.913179,
        "nauc_mrr_at_10_max": 0.703696,
        "nauc_mrr_at_10_std": -0.087419,
        "nauc_mrr_at_1_diff1": 0.91276,
        "nauc_mrr_at_1_max": 0.680577,
        "nauc_mrr_at_1_std": -0.089715,
        "nauc_mrr_at_20_diff1": 0.913363,
        "nauc_mrr_at_20_max": 0.70391,
        "nauc_mrr_at_20_std": -0.084637,
        "nauc_mrr_at_3_diff1": 0.913022,