{
  "dataset_revision": "main",
  "task_name": "MIRACLRetrieval",
  "mteb_version": "1.14.15",
  "scores": {
    "dev": [
      {
        "hf_subset": "ko",
        "languages": [
          "kor-Kore"
        ],
        "main_score": 0.70315,
        "map_at_1": 0.40696,
        "map_at_10": 0.6179,
        "map_at_100": 0.64309,
        "map_at_1000": 0.64353,
        "map_at_20": 0.6354,
        "map_at_3": 0.5396,
        "map_at_5": 0.5818,
        "mrr_at_1": 0.647887,
        "mrr_at_10": 0.754114,
        "mrr_at_100": 0.756484,
        "mrr_at_1000": 0.756571,
        "mrr_at_20": 0.755896,
        "mrr_at_3": 0.739437,
        "mrr_at_5": 0.748826,
        "nauc_map_at_1000_diff1": 0.42553,
        "nauc_map_at_1000_max": 0.432539,
        "nauc_map_at_1000_std": -0.048738,
        "nauc_map_at_100_diff1": 0.425107,
        "nauc_map_at_100_max": 0.432888,
        "nauc_map_at_100_std": -0.048271,
        "nauc_map_at_10_diff1": 0.422393,
        "nauc_map_at_10_max": 0.414169,
        "nauc_map_at_10_std": -0.097653,
        "nauc_map_at_1_diff1": 0.547677,
        "nauc_map_at_1_max": 0.350847,
        "nauc_map_at_1_std": -0.20351,
        "nauc_map_at_20_diff1": 0.419526,
        "nauc_map_at_20_max": 0.427769,
        "nauc_map_at_20_std": -0.058149,
        "nauc_map_at_3_diff1": 0.470981,
        "nauc_map_at_3_max": 0.404666,
        "nauc_map_at_3_std": -0.185536,
        "nauc_map_at_5_diff1": 0.455811,
        "nauc_map_at_5_max": 0.397131,
        "nauc_map_at_5_std": -0.154548,
        "nauc_mrr_at_1000_diff1": 0.47142,
        "nauc_mrr_at_1000_max": 0.499741,
        "nauc_mrr_at_1000_std": 0.05936,
        "nauc_mrr_at_100_diff1": 0.471465,
        "nauc_mrr_at_100_max": 0.499826,
        "nauc_mrr_at_100_std": 0.0596,
        "nauc_mrr_at_10_diff1": 0.467929,
        "nauc_mrr_at_10_max": 0.501083,
        "nauc_mrr_at_10_std": 0.061687,
        "nauc_mrr_at_1_diff1": 0.50424,
        "nauc_mrr_at_1_max": 0.469931,
        "nauc_mrr_at_1_std": -0.001101,
        "nauc_mrr_at_20_diff1": 0.470485,
        "nauc_mrr_at_20_max": 0.500833,
        "nauc_mrr_at_20_std": 0.060926,
        "nauc_mrr_at_3_diff1": 0.471505,
        "nauc_mrr_at_3_max": 0.498162,
        "nauc_mrr_at_3_std": 0.05635,
        "nauc_mrr_at_5_diff1": 0.472387,
        "nauc_mrr_at_5_max": 0.495539,
        "nauc_mrr_at_5_std": 0.063566,
        "nauc_ndcg_at_1000_diff1": 0.427053,
        "nauc_ndcg_at_1000_max": 0.471173,
        "nauc_ndcg_at_1000_std": 0.031339,
        "nauc_ndcg_at_100_diff1": 0.422166,
        "nauc_ndcg_at_100_max": 0.480085,
        "nauc_ndcg_at_100_std": 0.044985,
        "nauc_ndcg_at_10_diff1": 0.396595,
        "nauc_ndcg_at_10_max": 0.451277,
        "nauc_ndcg_at_10_std": -0.030608,
        "nauc_ndcg_at_1_diff1": 0.50424,
        "nauc_ndcg_at_1_max": 0.469931,
        "nauc_ndcg_at_1_std": -0.001101,
        "nauc_ndcg_at_20_diff1": 0.396261,
        "nauc_ndcg_at_20_max": 0.476019,
        "nauc_ndcg_at_20_std": 0.032484,
        "nauc_ndcg_at_3_diff1": 0.421666,
        "nauc_ndcg_at_3_max": 0.451494,
        "nauc_ndcg_at_3_std": -0.040851,
        "nauc_ndcg_at_5_diff1": 0.426938,
        "nauc_ndcg_at_5_max": 0.426445,
        "nauc_ndcg_at_5_std": -0.039844,
        "nauc_precision_at_1000_diff1": -0.241019,
        "nauc_precision_at_1000_max": -0.047464,
        "nauc_precision_at_1000_std": 0.417416,
        "nauc_precision_at_100_diff1": -0.236062,
        "nauc_precision_at_100_max": -0.017038,
        "nauc_precision_at_100_std": 0.437569,
        "nauc_precision_at_10_diff1": -0.237989,
        "nauc_precision_at_10_max": 0.040734,
        "nauc_precision_at_10_std": 0.400785,
        "nauc_precision_at_1_diff1": 0.50424,
        "nauc_precision_at_1_max": 0.469931,
        "nauc_precision_at_1_std": -0.001101,
        "nauc_precision_at_20_diff1": -0.254059,
        "nauc_precision_at_20_max": 0.023579,
        "nauc_precision_at_20_std": 0.456972,
        "nauc_precision_at_3_diff1": -0.052996,
        "nauc_precision_at_3_max": 0.183238,
        "nauc_precision_at_3_std": 0.224082,
        "nauc_precision_at_5_diff1": -0.147182,
        "nauc_precision_at_5_max": 0.071742,
        "nauc_precision_at_5_std": 0.321512,
        "nauc_recall_at_1000_diff1": 0.806368,
        "nauc_recall_at_1000_max": -0.170876,
        "nauc_recall_at_1000_std": -1.145183,
        "nauc_recall_at_100_diff1": 0.290929,
        "nauc_recall_at_100_max": 0.668805,
        "nauc_recall_at_100_std": 0.435621,
        "nauc_recall_at_10_diff1": 0.206335,
        "nauc_recall_at_10_max": 0.405725,
        "nauc_recall_at_10_std": -0.055664,
        "nauc_recall_at_1_diff1": 0.547677,
        "nauc_recall_at_1_max": 0.350847,
        "nauc_recall_at_1_std": -0.20351,
        "nauc_recall_at_20_diff1": 0.161024,
        "nauc_recall_at_20_max": 0.522958,
        "nauc_recall_at_20_std": 0.175472,
        "nauc_recall_at_3_diff1": 0.382099,
        "nauc_recall_at_3_max": 0.37984,
        "nauc_recall_at_3_std": -0.192121,
        "nauc_recall_at_5_diff1": 0.357227,
        "nauc_recall_at_5_max": 0.354536,
        "nauc_recall_at_5_std": -0.155773,
        "ndcg_at_1": 0.64789,
        "ndcg_at_10": 0.70315,
        "ndcg_at_100": 0.75526,
        "ndcg_at_1000": 0.76135,
        "ndcg_at_20": 0.73133,
        "ndcg_at_3": 0.6588,
        "ndcg_at_5": 0.67139,
        "precision_at_1": 0.64789,
        "precision_at_10": 0.18638,
        "precision_at_100": 0.02474,
        "precision_at_1000": 0.00256,
        "precision_at_20": 0.10775,
        "precision_at_3": 0.40063,
        "precision_at_5": 0.29859,
        "recall_at_1": 0.40696,
        "recall_at_10": 0.79588,
        "recall_at_100": 0.95957,
        "recall_at_1000": 0.99804,
        "recall_at_20": 0.87194,
        "recall_at_3": 0.60968,
        "recall_at_5": 0.69135
      }
    ]
  },
  "evaluation_time": 226490.07150912285,
  "kg_co2_emissions": null
}