{
  "dataset_revision": "fc24a3ce8f09746410daee3d5cd823ff7a0675b7",
  "task_name": "MrTidyRetrieval",
  "mteb_version": "1.14.15",
  "scores": {
    "test": [
      {
        "hf_subset": "korean",
        "languages": [
          "kor-Kore"
        ],
        "main_score": 0.47521,
        "map_at_1": 0.27633,
        "map_at_10": 0.40312,
        "map_at_100": 0.41514,
        "map_at_1000": 0.41546,
        "map_at_20": 0.41135,
        "map_at_3": 0.36012,
        "map_at_5": 0.38971,
        "mrr_at_1": 0.304038,
        "mrr_at_10": 0.429292,
        "mrr_at_100": 0.438822,
        "mrr_at_1000": 0.439071,
        "mrr_at_20": 0.436078,
        "mrr_at_3": 0.39034,
        "mrr_at_5": 0.417063,
        "nauc_map_at_1000_diff1": 0.33,
        "nauc_map_at_1000_max": 0.261137,
        "nauc_map_at_1000_std": 0.051804,
        "nauc_map_at_100_diff1": 0.329812,
        "nauc_map_at_100_max": 0.261138,
        "nauc_map_at_100_std": 0.051674,
        "nauc_map_at_10_diff1": 0.327485,
        "nauc_map_at_10_max": 0.260332,
        "nauc_map_at_10_std": 0.052308,
        "nauc_map_at_1_diff1": 0.414658,
        "nauc_map_at_1_max": 0.270305,
        "nauc_map_at_1_std": 0.002317,
        "nauc_map_at_20_diff1": 0.328807,
        "nauc_map_at_20_max": 0.262965,
        "nauc_map_at_20_std": 0.054461,
        "nauc_map_at_3_diff1": 0.342848,
        "nauc_map_at_3_max": 0.263213,
        "nauc_map_at_3_std": 0.037101,
        "nauc_map_at_5_diff1": 0.33322,
        "nauc_map_at_5_max": 0.262946,
        "nauc_map_at_5_std": 0.054604,
        "nauc_mrr_at_1000_diff1": 0.339113,
        "nauc_mrr_at_1000_max": 0.267072,
        "nauc_mrr_at_1000_std": 0.05746,
        "nauc_mrr_at_100_diff1": 0.339023,
        "nauc_mrr_at_100_max": 0.267144,
        "nauc_mrr_at_100_std": 0.057364,
        "nauc_mrr_at_10_diff1": 0.334401,
        "nauc_mrr_at_10_max": 0.265767,
        "nauc_mrr_at_10_std": 0.057863,
        "nauc_mrr_at_1_diff1": 0.414429,
        "nauc_mrr_at_1_max": 0.271867,
        "nauc_mrr_at_1_std": 0.012961,
        "nauc_mrr_at_20_diff1": 0.338041,
        "nauc_mrr_at_20_max": 0.268921,
        "nauc_mrr_at_20_std": 0.059408,
        "nauc_mrr_at_3_diff1": 0.347984,
        "nauc_mrr_at_3_max": 0.272175,
        "nauc_mrr_at_3_std": 0.054692,
        "nauc_mrr_at_5_diff1": 0.337642,
        "nauc_mrr_at_5_max": 0.263476,
        "nauc_mrr_at_5_std": 0.061831,
        "nauc_ndcg_at_1000_diff1": 0.31131,
        "nauc_ndcg_at_1000_max": 0.264391,
        "nauc_ndcg_at_1000_std": 0.073047,
        "nauc_ndcg_at_100_diff1": 0.306095,
        "nauc_ndcg_at_100_max": 0.264571,
        "nauc_ndcg_at_100_std": 0.070498,
        "nauc_ndcg_at_10_diff1": 0.292443,
        "nauc_ndcg_at_10_max": 0.263214,
        "nauc_ndcg_at_10_std": 0.077457,
        "nauc_ndcg_at_1_diff1": 0.414429,
        "nauc_ndcg_at_1_max": 0.271867,
        "nauc_ndcg_at_1_std": 0.012961,
        "nauc_ndcg_at_20_diff1": 0.299305,
        "nauc_ndcg_at_20_max": 0.274862,
        "nauc_ndcg_at_20_std": 0.086242,
        "nauc_ndcg_at_3_diff1": 0.326655,
        "nauc_ndcg_at_3_max": 0.267909,
        "nauc_ndcg_at_3_std": 0.055289,
        "nauc_ndcg_at_5_diff1": 0.306861,
        "nauc_ndcg_at_5_max": 0.263838,
        "nauc_ndcg_at_5_std": 0.083163,
        "nauc_precision_at_1000_diff1": -0.055237,
        "nauc_precision_at_1000_max": -0.009053,
        "nauc_precision_at_1000_std": 0.073576,
        "nauc_precision_at_100_diff1": -0.027875,
        "nauc_precision_at_100_max": 0.044663,
        "nauc_precision_at_100_std": 0.070165,
        "nauc_precision_at_10_diff1": 0.115002,
        "nauc_precision_at_10_max": 0.210409,
        "nauc_precision_at_10_std": 0.146446,
        "nauc_precision_at_1_diff1": 0.414429,
        "nauc_precision_at_1_max": 0.271867,
        "nauc_precision_at_1_std": 0.012961,
        "nauc_precision_at_20_diff1": 0.062029,
        "nauc_precision_at_20_max": 0.190688,
        "nauc_precision_at_20_std": 0.172733,
        "nauc_precision_at_3_diff1": 0.260257,
        "nauc_precision_at_3_max": 0.265781,
        "nauc_precision_at_3_std": 0.110537,
        "nauc_precision_at_5_diff1": 0.194404,
        "nauc_precision_at_5_max": 0.241594,
        "nauc_precision_at_5_std": 0.171693,
        "nauc_recall_at_1000_diff1": 0.024657,
        "nauc_recall_at_1000_max": 0.333453,
        "nauc_recall_at_1000_std": 0.575495,
        "nauc_recall_at_100_diff1": 0.096519,
        "nauc_recall_at_100_max": 0.273471,
        "nauc_recall_at_100_std": 0.177829,
        "nauc_recall_at_10_diff1": 0.139575,
        "nauc_recall_at_10_max": 0.256935,
        "nauc_recall_at_10_std": 0.157683,
        "nauc_recall_at_1_diff1": 0.414658,
        "nauc_recall_at_1_max": 0.270305,
        "nauc_recall_at_1_std": 0.002317,
        "nauc_recall_at_20_diff1": 0.137559,
        "nauc_recall_at_20_max": 0.330263,
        "nauc_recall_at_20_std": 0.233413,
        "nauc_recall_at_3_diff1": 0.266969,
        "nauc_recall_at_3_max": 0.263591,
        "nauc_recall_at_3_std": 0.087087,
        "nauc_recall_at_5_diff1": 0.207599,
        "nauc_recall_at_5_max": 0.254561,
        "nauc_recall_at_5_std": 0.162014,
        "ndcg_at_1": 0.30404,
        "ndcg_at_10": 0.47521,
        "ndcg_at_100": 0.5268,
        "ndcg_at_1000": 0.5359,
        "ndcg_at_20": 0.50275,
        "ndcg_at_3": 0.39307,
        "ndcg_at_5": 0.44387,
        "precision_at_1": 0.30404,
        "precision_at_10": 0.07625,
        "precision_at_100": 0.01048,
        "precision_at_1000": 0.00113,
        "precision_at_20": 0.04442,
        "precision_at_3": 0.16865,
        "precision_at_5": 0.12922,
        "recall_at_1": 0.27633,
        "recall_at_10": 0.67181,
        "recall_at_100": 0.89667,
        "recall_at_1000": 0.96873,
        "recall_at_20": 0.77553,
        "recall_at_3": 0.45962,
        "recall_at_5": 0.57878
      }
    ]
  },
  "evaluation_time": 225582.5116393566,
  "kg_co2_emissions": null
}