{
  "dataset_revision": "d67138e705d963e346253a80e59676ddb418810a",
  "task_name": "MultiLongDocRetrieval",
  "mteb_version": "1.14.15",
  "scores": {
    "dev": [
      {
        "hf_subset": "ko",
        "languages": [
          "kor-Hang"
        ],
        "main_score": 0.31021,
        "map_at_1": 0.205,
        "map_at_10": 0.27098,
        "map_at_100": 0.27647,
        "map_at_1000": 0.27733,
        "map_at_20": 0.2736,
        "map_at_3": 0.24583,
        "map_at_5": 0.26408,
        "mrr_at_1": 0.205,
        "mrr_at_10": 0.270978,
        "mrr_at_100": 0.276474,
        "mrr_at_1000": 0.27733,
        "mrr_at_20": 0.273599,
        "mrr_at_3": 0.245833,
        "mrr_at_5": 0.264083,
        "nauc_map_at_1000_diff1": 0.397333,
        "nauc_map_at_1000_max": 0.261775,
        "nauc_map_at_1000_std": -0.044565,
        "nauc_map_at_100_diff1": 0.397371,
        "nauc_map_at_100_max": 0.262109,
        "nauc_map_at_100_std": -0.04448,
        "nauc_map_at_10_diff1": 0.400812,
        "nauc_map_at_10_max": 0.266155,
        "nauc_map_at_10_std": -0.04871,
        "nauc_map_at_1_diff1": 0.397483,
        "nauc_map_at_1_max": 0.209182,
        "nauc_map_at_1_std": -0.073373,
        "nauc_map_at_20_diff1": 0.398556,
        "nauc_map_at_20_max": 0.263092,
        "nauc_map_at_20_std": -0.047028,
        "nauc_map_at_3_diff1": 0.38412,
        "nauc_map_at_3_max": 0.237978,
        "nauc_map_at_3_std": -0.082797,
        "nauc_map_at_5_diff1": 0.397229,
        "nauc_map_at_5_max": 0.260314,
        "nauc_map_at_5_std": -0.061615,
        "nauc_mrr_at_1000_diff1": 0.397333,
        "nauc_mrr_at_1000_max": 0.261775,
        "nauc_mrr_at_1000_std": -0.044565,
        "nauc_mrr_at_100_diff1": 0.397371,
        "nauc_mrr_at_100_max": 0.262109,
        "nauc_mrr_at_100_std": -0.04448,
        "nauc_mrr_at_10_diff1": 0.400812,
        "nauc_mrr_at_10_max": 0.266155,
        "nauc_mrr_at_10_std": -0.04871,
        "nauc_mrr_at_1_diff1": 0.397483,
        "nauc_mrr_at_1_max": 0.209182,
        "nauc_mrr_at_1_std": -0.073373,
        "nauc_mrr_at_20_diff1": 0.398556,
        "nauc_mrr_at_20_max": 0.263092,
        "nauc_mrr_at_20_std": -0.047028,
        "nauc_mrr_at_3_diff1": 0.38412,
        "nauc_mrr_at_3_max": 0.237978,
        "nauc_mrr_at_3_std": -0.082797,
        "nauc_mrr_at_5_diff1": 0.397229,
        "nauc_mrr_at_5_max": 0.260314,
        "nauc_mrr_at_5_std": -0.061615,
        "nauc_ndcg_at_1000_diff1": 0.401354,
        "nauc_ndcg_at_1000_max": 0.285079,
        "nauc_ndcg_at_1000_std": 0.004859,
        "nauc_ndcg_at_100_diff1": 0.400785,
        "nauc_ndcg_at_100_max": 0.29072,
        "nauc_ndcg_at_100_std": 0.007854,
        "nauc_ndcg_at_10_diff1": 0.414938,
        "nauc_ndcg_at_10_max": 0.30452,
        "nauc_ndcg_at_10_std": -0.015285,
        "nauc_ndcg_at_1_diff1": 0.397483,
        "nauc_ndcg_at_1_max": 0.209182,
        "nauc_ndcg_at_1_std": -0.073373,
        "nauc_ndcg_at_20_diff1": 0.406169,
        "nauc_ndcg_at_20_max": 0.292427,
        "nauc_ndcg_at_20_std": -0.011016,
        "nauc_ndcg_at_3_diff1": 0.384073,
        "nauc_ndcg_at_3_max": 0.252783,
        "nauc_ndcg_at_3_std": -0.084248,
        "nauc_ndcg_at_5_diff1": 0.405924,
        "nauc_ndcg_at_5_max": 0.290961,
        "nauc_ndcg_at_5_std": -0.046129,
        "nauc_precision_at_1000_diff1": 0.424488,
        "nauc_precision_at_1000_max": 0.388413,
        "nauc_precision_at_1000_std": 0.353003,
        "nauc_precision_at_100_diff1": 0.405941,
        "nauc_precision_at_100_max": 0.379998,
        "nauc_precision_at_100_std": 0.217632,
        "nauc_precision_at_10_diff1": 0.458028,
        "nauc_precision_at_10_max": 0.413577,
        "nauc_precision_at_10_std": 0.087494,
        "nauc_precision_at_1_diff1": 0.397483,
        "nauc_precision_at_1_max": 0.209182,
        "nauc_precision_at_1_std": -0.073373,
        "nauc_precision_at_20_diff1": 0.425011,
        "nauc_precision_at_20_max": 0.368345,
        "nauc_precision_at_20_std": 0.101364,
        "nauc_precision_at_3_diff1": 0.385061,
        "nauc_precision_at_3_max": 0.293442,
        "nauc_precision_at_3_std": -0.087676,
        "nauc_precision_at_5_diff1": 0.431262,
        "nauc_precision_at_5_max": 0.375297,
        "nauc_precision_at_5_std": -0.000771,
        "nauc_recall_at_1000_diff1": 0.424488,
        "nauc_recall_at_1000_max": 0.388413,
        "nauc_recall_at_1000_std": 0.353003,
        "nauc_recall_at_100_diff1": 0.405941,
        "nauc_recall_at_100_max": 0.379998,
        "nauc_recall_at_100_std": 0.217632,
        "nauc_recall_at_10_diff1": 0.458028,
        "nauc_recall_at_10_max": 0.413577,
        "nauc_recall_at_10_std": 0.087494,
        "nauc_recall_at_1_diff1": 0.397483,
        "nauc_recall_at_1_max": 0.209182,
        "nauc_recall_at_1_std": -0.073373,
        "nauc_recall_at_20_diff1": 0.425011,
        "nauc_recall_at_20_max": 0.368345,
        "nauc_recall_at_20_std": 0.101364,
        "nauc_recall_at_3_diff1": 0.385061,
        "nauc_recall_at_3_max": 0.293442,
        "nauc_recall_at_3_std": -0.087676,
        "nauc_recall_at_5_diff1": 0.431262,
        "nauc_recall_at_5_max": 0.375297,
        "nauc_recall_at_5_std": -0.000771,
        "ndcg_at_1": 0.205,
        "ndcg_at_10": 0.31021,
        "ndcg_at_100": 0.34194,
        "ndcg_at_1000": 0.36992,
        "ndcg_at_20": 0.32013,
        "ndcg_at_3": 0.26089,
        "ndcg_at_5": 0.29381,
        "precision_at_1": 0.205,
        "precision_at_10": 0.0435,
        "precision_at_100": 0.00595,
        "precision_at_1000": 0.00083,
        "precision_at_20": 0.02375,
        "precision_at_3": 0.10167,
        "precision_at_5": 0.077,
        "recall_at_1": 0.205,
        "recall_at_10": 0.435,
        "recall_at_100": 0.595,
        "recall_at_1000": 0.825,
        "recall_at_20": 0.475,
        "recall_at_3": 0.305,
        "recall_at_5": 0.385
      }
    ],
    "test": [
      {
        "hf_subset": "ko",
        "languages": [
          "kor-Hang"
        ],
        "main_score": 0.28278,
        "map_at_1": 0.2,
        "map_at_10": 0.25367,
        "map_at_100": 0.26251,
        "map_at_1000": 0.26325,
        "map_at_20": 0.25857,
        "map_at_3": 0.23833,
        "map_at_5": 0.24833,
        "mrr_at_1": 0.2,
        "mrr_at_10": 0.253671,
        "mrr_at_100": 0.262511,
        "mrr_at_1000": 0.263253,
        "mrr_at_20": 0.258569,
        "mrr_at_3": 0.238333,
        "mrr_at_5": 0.248333,
        "nauc_map_at_1000_diff1": 0.488464,
        "nauc_map_at_1000_max": 0.418482,
        "nauc_map_at_1000_std": 0.164912,
        "nauc_map_at_100_diff1": 0.488504,
        "nauc_map_at_100_max": 0.418739,
        "nauc_map_at_100_std": 0.1651,
        "nauc_map_at_10_diff1": 0.495165,
        "nauc_map_at_10_max": 0.417385,
        "nauc_map_at_10_std": 0.159711,
        "nauc_map_at_1_diff1": 0.54644,
        "nauc_map_at_1_max": 0.400823,
        "nauc_map_at_1_std": 0.104319,
        "nauc_map_at_20_diff1": 0.490483,
        "nauc_map_at_20_max": 0.417887,
        "nauc_map_at_20_std": 0.162119,
        "nauc_map_at_3_diff1": 0.493719,
        "nauc_map_at_3_max": 0.413007,
        "nauc_map_at_3_std": 0.141083,
        "nauc_map_at_5_diff1": 0.495018,
        "nauc_map_at_5_max": 0.425835,
        "nauc_map_at_5_std": 0.160114,
        "nauc_mrr_at_1000_diff1": 0.488464,
        "nauc_mrr_at_1000_max": 0.418482,
        "nauc_mrr_at_1000_std": 0.164912,
        "nauc_mrr_at_100_diff1": 0.488504,
        "nauc_mrr_at_100_max": 0.418739,
        "nauc_mrr_at_100_std": 0.1651,
        "nauc_mrr_at_10_diff1": 0.495165,
        "nauc_mrr_at_10_max": 0.417385,
        "nauc_mrr_at_10_std": 0.159711,
        "nauc_mrr_at_1_diff1": 0.54644,
        "nauc_mrr_at_1_max": 0.400823,
        "nauc_mrr_at_1_std": 0.104319,
        "nauc_mrr_at_20_diff1": 0.490483,
        "nauc_mrr_at_20_max": 0.417887,
        "nauc_mrr_at_20_std": 0.162119,
        "nauc_mrr_at_3_diff1": 0.493719,
        "nauc_mrr_at_3_max": 0.413007,