{
  "dataset_revision": "main",
  "task_name": "PublicHealthQA",
  "mteb_version": "1.14.15",
  "scores": {
    "test": [
      {
        "hf_subset": "korean",
        "languages": [
          "kor-Hang"
        ],
        "main_score": 0.87102,
        "map_at_1": 0.76623,
        "map_at_10": 0.83824,
        "map_at_100": 0.8405,
        "map_at_1000": 0.8405,
        "map_at_20": 0.8405,
        "map_at_3": 0.829,
        "map_at_5": 0.83225,
        "mrr_at_1": 0.766234,
        "mrr_at_10": 0.83824,
        "mrr_at_100": 0.840502,
        "mrr_at_1000": 0.840502,
        "mrr_at_20": 0.840502,
        "mrr_at_3": 0.829004,
        "mrr_at_5": 0.832251,
        "nauc_map_at_1000_diff1": 0.68851,
        "nauc_map_at_1000_max": 0.490453,
        "nauc_map_at_1000_std": -0.04313,
        "nauc_map_at_100_diff1": 0.68851,
        "nauc_map_at_100_max": 0.490453,
        "nauc_map_at_100_std": -0.04313,
        "nauc_map_at_10_diff1": 0.687204,
        "nauc_map_at_10_max": 0.486871,
        "nauc_map_at_10_std": -0.052176,
        "nauc_map_at_1_diff1": 0.705558,
        "nauc_map_at_1_max": 0.469159,
        "nauc_map_at_1_std": -0.049031,
        "nauc_map_at_20_diff1": 0.68851,
        "nauc_map_at_20_max": 0.490453,
        "nauc_map_at_20_std": -0.04313,
        "nauc_map_at_3_diff1": 0.693849,
        "nauc_map_at_3_max": 0.504194,
        "nauc_map_at_3_std": -0.017403,
        "nauc_map_at_5_diff1": 0.687458,
        "nauc_map_at_5_max": 0.493843,
        "nauc_map_at_5_std": -0.038643,
        "nauc_mrr_at_1000_diff1": 0.68851,
        "nauc_mrr_at_1000_max": 0.490453,
        "nauc_mrr_at_1000_std": -0.04313,
        "nauc_mrr_at_100_diff1": 0.68851,
        "nauc_mrr_at_100_max": 0.490453,
        "nauc_mrr_at_100_std": -0.04313,
        "nauc_mrr_at_10_diff1": 0.687204,
        "nauc_mrr_at_10_max": 0.486871,
        "nauc_mrr_at_10_std": -0.052176,
        "nauc_mrr_at_1_diff1": 0.705558,
        "nauc_mrr_at_1_max": 0.469159,
        "nauc_mrr_at_1_std": -0.049031,
        "nauc_mrr_at_20_diff1": 0.68851,
        "nauc_mrr_at_20_max": 0.490453,
        "nauc_mrr_at_20_std": -0.04313,
        "nauc_mrr_at_3_diff1": 0.693849,
        "nauc_mrr_at_3_max": 0.504194,
        "nauc_mrr_at_3_std": -0.017403,
        "nauc_mrr_at_5_diff1": 0.687458,
        "nauc_mrr_at_5_max": 0.493843,
        "nauc_mrr_at_5_std": -0.038643,
        "nauc_ndcg_at_1000_diff1": 0.687507,
        "nauc_ndcg_at_1000_max": 0.490752,
        "nauc_ndcg_at_1000_std": -0.04448,
        "nauc_ndcg_at_100_diff1": 0.687507,
        "nauc_ndcg_at_100_max": 0.490752,
        "nauc_ndcg_at_100_std": -0.04448,
        "nauc_ndcg_at_10_diff1": 0.682854,
        "nauc_ndcg_at_10_max": 0.475372,
        "nauc_ndcg_at_10_std": -0.081668,
        "nauc_ndcg_at_1_diff1": 0.705558,
        "nauc_ndcg_at_1_max": 0.469159,
        "nauc_ndcg_at_1_std": -0.049031,
        "nauc_ndcg_at_20_diff1": 0.687507,
        "nauc_ndcg_at_20_max": 0.490752,
        "nauc_ndcg_at_20_std": -0.04448,
        "nauc_ndcg_at_3_diff1": 0.696742,
        "nauc_ndcg_at_3_max": 0.516282,
        "nauc_ndcg_at_3_std": 0.001959,
        "nauc_ndcg_at_5_diff1": 0.684249,
        "nauc_ndcg_at_5_max": 0.496356,
        "nauc_ndcg_at_5_std": -0.039154,
        "nauc_precision_at_1000_diff1": NaN,
        "nauc_precision_at_1000_max": NaN,
        "nauc_precision_at_1000_std": NaN,
        "nauc_precision_at_100_diff1": 1.0,
        "nauc_precision_at_100_max": 1.0,
        "nauc_precision_at_100_std": 1.0,
        "nauc_precision_at_10_diff1": 0.613314,
        "nauc_precision_at_10_max": 0.219778,
        "nauc_precision_at_10_std": -0.686313,
        "nauc_precision_at_1_diff1": 0.705558,
        "nauc_precision_at_1_max": 0.469159,
        "nauc_precision_at_1_std": -0.049031,
        "nauc_precision_at_20_diff1": 1.0,
        "nauc_precision_at_20_max": 1.0,
        "nauc_precision_at_20_std": 1.0,
        "nauc_precision_at_3_diff1": 0.715443,
        "nauc_precision_at_3_max": 0.575032,
        "nauc_precision_at_3_std": 0.101724,
        "nauc_precision_at_5_diff1": 0.668017,
        "nauc_precision_at_5_max": 0.504204,
        "nauc_precision_at_5_std": -0.047989,
        "nauc_recall_at_1000_diff1": NaN,
        "nauc_recall_at_1000_max": NaN,
        "nauc_recall_at_1000_std": NaN,
        "nauc_recall_at_100_diff1": NaN,
        "nauc_recall_at_100_max": NaN,
        "nauc_recall_at_100_std": NaN,
        "nauc_recall_at_10_diff1": 0.613314,
        "nauc_recall_at_10_max": 0.219778,
        "nauc_recall_at_10_std": -0.686313,
        "nauc_recall_at_1_diff1": 0.705558,
        "nauc_recall_at_1_max": 0.469159,
        "nauc_recall_at_1_std": -0.049031,
        "nauc_recall_at_20_diff1": NaN,
        "nauc_recall_at_20_max": NaN,
        "nauc_recall_at_20_std": NaN,
        "nauc_recall_at_3_diff1": 0.715443,
        "nauc_recall_at_3_max": 0.575032,
        "nauc_recall_at_3_std": 0.101724,
        "nauc_recall_at_5_diff1": 0.668017,
        "nauc_recall_at_5_max": 0.504204,
        "nauc_recall_at_5_std": -0.047989,
        "ndcg_at_1": 0.76623,
        "ndcg_at_10": 0.87102,
        "ndcg_at_100": 0.87815,
        "ndcg_at_1000": 0.87815,
        "ndcg_at_20": 0.87815,
        "ndcg_at_3": 0.84957,
        "ndcg_at_5": 0.85516,
        "precision_at_1": 0.76623,
        "precision_at_10": 0.0974,
        "precision_at_100": 0.01,
        "precision_at_1000": 0.001,
        "precision_at_20": 0.05,
        "precision_at_3": 0.30303,
        "precision_at_5": 0.18442,
        "recall_at_1": 0.76623,
        "recall_at_10": 0.97403,
        "recall_at_100": 1.0,
        "recall_at_1000": 1.0,
        "recall_at_20": 1.0,
        "recall_at_3": 0.90909,
        "recall_at_5": 0.92208
      }
    ]
  },
  "evaluation_time": 13.149690628051758,
  "kg_co2_emissions": null
}