{
  "dataset_revision": "c99d599f0a6ab9b85b065da6f9d94f9cf731679f",
  "task_name": "XPQARetrieval",
  "mteb_version": "1.14.15",
  "scores": {
    "test": [
      {
        "hf_subset": "kor-kor",
        "languages": [
          "kor-Hang",
          "kor-Hang"
        ],
        "main_score": 0.37446,
        "map_at_1": 0.20971,
        "map_at_10": 0.32866,
        "map_at_100": 0.34424,
        "map_at_1000": 0.34533,
        "map_at_20": 0.33707,
        "map_at_3": 0.29453,
        "map_at_5": 0.31455,
        "mrr_at_1": 0.293578,
        "mrr_at_10": 0.362005,
        "mrr_at_100": 0.374016,
        "mrr_at_1000": 0.374686,
        "mrr_at_20": 0.368766,
        "mrr_at_3": 0.340979,
        "mrr_at_5": 0.352752,
        "nauc_map_at_1000_diff1": 0.453781,
        "nauc_map_at_1000_max": 0.047594,
        "nauc_map_at_1000_std": -0.34017,
        "nauc_map_at_100_diff1": 0.453291,
        "nauc_map_at_100_max": 0.04758,
        "nauc_map_at_100_std": -0.339962,
        "nauc_map_at_10_diff1": 0.457717,
        "nauc_map_at_10_max": 0.050973,
        "nauc_map_at_10_std": -0.341319,
        "nauc_map_at_1_diff1": 0.551835,
        "nauc_map_at_1_max": 0.073771,
        "nauc_map_at_1_std": -0.268098,
        "nauc_map_at_20_diff1": 0.45476,
        "nauc_map_at_20_max": 0.046887,
        "nauc_map_at_20_std": -0.342682,
        "nauc_map_at_3_diff1": 0.467984,
        "nauc_map_at_3_max": 0.057905,
        "nauc_map_at_3_std": -0.3221,
        "nauc_map_at_5_diff1": 0.460134,
        "nauc_map_at_5_max": 0.053271,
        "nauc_map_at_5_std": -0.335675,
        "nauc_mrr_at_1000_diff1": 0.481861,
        "nauc_mrr_at_1000_max": 0.036888,
        "nauc_mrr_at_1000_std": -0.356431,
        "nauc_mrr_at_100_diff1": 0.481438,
        "nauc_mrr_at_100_max": 0.036799,
        "nauc_mrr_at_100_std": -0.356172,
        "nauc_mrr_at_10_diff1": 0.482587,
        "nauc_mrr_at_10_max": 0.036187,
        "nauc_mrr_at_10_std": -0.359584,
        "nauc_mrr_at_1_diff1": 0.523035,
        "nauc_mrr_at_1_max": 0.065878,
        "nauc_mrr_at_1_std": -0.328595,
        "nauc_mrr_at_20_diff1": 0.481902,
        "nauc_mrr_at_20_max": 0.036476,
        "nauc_mrr_at_20_std": -0.358161,
        "nauc_mrr_at_3_diff1": 0.49052,
        "nauc_mrr_at_3_max": 0.036615,
        "nauc_mrr_at_3_std": -0.356406,
        "nauc_mrr_at_5_diff1": 0.482416,
        "nauc_mrr_at_5_max": 0.033648,
        "nauc_mrr_at_5_std": -0.359632,
        "nauc_ndcg_at_1000_diff1": 0.44509,
        "nauc_ndcg_at_1000_max": 0.042532,
        "nauc_ndcg_at_1000_std": -0.341357,
        "nauc_ndcg_at_100_diff1": 0.43006,
        "nauc_ndcg_at_100_max": 0.044136,
        "nauc_ndcg_at_100_std": -0.328614,
        "nauc_ndcg_at_10_diff1": 0.44712,
        "nauc_ndcg_at_10_max": 0.040902,
        "nauc_ndcg_at_10_std": -0.358411,
        "nauc_ndcg_at_1_diff1": 0.523035,
        "nauc_ndcg_at_1_max": 0.065878,
        "nauc_ndcg_at_1_std": -0.328595,
        "nauc_ndcg_at_20_diff1": 0.438742,
        "nauc_ndcg_at_20_max": 0.032308,
        "nauc_ndcg_at_20_std": -0.358737,
        "nauc_ndcg_at_3_diff1": 0.464123,
        "nauc_ndcg_at_3_max": 0.040281,
        "nauc_ndcg_at_3_std": -0.344666,
        "nauc_ndcg_at_5_diff1": 0.4504,
        "nauc_ndcg_at_5_max": 0.039796,
        "nauc_ndcg_at_5_std": -0.35118,
        "nauc_precision_at_1000_diff1": -0.070411,
        "nauc_precision_at_1000_max": 0.014658,
        "nauc_precision_at_1000_std": -0.039924,
        "nauc_precision_at_100_diff1": -0.005614,
        "nauc_precision_at_100_max": 0.027913,
        "nauc_precision_at_100_std": -0.080661,
        "nauc_precision_at_10_diff1": 0.204858,
        "nauc_precision_at_10_max": -0.019954,
        "nauc_precision_at_10_std": -0.348818,
        "nauc_precision_at_1_diff1": 0.523035,
        "nauc_precision_at_1_max": 0.065878,
        "nauc_precision_at_1_std": -0.328595,
        "nauc_precision_at_20_diff1": 0.14562,
        "nauc_precision_at_20_max": -0.037065,
        "nauc_precision_at_20_std": -0.313815,
        "nauc_precision_at_3_diff1": 0.279395,
        "nauc_precision_at_3_max": 0.012841,
        "nauc_precision_at_3_std": -0.340797,
        "nauc_precision_at_5_diff1": 0.237496,
        "nauc_precision_at_5_max": -0.009767,
        "nauc_precision_at_5_std": -0.350235,
        "nauc_recall_at_1000_diff1": NaN,
        "nauc_recall_at_1000_max": NaN,
        "nauc_recall_at_1000_std": NaN,
        "nauc_recall_at_100_diff1": 0.215283,
        "nauc_recall_at_100_max": 0.071069,
        "nauc_recall_at_100_std": -0.127409,
        "nauc_recall_at_10_diff1": 0.38412,
        "nauc_recall_at_10_max": 0.035129,
        "nauc_recall_at_10_std": -0.367996,
        "nauc_recall_at_1_diff1": 0.551835,
        "nauc_recall_at_1_max": 0.073771,
        "nauc_recall_at_1_std": -0.268098,
        "nauc_recall_at_20_diff1": 0.346528,
        "nauc_recall_at_20_max": 0.001758,
        "nauc_recall_at_20_std": -0.36612,
        "nauc_recall_at_3_diff1": 0.423953,
        "nauc_recall_at_3_max": 0.027698,
        "nauc_recall_at_3_std": -0.337456,
        "nauc_recall_at_5_diff1": 0.394031,
        "nauc_recall_at_5_max": 0.024066,
        "nauc_recall_at_5_std": -0.355503,
        "ndcg_at_1": 0.29358,
        "ndcg_at_10": 0.37446,
        "ndcg_at_100": 0.44885,
        "ndcg_at_1000": 0.47516,
        "ndcg_at_20": 0.40232,
        "ndcg_at_3": 0.32326,
        "ndcg_at_5": 0.34683,
        "precision_at_1": 0.29358,
        "precision_at_10": 0.07768,
        "precision_at_100": 0.01292,
        "precision_at_1000": 0.00156,
        "precision_at_20": 0.04633,
        "precision_at_3": 0.18298,
        "precision_at_5": 0.1315,
        "recall_at_1": 0.20971,
        "recall_at_10": 0.47617,
        "recall_at_100": 0.80466,
        "recall_at_1000": 1.0,
        "recall_at_20": 0.5777,
        "recall_at_3": 0.34182,
        "recall_at_5": 0.40038
      },
      {
        "hf_subset": "eng-kor",
        "languages": [
          "eng-Latn",
          "kor-Hang"
        ],
        "main_score": 0.34661,
        "map_at_1": 0.16825,
        "map_at_10": 0.29036,
        "map_at_100": 0.30859,
        "map_at_1000": 0.31046,
        "map_at_20": 0.3002,
        "map_at_3": 0.24643,
        "map_at_5": 0.27468,
        "mrr_at_1": 0.287462,
        "mrr_at_10": 0.361745,
        "mrr_at_100": 0.374091,
        "mrr_at_1000": 0.374864,
        "mrr_at_20": 0.368961,
        "mrr_at_3": 0.33894,
        "mrr_at_5": 0.351784,
        "nauc_map_at_1000_diff1": 0.434087,
        "nauc_map_at_1000_max": -0.078105,
        "nauc_map_at_1000_std": -0.372621,
        "nauc_map_at_100_diff1": 0.433727,
        "nauc_map_at_100_max": -0.078987,
        "nauc_map_at_100_std": -0.373451,
        "nauc_map_at_10_diff1": 0.430071,
        "nauc_map_at_10_max": -0.080844,
        "nauc_map_at_10_std": -0.375566,
        "nauc_map_at_1_diff1": 0.471855,
        "nauc_map_at_1_max": -0.080103,
        "nauc_map_at_1_std": -0.308608,
        "nauc_map_at_20_diff1": 0.432731,
        "nauc_map_at_20_max": -0.081544,
        "nauc_map_at_20_std": -0.377134,
        "nauc_map_at_3_diff1": 0.439992,
        "nauc_map_at_3_max": -0.07177,
        "nauc_map_at_3_std": -0.356097,
        "nauc_map_at_5_diff1": 0.433152,
        "nauc_map_at_5_max": -0.079624,
        "nauc_map_at_5_std": -0.368613,
        "nauc_mrr_at_1000_diff1": 0.457787,
        "nauc_mrr_at_1000_max": -0.090933,
        "nauc_mrr_at_1000_std": -0.398043,
        "nauc_mrr_at_100_diff1": 0.457515,
        "nauc_mrr_at_100_max": -0.090909,
        "nauc_mrr_at_100_std": -0.397881,
        "nauc_mrr_at_10_diff1": 0.4566,
        "nauc_mrr_at_10_max": -0.094574,
        "nauc_mrr_at_10_std": -0.402633,
        "nauc_mrr_at_1_diff1": 0.520055,
        "nauc_mrr_at_1_max": -0.078904,
        "nauc_mrr_at_1_std": -0.393364,
        "nauc_mrr_at_20_diff1": 0.457138,
        "nauc_mrr_at_20_max": -0.091163,
        "nauc_mrr_at_20_std": -0.399277,